Watching for file changes with StatReloader
Watching for file changes with StatReloader
Waiting for apps ready_event.
Waiting for apps ready_event.
Apps ready_event triggered. Sending autoreload_started signal.
Apps ready_event triggered. Sending autoreload_started signal.
Watching dir C:\Users\MARKtech\Desktop\django1\djangoapp\my_app\templates with glob **/*.
Watching dir C:\Users\MARKtech\Desktop\django1\djangoapp\my_app\templates with glob **/*.
Watching dir C:\Users\MARKtech\Desktop\django1\djangoapp\templates with glob **/*.
Watching dir C:\Users\MARKtech\Desktop\django1\djangoapp\templates with glob **/*.
Watching dir C:\Users\MARKtech\Desktop\django1\djangoapp\locale with glob **/*.mo.
Watching dir C:\Users\MARKtech\Desktop\django1\djangoapp\locale with glob **/*.mo.
Watching dir C:\Users\MARKtech\Desktop\django1\djangoapp\my_app\locale with glob **/*.mo.
Watching dir C:\Users\MARKtech\Desktop\django1\djangoapp\my_app\locale with glob **/*.mo.
(0.047) 
                SELECT VERSION(),
                       @@sql_mode,
                       @@default_storage_engine,
                       @@sql_auto_is_null,
                       @@lower_case_table_names,
                       CONVERT_TZ('2001-01-01 01:00:00', 'UTC', 'UTC') IS NOT NULL
            ; args=None; alias=default
(0.047) 
                SELECT VERSION(),
                       @@sql_mode,
                       @@default_storage_engine,
                       @@sql_auto_is_null,
                       @@lower_case_table_names,
                       CONVERT_TZ('2001-01-01 01:00:00', 'UTC', 'UTC') IS NOT NULL
            ; args=None; alias=default
(0.000) SET SESSION TRANSACTION ISOLATION LEVEL READ COMMITTED; args=None; alias=default
(0.000) SET SESSION TRANSACTION ISOLATION LEVEL READ COMMITTED; args=None; alias=default
(0.031) 
            SELECT
                table_name,
                table_type,
                table_comment
            FROM information_schema.tables
            WHERE table_schema = DATABASE()
            ; args=None; alias=default
(0.031) 
            SELECT
                table_name,
                table_type,
                table_comment
            FROM information_schema.tables
            WHERE table_schema = DATABASE()
            ; args=None; alias=default
(0.047) SELECT `django_migrations`.`id`, `django_migrations`.`app`, `django_migrations`.`name`, `django_migrations`.`applied` FROM `django_migrations`; args=(); alias=default
(0.047) SELECT `django_migrations`.`id`, `django_migrations`.`app`, `django_migrations`.`name`, `django_migrations`.`applied` FROM `django_migrations`; args=(); alias=default
File C:\Users\MARKtech\AppData\Local\Programs\Python\Python312\Lib\email\encoders.py first seen with mtime 1712674218.0
File C:\Users\MARKtech\AppData\Local\Programs\Python\Python312\Lib\email\encoders.py first seen with mtime 1712674218.0
File C:\Users\MARKtech\AppData\Local\Programs\Python\Python312\Lib\site-packages\MySQLdb\constants\FIELD_TYPE.py first seen with mtime 1720572393.4103205
File C:\Users\MARKtech\AppData\Local\Programs\Python\Python312\Lib\site-packages\MySQLdb\constants\FIELD_TYPE.py first seen with mtime 1720572393.4103205
File C:\Users\MARKtech\AppData\Local\Programs\Python\Python312\Lib\site-packages\django\contrib\sites\requests.py first seen with mtime 1717559440.612231
File C:\Users\MARKtech\AppData\Local\Programs\Python\Python312\Lib\site-packages\django\contrib\sites\requests.py first seen with mtime 1717559440.612231
File C:\Users\MARKtech\AppData\Local\Programs\Python\Python312\Lib\site-packages\django\db\models\fields\__init__.py first seen with mtime 1717559443.8566413
File C:\Users\MARKtech\AppData\Local\Programs\Python\Python312\Lib\site-packages\django\db\models\fields\__init__.py first seen with mtime 1717559443.8566413
File C:\Users\MARKtech\AppData\Local\Programs\Python\Python312\Lib\site-packages\MySQLdb\constants\__init__.py first seen with mtime 1720572393.425949
File C:\Users\MARKtech\AppData\Local\Programs\Python\Python312\Lib\site-packages\MySQLdb\constants\__init__.py first seen with mtime 1720572393.425949
File C:\Users\MARKtech\AppData\Local\Programs\Python\Python312\Lib\site-packages\django\templatetags\tz.py first seen with mtime 1717559445.4570775
File C:\Users\MARKtech\AppData\Local\Programs\Python\Python312\Lib\site-packages\django\templatetags\tz.py first seen with mtime 1717559445.4570775
File C:\Users\MARKtech\AppData\Local\Programs\Python\Python312\Lib\site-packages\django\views\generic\edit.py first seen with mtime 1717559446.6166992
File C:\Users\MARKtech\AppData\Local\Programs\Python\Python312\Lib\site-packages\django\views\generic\edit.py first seen with mtime 1717559446.6166992
File C:\Users\MARKtech\AppData\Local\Programs\Python\Python312\Lib\site-packages\django\__init__.py first seen with mtime 1717559408.9464862
File C:\Users\MARKtech\AppData\Local\Programs\Python\Python312\Lib\site-packages\django\__init__.py first seen with mtime 1717559408.9464862
File C:\Users\MARKtech\AppData\Local\Programs\Python\Python312\Lib\site-packages\django\template\utils.py first seen with mtime 1717559445.269575
File C:\Users\MARKtech\AppData\Local\Programs\Python\Python312\Lib\site-packages\django\template\utils.py first seen with mtime 1717559445.269575
File C:\Users\MARKtech\AppData\Local\Programs\Python\Python312\Lib\site-packages\django\contrib\admin\exceptions.py first seen with mtime 1717559413.196721
File C:\Users\MARKtech\AppData\Local\Programs\Python\Python312\Lib\site-packages\django\contrib\admin\exceptions.py first seen with mtime 1717559413.196721
File C:\Users\MARKtech\AppData\Local\Programs\Python\Python312\Lib\site-packages\django\utils\choices.py first seen with mtime 1717559445.7087955
File C:\Users\MARKtech\AppData\Local\Programs\Python\Python312\Lib\site-packages\django\utils\choices.py first seen with mtime 1717559445.7087955
File C:\Users\MARKtech\AppData\Local\Programs\Python\Python312\Lib\site-packages\django\db\migrations\migration.py first seen with mtime 1717559443.6691425
File C:\Users\MARKtech\AppData\Local\Programs\Python\Python312\Lib\site-packages\django\db\migrations\migration.py first seen with mtime 1717559443.6691425
File C:\Users\MARKtech\AppData\Local\Programs\Python\Python312\Lib\asyncio\log.py first seen with mtime 1712674218.0
File C:\Users\MARKtech\AppData\Local\Programs\Python\Python312\Lib\asyncio\log.py first seen with mtime 1712674218.0
File C:\Users\MARKtech\AppData\Local\Programs\Python\Python312\Lib\site-packages\django\core\serializers\__init__.py first seen with mtime 1717559443.200222
File C:\Users\MARKtech\AppData\Local\Programs\Python\Python312\Lib\site-packages\django\core\serializers\__init__.py first seen with mtime 1717559443.200222
File C:\Users\MARKtech\AppData\Local\Programs\Python\Python312\DLLs\_lzma.pyd first seen with mtime 1712674262.0
File C:\Users\MARKtech\AppData\Local\Programs\Python\Python312\DLLs\_lzma.pyd first seen with mtime 1712674262.0
File C:\Users\MARKtech\AppData\Local\Programs\Python\Python312\Lib\site-packages\django\contrib\admin\decorators.py first seen with mtime 1717559413.1810825
File C:\Users\MARKtech\AppData\Local\Programs\Python\Python312\Lib\site-packages\django\contrib\admin\decorators.py first seen with mtime 1717559413.1810825
File C:\Users\MARKtech\AppData\Local\Programs\Python\Python312\DLLs\_zoneinfo.pyd first seen with mtime 1712674262.0
File C:\Users\MARKtech\AppData\Local\Programs\Python\Python312\DLLs\_zoneinfo.pyd first seen with mtime 1712674262.0
File C:\Users\MARKtech\AppData\Local\Programs\Python\Python312\Lib\site-packages\django\contrib\contenttypes\apps.py first seen with mtime 1717559424.2621636
File C:\Users\MARKtech\AppData\Local\Programs\Python\Python312\Lib\site-packages\django\contrib\contenttypes\apps.py first seen with mtime 1717559424.2621636
File C:\Users\MARKtech\AppData\Local\Programs\Python\Python312\Lib\site-packages\django\forms\fields.py first seen with mtime 1717559444.0285244
File C:\Users\MARKtech\AppData\Local\Programs\Python\Python312\Lib\site-packages\django\forms\fields.py first seen with mtime 1717559444.0285244
File C:\Users\MARKtech\AppData\Local\Programs\Python\Python312\Lib\site-packages\django\contrib\staticfiles\finders.py first seen with mtime 1717559442.4614036
File C:\Users\MARKtech\AppData\Local\Programs\Python\Python312\Lib\site-packages\django\contrib\staticfiles\finders.py first seen with mtime 1717559442.4614036
File C:\Users\MARKtech\AppData\Local\Programs\Python\Python312\Lib\nturl2path.py first seen with mtime 1712674218.0
File C:\Users\MARKtech\AppData\Local\Programs\Python\Python312\Lib\nturl2path.py first seen with mtime 1712674218.0
File C:\Users\MARKtech\AppData\Local\Programs\Python\Python312\Lib\site-packages\django\utils\ipv6.py first seen with mtime 1717559446.0212638
File C:\Users\MARKtech\AppData\Local\Programs\Python\Python312\Lib\site-packages\django\utils\ipv6.py first seen with mtime 1717559446.0212638
File C:\Users\MARKtech\AppData\Local\Programs\Python\Python312\Lib\site-packages\django\contrib\admin\filters.py first seen with mtime 1717559413.196721
File C:\Users\MARKtech\AppData\Local\Programs\Python\Python312\Lib\site-packages\django\contrib\admin\filters.py first seen with mtime 1717559413.196721
File C:\Users\MARKtech\AppData\Local\Programs\Python\Python312\Lib\pickle.py first seen with mtime 1712674218.0
File C:\Users\MARKtech\AppData\Local\Programs\Python\Python312\Lib\pickle.py first seen with mtime 1712674218.0
File C:\Users\MARKtech\AppData\Local\Programs\Python\Python312\Lib\site-packages\django\templatetags\__init__.py first seen with mtime 1717559445.4102085
File C:\Users\MARKtech\AppData\Local\Programs\Python\Python312\Lib\site-packages\django\templatetags\__init__.py first seen with mtime 1717559445.4102085
File C:\Users\MARKtech\AppData\Local\Programs\Python\Python312\Lib\site-packages\django\contrib\admin\templatetags\admin_urls.py first seen with mtime 1717559419.3580394
File C:\Users\MARKtech\AppData\Local\Programs\Python\Python312\Lib\site-packages\django\contrib\admin\templatetags\admin_urls.py first seen with mtime 1717559419.3580394
File C:\Users\MARKtech\AppData\Local\Programs\Python\Python312\Lib\asyncio\runners.py first seen with mtime 1712674218.0
File C:\Users\MARKtech\AppData\Local\Programs\Python\Python312\Lib\asyncio\runners.py first seen with mtime 1712674218.0
File C:\Users\MARKtech\AppData\Local\Programs\Python\Python312\Lib\asyncio\futures.py first seen with mtime 1712674218.0
File C:\Users\MARKtech\AppData\Local\Programs\Python\Python312\Lib\asyncio\futures.py first seen with mtime 1712674218.0
File C:\Users\MARKtech\AppData\Local\Programs\Python\Python312\Lib\site-packages\django\core\checks\caches.py first seen with mtime 1717559442.682071
File C:\Users\MARKtech\AppData\Local\Programs\Python\Python312\Lib\site-packages\django\core\checks\caches.py first seen with mtime 1717559442.682071
File C:\Users\MARKtech\AppData\Local\Programs\Python\Python312\Lib\site-packages\django\core\handlers\exception.py first seen with mtime 1717559442.9008212
File C:\Users\MARKtech\AppData\Local\Programs\Python\Python312\Lib\site-packages\django\core\handlers\exception.py first seen with mtime 1717559442.9008212
File C:\Users\MARKtech\AppData\Local\Programs\Python\Python312\Lib\site-packages\django\db\models\sql\query.py first seen with mtime 1717559443.9816403
File C:\Users\MARKtech\AppData\Local\Programs\Python\Python312\Lib\site-packages\django\db\models\sql\query.py first seen with mtime 1717559443.9816403
File C:\Users\MARKtech\AppData\Local\Programs\Python\Python312\Lib\site-packages\django\core\management\base.py first seen with mtime 1717559442.9945984
File C:\Users\MARKtech\AppData\Local\Programs\Python\Python312\Lib\site-packages\django\core\management\base.py first seen with mtime 1717559442.9945984
File C:\Users\MARKtech\AppData\Local\Programs\Python\Python312\Lib\site-packages\django\utils\inspect.py first seen with mtime 1717559446.0056458
File C:\Users\MARKtech\AppData\Local\Programs\Python\Python312\Lib\site-packages\django\utils\inspect.py first seen with mtime 1717559446.0056458
File C:\Users\MARKtech\AppData\Local\Programs\Python\Python312\Lib\site-packages\MySQLdb\times.py first seen with mtime 1720572393.3946962
File C:\Users\MARKtech\AppData\Local\Programs\Python\Python312\Lib\site-packages\MySQLdb\times.py first seen with mtime 1720572393.3946962
File C:\Users\MARKtech\AppData\Local\Programs\Python\Python312\Lib\site-packages\django\db\models\indexes.py first seen with mtime 1717559443.7941315
File C:\Users\MARKtech\AppData\Local\Programs\Python\Python312\Lib\site-packages\django\db\models\indexes.py first seen with mtime 1717559443.7941315
File C:\Users\MARKtech\AppData\Local\Programs\Python\Python312\Lib\site-packages\django\contrib\admin\templatetags\admin_list.py first seen with mtime 1717559419.342414
File C:\Users\MARKtech\AppData\Local\Programs\Python\Python312\Lib\site-packages\django\contrib\admin\templatetags\admin_list.py first seen with mtime 1717559419.342414
File C:\Users\MARKtech\AppData\Local\Programs\Python\Python312\Lib\site-packages\django\db\models\base.py first seen with mtime 1717559443.7628896
File C:\Users\MARKtech\AppData\Local\Programs\Python\Python312\Lib\site-packages\django\db\models\base.py first seen with mtime 1717559443.7628896
File C:\Users\MARKtech\AppData\Local\Programs\Python\Python312\Lib\site-packages\django\core\checks\security\__init__.py first seen with mtime 1717559442.760224
File C:\Users\MARKtech\AppData\Local\Programs\Python\Python312\Lib\site-packages\django\core\checks\security\__init__.py first seen with mtime 1717559442.760224
File C:\Users\MARKtech\AppData\Local\Programs\Python\Python312\Lib\site-packages\django\urls\utils.py first seen with mtime 1717559445.5977015
File C:\Users\MARKtech\AppData\Local\Programs\Python\Python312\Lib\site-packages\django\urls\utils.py first seen with mtime 1717559445.5977015
File C:\Users\MARKtech\AppData\Local\Programs\Python\Python312\Lib\site-packages\MySQLdb\constants\CLIENT.py first seen with mtime 1720572393.3946962
File C:\Users\MARKtech\AppData\Local\Programs\Python\Python312\Lib\site-packages\MySQLdb\constants\CLIENT.py first seen with mtime 1720572393.3946962
File C:\Users\MARKtech\AppData\Local\Programs\Python\Python312\Lib\site-packages\django\views\generic\__init__.py first seen with mtime 1717559446.585439
File C:\Users\MARKtech\AppData\Local\Programs\Python\Python312\Lib\site-packages\django\views\generic\__init__.py first seen with mtime 1717559446.585439
File C:\Users\MARKtech\AppData\Local\Programs\Python\Python312\Lib\email\__init__.py first seen with mtime 1712674218.0
File C:\Users\MARKtech\AppData\Local\Programs\Python\Python312\Lib\email\__init__.py first seen with mtime 1712674218.0
File C:\Users\MARKtech\AppData\Local\Programs\Python\Python312\DLLs\_ctypes.pyd first seen with mtime 1712674262.0
File C:\Users\MARKtech\AppData\Local\Programs\Python\Python312\DLLs\_ctypes.pyd first seen with mtime 1712674262.0
File C:\Users\MARKtech\AppData\Local\Programs\Python\Python312\Lib\site-packages\django\contrib\staticfiles\management\commands\runserver.py first seen with mtime 1717559442.5258057
File C:\Users\MARKtech\AppData\Local\Programs\Python\Python312\Lib\site-packages\django\contrib\staticfiles\management\commands\runserver.py first seen with mtime 1717559442.5258057
File C:\Users\MARKtech\AppData\Local\Programs\Python\Python312\Lib\site-packages\django\db\backends\base\introspection.py first seen with mtime 1717559443.3408375
File C:\Users\MARKtech\AppData\Local\Programs\Python\Python312\Lib\site-packages\django\db\backends\base\introspection.py first seen with mtime 1717559443.3408375
File C:\Users\MARKtech\AppData\Local\Programs\Python\Python312\Lib\site-packages\sqlparse\tokens.py first seen with mtime 1717559404.275766
File C:\Users\MARKtech\AppData\Local\Programs\Python\Python312\Lib\site-packages\sqlparse\tokens.py first seen with mtime 1717559404.275766
File C:\Users\MARKtech\AppData\Local\Programs\Python\Python312\Lib\asyncio\taskgroups.py first seen with mtime 1712674218.0
File C:\Users\MARKtech\AppData\Local\Programs\Python\Python312\Lib\asyncio\taskgroups.py first seen with mtime 1712674218.0
File C:\Users\MARKtech\AppData\Local\Programs\Python\Python312\Lib\email\utils.py first seen with mtime 1712674218.0
File C:\Users\MARKtech\AppData\Local\Programs\Python\Python312\Lib\email\utils.py first seen with mtime 1712674218.0
File C:\Users\MARKtech\AppData\Local\Programs\Python\Python312\Lib\site-packages\sqlparse\filters\tokens.py first seen with mtime 1717559404.3707829
File C:\Users\MARKtech\AppData\Local\Programs\Python\Python312\Lib\site-packages\sqlparse\filters\tokens.py first seen with mtime 1717559404.3707829
File C:\Users\MARKtech\AppData\Local\Programs\Python\Python312\Lib\bz2.py first seen with mtime 1712674218.0
File C:\Users\MARKtech\AppData\Local\Programs\Python\Python312\Lib\bz2.py first seen with mtime 1712674218.0
File C:\Users\MARKtech\AppData\Local\Programs\Python\Python312\Lib\linecache.py first seen with mtime 1712674218.0
File C:\Users\MARKtech\AppData\Local\Programs\Python\Python312\Lib\linecache.py first seen with mtime 1712674218.0
File C:\Users\MARKtech\AppData\Local\Programs\Python\Python312\Lib\site-packages\django\template\context.py first seen with mtime 1717559445.1758318
File C:\Users\MARKtech\AppData\Local\Programs\Python\Python312\Lib\site-packages\django\template\context.py first seen with mtime 1717559445.1758318
File C:\Users\MARKtech\AppData\Local\Programs\Python\Python312\Lib\site-packages\django\utils\lorem_ipsum.py first seen with mtime 1717559446.2104435
File C:\Users\MARKtech\AppData\Local\Programs\Python\Python312\Lib\site-packages\django\utils\lorem_ipsum.py first seen with mtime 1717559446.2104435
File C:\Users\MARKtech\AppData\Local\Programs\Python\Python312\Lib\site-packages\django\contrib\admin\templatetags\admin_modify.py first seen with mtime 1717559419.3580394
File C:\Users\MARKtech\AppData\Local\Programs\Python\Python312\Lib\site-packages\django\contrib\admin\templatetags\admin_modify.py first seen with mtime 1717559419.3580394
File C:\Users\MARKtech\AppData\Local\Programs\Python\Python312\Lib\email\mime\nonmultipart.py first seen with mtime 1712674218.0
File C:\Users\MARKtech\AppData\Local\Programs\Python\Python312\Lib\email\mime\nonmultipart.py first seen with mtime 1712674218.0
File C:\Users\MARKtech\AppData\Local\Programs\Python\Python312\Lib\site-packages\sqlparse\filters\__init__.py first seen with mtime 1717559404.3175378
File C:\Users\MARKtech\AppData\Local\Programs\Python\Python312\Lib\site-packages\sqlparse\filters\__init__.py first seen with mtime 1717559404.3175378
File C:\Users\MARKtech\AppData\Local\Programs\Python\Python312\Lib\glob.py first seen with mtime 1712674218.0
File C:\Users\MARKtech\AppData\Local\Programs\Python\Python312\Lib\glob.py first seen with mtime 1712674218.0
File C:\Users\MARKtech\AppData\Local\Programs\Python\Python312\Lib\site-packages\django\contrib\admin\views\main.py first seen with mtime 1717559419.4048932
File C:\Users\MARKtech\AppData\Local\Programs\Python\Python312\Lib\site-packages\django\contrib\admin\views\main.py first seen with mtime 1717559419.4048932
File C:\Users\MARKtech\AppData\Local\Programs\Python\Python312\Lib\re\_constants.py first seen with mtime 1712674218.0
File C:\Users\MARKtech\AppData\Local\Programs\Python\Python312\Lib\re\_constants.py first seen with mtime 1712674218.0
File C:\Users\MARKtech\AppData\Local\Programs\Python\Python312\Lib\ctypes\__init__.py first seen with mtime 1712674218.0
File C:\Users\MARKtech\AppData\Local\Programs\Python\Python312\Lib\ctypes\__init__.py first seen with mtime 1712674218.0
File C:\Users\MARKtech\AppData\Local\Programs\Python\Python312\DLLs\_wmi.pyd first seen with mtime 1712674262.0
File C:\Users\MARKtech\AppData\Local\Programs\Python\Python312\DLLs\_wmi.pyd first seen with mtime 1712674262.0
File C:\Users\MARKtech\AppData\Local\Programs\Python\Python312\Lib\site-packages\django\middleware\cache.py first seen with mtime 1717559445.0695603
File C:\Users\MARKtech\AppData\Local\Programs\Python\Python312\Lib\site-packages\django\middleware\cache.py first seen with mtime 1717559445.0695603
File C:\Users\MARKtech\AppData\Local\Programs\Python\Python312\Lib\site-packages\django\templatetags\cache.py first seen with mtime 1717559445.4102085
File C:\Users\MARKtech\AppData\Local\Programs\Python\Python312\Lib\site-packages\django\templatetags\cache.py first seen with mtime 1717559445.4102085
File C:\Users\MARKtech\AppData\Local\Programs\Python\Python312\DLLs\_decimal.pyd first seen with mtime 1712674262.0
File C:\Users\MARKtech\AppData\Local\Programs\Python\Python312\DLLs\_decimal.pyd first seen with mtime 1712674262.0
File C:\Users\MARKtech\AppData\Local\Programs\Python\Python312\Lib\site-packages\django\db\migrations\operations\special.py first seen with mtime 1717559443.7316587
File C:\Users\MARKtech\AppData\Local\Programs\Python\Python312\Lib\site-packages\django\db\migrations\operations\special.py first seen with mtime 1717559443.7316587
File C:\Users\MARKtech\AppData\Local\Programs\Python\Python312\Lib\site-packages\django\utils\encoding.py first seen with mtime 1717559445.9431427
File C:\Users\MARKtech\AppData\Local\Programs\Python\Python312\Lib\site-packages\django\utils\encoding.py first seen with mtime 1717559445.9431427
File C:\Users\MARKtech\AppData\Local\Programs\Python\Python312\Lib\asyncio\timeouts.py first seen with mtime 1712674218.0
File C:\Users\MARKtech\AppData\Local\Programs\Python\Python312\Lib\asyncio\timeouts.py first seen with mtime 1712674218.0
File C:\Users\MARKtech\AppData\Local\Programs\Python\Python312\Lib\site-packages\django\views\decorators\__init__.py first seen with mtime 1717559446.5073252
File C:\Users\MARKtech\AppData\Local\Programs\Python\Python312\Lib\site-packages\django\views\decorators\__init__.py first seen with mtime 1717559446.5073252
File C:\Users\MARKtech\AppData\Local\Programs\Python\Python312\Lib\email\feedparser.py first seen with mtime 1712674218.0
File C:\Users\MARKtech\AppData\Local\Programs\Python\Python312\Lib\email\feedparser.py first seen with mtime 1712674218.0
File C:\Users\MARKtech\AppData\Local\Programs\Python\Python312\DLLs\_uuid.pyd first seen with mtime 1712674262.0
File C:\Users\MARKtech\AppData\Local\Programs\Python\Python312\DLLs\_uuid.pyd first seen with mtime 1712674262.0
File C:\Users\MARKtech\AppData\Local\Programs\Python\Python312\Lib\warnings.py first seen with mtime 1712674218.0
File C:\Users\MARKtech\AppData\Local\Programs\Python\Python312\Lib\warnings.py first seen with mtime 1712674218.0
File C:\Users\MARKtech\AppData\Local\Programs\Python\Python312\Lib\site-packages\django\core\checks\files.py first seen with mtime 1717559442.6976843
File C:\Users\MARKtech\AppData\Local\Programs\Python\Python312\Lib\site-packages\django\core\checks\files.py first seen with mtime 1717559442.6976843
File C:\Users\MARKtech\AppData\Local\Programs\Python\Python312\Lib\asyncio\coroutines.py first seen with mtime 1712674218.0
File C:\Users\MARKtech\AppData\Local\Programs\Python\Python312\Lib\asyncio\coroutines.py first seen with mtime 1712674218.0
File C:\Users\MARKtech\AppData\Local\Programs\Python\Python312\Lib\site-packages\django\contrib\auth\decorators.py first seen with mtime 1717559421.7236245
File C:\Users\MARKtech\AppData\Local\Programs\Python\Python312\Lib\site-packages\django\contrib\auth\decorators.py first seen with mtime 1717559421.7236245
File C:\Users\MARKtech\AppData\Local\Programs\Python\Python312\Lib\site-packages\django\utils\html.py first seen with mtime 1717559445.9900138
File C:\Users\MARKtech\AppData\Local\Programs\Python\Python312\Lib\site-packages\django\utils\html.py first seen with mtime 1717559445.9900138
File C:\Users\MARKtech\AppData\Local\Programs\Python\Python312\Lib\site-packages\django\urls\resolvers.py first seen with mtime 1717559445.5977015
File C:\Users\MARKtech\AppData\Local\Programs\Python\Python312\Lib\site-packages\django\urls\resolvers.py first seen with mtime 1717559445.5977015
File C:\Users\MARKtech\AppData\Local\Programs\Python\Python312\Lib\site-packages\django\http\__init__.py first seen with mtime 1717559445.0070517
File C:\Users\MARKtech\AppData\Local\Programs\Python\Python312\Lib\site-packages\django\http\__init__.py first seen with mtime 1717559445.0070517
File C:\Users\MARKtech\AppData\Local\Programs\Python\Python312\Lib\site-packages\django\views\defaults.py first seen with mtime 1717559446.491689
File C:\Users\MARKtech\AppData\Local\Programs\Python\Python312\Lib\site-packages\django\views\defaults.py first seen with mtime 1717559446.491689
File C:\Users\MARKtech\AppData\Local\Programs\Python\Python312\Lib\site-packages\django\db\models\aggregates.py first seen with mtime 1717559443.7472694
File C:\Users\MARKtech\AppData\Local\Programs\Python\Python312\Lib\site-packages\django\db\models\aggregates.py first seen with mtime 1717559443.7472694
File C:\Users\MARKtech\AppData\Local\Programs\Python\Python312\Lib\wsgiref\__init__.py first seen with mtime 1712674218.0
File C:\Users\MARKtech\AppData\Local\Programs\Python\Python312\Lib\wsgiref\__init__.py first seen with mtime 1712674218.0
File C:\Users\MARKtech\AppData\Local\Programs\Python\Python312\Lib\site-packages\MySQLdb\constants\FLAG.py first seen with mtime 1720572393.425949
File C:\Users\MARKtech\AppData\Local\Programs\Python\Python312\Lib\site-packages\MySQLdb\constants\FLAG.py first seen with mtime 1720572393.425949
File C:\Users\MARKtech\AppData\Local\Programs\Python\Python312\Lib\email\_header_value_parser.py first seen with mtime 1712674218.0
File C:\Users\MARKtech\AppData\Local\Programs\Python\Python312\Lib\email\_header_value_parser.py first seen with mtime 1712674218.0
File C:\Users\MARKtech\AppData\Local\Programs\Python\Python312\Lib\hashlib.py first seen with mtime 1712674218.0
File C:\Users\MARKtech\AppData\Local\Programs\Python\Python312\Lib\hashlib.py first seen with mtime 1712674218.0
File C:\Users\MARKtech\AppData\Local\Programs\Python\Python312\Lib\site-packages\django\core\checks\security\sessions.py first seen with mtime 1717559442.7758102
File C:\Users\MARKtech\AppData\Local\Programs\Python\Python312\Lib\site-packages\django\core\checks\security\sessions.py first seen with mtime 1717559442.7758102
File C:\Users\MARKtech\AppData\Local\Programs\Python\Python312\Lib\site-packages\django\utils\hashable.py first seen with mtime 1717559445.9900138
File C:\Users\MARKtech\AppData\Local\Programs\Python\Python312\Lib\site-packages\django\utils\hashable.py first seen with mtime 1717559445.9900138
File C:\Users\MARKtech\AppData\Local\Programs\Python\Python312\Lib\site-packages\django\core\cache\utils.py first seen with mtime 1717559442.6195683
File C:\Users\MARKtech\AppData\Local\Programs\Python\Python312\Lib\site-packages\django\core\cache\utils.py first seen with mtime 1717559442.6195683
File C:\Users\MARKtech\AppData\Local\Programs\Python\Python312\Lib\site-packages\django\db\models\sql\where.py first seen with mtime 1717559443.9972672
File C:\Users\MARKtech\AppData\Local\Programs\Python\Python312\Lib\site-packages\django\db\models\sql\where.py first seen with mtime 1717559443.9972672
File C:\Users\MARKtech\AppData\Local\Programs\Python\Python312\Lib\site-packages\django\utils\translation\trans_real.py first seen with mtime 1717559446.444809
File C:\Users\MARKtech\AppData\Local\Programs\Python\Python312\Lib\site-packages\django\utils\translation\trans_real.py first seen with mtime 1717559446.444809
File C:\Users\MARKtech\AppData\Local\Programs\Python\Python312\Lib\site-packages\django\templatetags\i18n.py first seen with mtime 1717559445.4258249
File C:\Users\MARKtech\AppData\Local\Programs\Python\Python312\Lib\site-packages\django\templatetags\i18n.py first seen with mtime 1717559445.4258249
File C:\Users\MARKtech\AppData\Local\Programs\Python\Python312\Lib\wsgiref\util.py first seen with mtime 1712674218.0
File C:\Users\MARKtech\AppData\Local\Programs\Python\Python312\Lib\wsgiref\util.py first seen with mtime 1712674218.0
File C:\Users\MARKtech\AppData\Local\Programs\Python\Python312\Lib\site-packages\sqlparse\engine\statement_splitter.py first seen with mtime 1717559404.3019133
File C:\Users\MARKtech\AppData\Local\Programs\Python\Python312\Lib\site-packages\sqlparse\engine\statement_splitter.py first seen with mtime 1717559404.3019133
File C:\Users\MARKtech\AppData\Local\Programs\Python\Python312\Lib\site-packages\django\db\models\fields\reverse_related.py first seen with mtime 1717559443.9035318
File C:\Users\MARKtech\AppData\Local\Programs\Python\Python312\Lib\site-packages\django\db\models\fields\reverse_related.py first seen with mtime 1717559443.9035318
File C:\Users\MARKtech\AppData\Local\Programs\Python\Python312\Lib\asyncio\proactor_events.py first seen with mtime 1712674218.0
File C:\Users\MARKtech\AppData\Local\Programs\Python\Python312\Lib\asyncio\proactor_events.py first seen with mtime 1712674218.0
File C:\Users\MARKtech\AppData\Local\Programs\Python\Python312\Lib\quopri.py first seen with mtime 1712674218.0
File C:\Users\MARKtech\AppData\Local\Programs\Python\Python312\Lib\quopri.py first seen with mtime 1712674218.0
File C:\Users\MARKtech\AppData\Local\Programs\Python\Python312\Lib\site-packages\django\db\__init__.py first seen with mtime 1717559443.262735
File C:\Users\MARKtech\AppData\Local\Programs\Python\Python312\Lib\site-packages\django\db\__init__.py first seen with mtime 1717559443.262735
File C:\Users\MARKtech\AppData\Local\Programs\Python\Python312\Lib\email\_encoded_words.py first seen with mtime 1712674218.0
File C:\Users\MARKtech\AppData\Local\Programs\Python\Python312\Lib\email\_encoded_words.py first seen with mtime 1712674218.0
File C:\Users\MARKtech\AppData\Local\Programs\Python\Python312\Lib\shutil.py first seen with mtime 1712674218.0
File C:\Users\MARKtech\AppData\Local\Programs\Python\Python312\Lib\shutil.py first seen with mtime 1712674218.0
File C:\Users\MARKtech\AppData\Local\Programs\Python\Python312\Lib\site-packages\django\db\models\fields\generated.py first seen with mtime 1717559443.8566413
File C:\Users\MARKtech\AppData\Local\Programs\Python\Python312\Lib\site-packages\django\db\models\fields\generated.py first seen with mtime 1717559443.8566413
File C:\Users\MARKtech\AppData\Local\Programs\Python\Python312\Lib\pkgutil.py first seen with mtime 1712674218.0
File C:\Users\MARKtech\AppData\Local\Programs\Python\Python312\Lib\pkgutil.py first seen with mtime 1712674218.0
File C:\Users\MARKtech\AppData\Local\Programs\Python\Python312\Lib\site-packages\django\db\migrations\utils.py first seen with mtime 1717559443.7003872
File C:\Users\MARKtech\AppData\Local\Programs\Python\Python312\Lib\site-packages\django\db\migrations\utils.py first seen with mtime 1717559443.7003872
File C:\Users\MARKtech\AppData\Local\Programs\Python\Python312\Lib\site-packages\django\db\models\sql\subqueries.py first seen with mtime 1717559443.9816403
File C:\Users\MARKtech\AppData\Local\Programs\Python\Python312\Lib\site-packages\django\db\models\sql\subqueries.py first seen with mtime 1717559443.9816403
File C:\Users\MARKtech\Desktop\django1\djangoapp\my_app\views.py first seen with mtime 1722932059.1431818
File C:\Users\MARKtech\Desktop\django1\djangoapp\my_app\views.py first seen with mtime 1722932059.1431818
File C:\Users\MARKtech\AppData\Local\Programs\Python\Python312\Lib\encodings\__init__.py first seen with mtime 1712674218.0
File C:\Users\MARKtech\AppData\Local\Programs\Python\Python312\Lib\encodings\__init__.py first seen with mtime 1712674218.0
File C:\Users\MARKtech\AppData\Local\Programs\Python\Python312\Lib\site-packages\django\contrib\admin\views\autocomplete.py first seen with mtime 1717559419.3892977
File C:\Users\MARKtech\AppData\Local\Programs\Python\Python312\Lib\site-packages\django\contrib\admin\views\autocomplete.py first seen with mtime 1717559419.3892977
File C:\Users\MARKtech\AppData\Local\Programs\Python\Python312\Lib\zoneinfo\_tzpath.py first seen with mtime 1712674218.0
File C:\Users\MARKtech\AppData\Local\Programs\Python\Python312\Lib\zoneinfo\_tzpath.py first seen with mtime 1712674218.0
File C:\Users\MARKtech\AppData\Local\Programs\Python\Python312\Lib\site-packages\django\core\management\commands\__init__.py first seen with mtime 1717559443.028344
File C:\Users\MARKtech\AppData\Local\Programs\Python\Python312\Lib\site-packages\django\core\management\commands\__init__.py first seen with mtime 1717559443.028344
File C:\Users\MARKtech\AppData\Local\Programs\Python\Python312\Lib\site-packages\colorama\ansi.py first seen with mtime 1716950678.788718
File C:\Users\MARKtech\AppData\Local\Programs\Python\Python312\Lib\site-packages\colorama\ansi.py first seen with mtime 1716950678.788718
File C:\Users\MARKtech\AppData\Local\Programs\Python\Python312\Lib\site-packages\django\http\response.py first seen with mtime 1717559445.0539308
File C:\Users\MARKtech\AppData\Local\Programs\Python\Python312\Lib\site-packages\django\http\response.py first seen with mtime 1717559445.0539308
File C:\Users\MARKtech\AppData\Local\Programs\Python\Python312\Lib\site-packages\django\db\migrations\operations\fields.py first seen with mtime 1717559443.7316587
File C:\Users\MARKtech\AppData\Local\Programs\Python\Python312\Lib\site-packages\django\db\migrations\operations\fields.py first seen with mtime 1717559443.7316587
File C:\Users\MARKtech\AppData\Local\Programs\Python\Python312\Lib\site-packages\django\views\i18n.py first seen with mtime 1717559446.491689
File C:\Users\MARKtech\AppData\Local\Programs\Python\Python312\Lib\site-packages\django\views\i18n.py first seen with mtime 1717559446.491689
File C:\Users\MARKtech\AppData\Local\Programs\Python\Python312\Lib\calendar.py first seen with mtime 1712674218.0
File C:\Users\MARKtech\AppData\Local\Programs\Python\Python312\Lib\calendar.py first seen with mtime 1712674218.0
File C:\Users\MARKtech\AppData\Local\Programs\Python\Python312\Lib\site-packages\django\template\loaders\filesystem.py first seen with mtime 1717559445.3945768
File C:\Users\MARKtech\AppData\Local\Programs\Python\Python312\Lib\site-packages\django\template\loaders\filesystem.py first seen with mtime 1717559445.3945768
File C:\Users\MARKtech\AppData\Local\Programs\Python\Python312\Lib\traceback.py first seen with mtime 1712674218.0
File C:\Users\MARKtech\AppData\Local\Programs\Python\Python312\Lib\traceback.py first seen with mtime 1712674218.0
File C:\Users\MARKtech\AppData\Local\Programs\Python\Python312\Lib\site-packages\colorama\__init__.py first seen with mtime 1716950678.7385638
File C:\Users\MARKtech\AppData\Local\Programs\Python\Python312\Lib\site-packages\colorama\__init__.py first seen with mtime 1716950678.7385638
File C:\Users\MARKtech\AppData\Local\Programs\Python\Python312\Lib\site-packages\django\conf\urls\__init__.py first seen with mtime 1717559413.1029587
File C:\Users\MARKtech\AppData\Local\Programs\Python\Python312\Lib\site-packages\django\conf\urls\__init__.py first seen with mtime 1717559413.1029587
File C:\Users\MARKtech\AppData\Local\Programs\Python\Python312\Lib\email\message.py first seen with mtime 1712674218.0
File C:\Users\MARKtech\AppData\Local\Programs\Python\Python312\Lib\email\message.py first seen with mtime 1712674218.0
File C:\Users\MARKtech\AppData\Local\Programs\Python\Python312\Lib\site-packages\django\utils\version.py first seen with mtime 1717559446.3823192
File C:\Users\MARKtech\AppData\Local\Programs\Python\Python312\Lib\site-packages\django\utils\version.py first seen with mtime 1717559446.3823192
File C:\Users\MARKtech\AppData\Local\Programs\Python\Python312\Lib\site-packages\django\db\models\lookups.py first seen with mtime 1717559443.809761
File C:\Users\MARKtech\AppData\Local\Programs\Python\Python312\Lib\site-packages\django\db\models\lookups.py first seen with mtime 1717559443.809761
File C:\Users\MARKtech\Desktop\django1\djangoapp\my_project\urls.py first seen with mtime 1722886817.206978
File C:\Users\MARKtech\Desktop\django1\djangoapp\my_project\urls.py first seen with mtime 1722886817.206978
File C:\Users\MARKtech\AppData\Local\Programs\Python\Python312\Lib\site-packages\django\db\migrations\__init__.py first seen with mtime 1717559443.6222577
File C:\Users\MARKtech\AppData\Local\Programs\Python\Python312\Lib\site-packages\django\db\migrations\__init__.py first seen with mtime 1717559443.6222577
File C:\Users\MARKtech\AppData\Local\Programs\Python\Python312\Lib\asyncio\base_events.py first seen with mtime 1712674218.0
File C:\Users\MARKtech\AppData\Local\Programs\Python\Python312\Lib\asyncio\base_events.py first seen with mtime 1712674218.0
File C:\Users\MARKtech\AppData\Local\Programs\Python\Python312\Lib\site-packages\django\db\models\functions\window.py first seen with mtime 1717559443.9504194
File C:\Users\MARKtech\AppData\Local\Programs\Python\Python312\Lib\site-packages\django\db\models\functions\window.py first seen with mtime 1717559443.9504194
File C:\Users\MARKtech\AppData\Local\Programs\Python\Python312\Lib\site-packages\django\urls\base.py first seen with mtime 1717559445.5508375
File C:\Users\MARKtech\AppData\Local\Programs\Python\Python312\Lib\site-packages\django\urls\base.py first seen with mtime 1717559445.5508375
File C:\Users\MARKtech\AppData\Local\Programs\Python\Python312\Lib\site-packages\django\db\models\constants.py first seen with mtime 1717559443.7628896
File C:\Users\MARKtech\AppData\Local\Programs\Python\Python312\Lib\site-packages\django\db\models\constants.py first seen with mtime 1717559443.7628896
File C:\Users\MARKtech\AppData\Local\Programs\Python\Python312\Lib\site-packages\django\urls\converters.py first seen with mtime 1717559445.5820954
File C:\Users\MARKtech\AppData\Local\Programs\Python\Python312\Lib\site-packages\django\urls\converters.py first seen with mtime 1717559445.5820954
File C:\Users\MARKtech\AppData\Local\Programs\Python\Python312\Lib\ipaddress.py first seen with mtime 1712674218.0
File C:\Users\MARKtech\AppData\Local\Programs\Python\Python312\Lib\ipaddress.py first seen with mtime 1712674218.0
File C:\Users\MARKtech\AppData\Local\Programs\Python\Python312\Lib\site-packages\django\utils\timezone.py first seen with mtime 1717559446.3666942
File C:\Users\MARKtech\AppData\Local\Programs\Python\Python312\Lib\site-packages\django\utils\timezone.py first seen with mtime 1717559446.3666942
File C:\Users\MARKtech\AppData\Local\Programs\Python\Python312\Lib\site-packages\django\db\models\functions\__init__.py first seen with mtime 1717559443.9191475
File C:\Users\MARKtech\AppData\Local\Programs\Python\Python312\Lib\site-packages\django\db\models\functions\__init__.py first seen with mtime 1717559443.9191475
File C:\Users\MARKtech\AppData\Local\Programs\Python\Python312\Lib\site-packages\MySQLdb\converters.py first seen with mtime 1720572393.3790674
File C:\Users\MARKtech\AppData\Local\Programs\Python\Python312\Lib\site-packages\MySQLdb\converters.py first seen with mtime 1720572393.3790674
File C:\Users\MARKtech\AppData\Local\Programs\Python\Python312\Lib\importlib\__init__.py first seen with mtime 1712674218.0
File C:\Users\MARKtech\AppData\Local\Programs\Python\Python312\Lib\importlib\__init__.py first seen with mtime 1712674218.0
File C:\Users\MARKtech\AppData\Local\Programs\Python\Python312\Lib\site-packages\sqlparse\filters\others.py first seen with mtime 1717559404.3395329
File C:\Users\MARKtech\AppData\Local\Programs\Python\Python312\Lib\site-packages\sqlparse\filters\others.py first seen with mtime 1717559404.3395329
File C:\Users\MARKtech\AppData\Local\Programs\Python\Python312\DLLs\_overlapped.pyd first seen with mtime 1712674262.0
File C:\Users\MARKtech\AppData\Local\Programs\Python\Python312\DLLs\_overlapped.pyd first seen with mtime 1712674262.0
File C:\Users\MARKtech\AppData\Local\Programs\Python\Python312\Lib\inspect.py first seen with mtime 1712674218.0
File C:\Users\MARKtech\AppData\Local\Programs\Python\Python312\Lib\inspect.py first seen with mtime 1712674218.0
File C:\Users\MARKtech\AppData\Local\Programs\Python\Python312\Lib\site-packages\django\contrib\auth\forms.py first seen with mtime 1717559421.7236245
File C:\Users\MARKtech\AppData\Local\Programs\Python\Python312\Lib\site-packages\django\contrib\auth\forms.py first seen with mtime 1717559421.7236245
File C:\Users\MARKtech\AppData\Local\Programs\Python\Python312\Lib\email\generator.py first seen with mtime 1712674218.0
File C:\Users\MARKtech\AppData\Local\Programs\Python\Python312\Lib\email\generator.py first seen with mtime 1712674218.0
File C:\Users\MARKtech\AppData\Local\Programs\Python\Python312\Lib\site-packages\django\forms\boundfield.py first seen with mtime 1717559444.0285244
File C:\Users\MARKtech\AppData\Local\Programs\Python\Python312\Lib\site-packages\django\forms\boundfield.py first seen with mtime 1717559444.0285244
File C:\Users\MARKtech\AppData\Local\Programs\Python\Python312\Lib\re\_compiler.py first seen with mtime 1712674218.0
File C:\Users\MARKtech\AppData\Local\Programs\Python\Python312\Lib\re\_compiler.py first seen with mtime 1712674218.0
File C:\Users\MARKtech\AppData\Local\Programs\Python\Python312\Lib\site-packages\django\views\static.py first seen with mtime 1717559446.5073252
File C:\Users\MARKtech\AppData\Local\Programs\Python\Python312\Lib\site-packages\django\views\static.py first seen with mtime 1717559446.5073252
File C:\Users\MARKtech\AppData\Local\Programs\Python\Python312\Lib\wsgiref\simple_server.py first seen with mtime 1712674218.0
File C:\Users\MARKtech\AppData\Local\Programs\Python\Python312\Lib\wsgiref\simple_server.py first seen with mtime 1712674218.0
File C:\Users\MARKtech\AppData\Local\Programs\Python\Python312\Lib\collections\__init__.py first seen with mtime 1712674218.0
File C:\Users\MARKtech\AppData\Local\Programs\Python\Python312\Lib\collections\__init__.py first seen with mtime 1712674218.0
File C:\Users\MARKtech\AppData\Local\Programs\Python\Python312\Lib\json\__init__.py first seen with mtime 1712674218.0
File C:\Users\MARKtech\AppData\Local\Programs\Python\Python312\Lib\json\__init__.py first seen with mtime 1712674218.0
File C:\Users\MARKtech\AppData\Local\Programs\Python\Python312\Lib\collections\abc.py first seen with mtime 1712674218.0
File C:\Users\MARKtech\AppData\Local\Programs\Python\Python312\Lib\collections\abc.py first seen with mtime 1712674218.0
File C:\Users\MARKtech\AppData\Local\Programs\Python\Python312\Lib\site-packages\django\utils\duration.py first seen with mtime 1717559445.9431427
File C:\Users\MARKtech\AppData\Local\Programs\Python\Python312\Lib\site-packages\django\utils\duration.py first seen with mtime 1717559445.9431427
File C:\Users\MARKtech\AppData\Local\Programs\Python\Python312\Lib\locale.py first seen with mtime 1712674218.0
File C:\Users\MARKtech\AppData\Local\Programs\Python\Python312\Lib\locale.py first seen with mtime 1712674218.0
File C:\Users\MARKtech\AppData\Local\Programs\Python\Python312\Lib\site-packages\django\db\backends\base\__init__.py first seen with mtime 1717559443.3095856
File C:\Users\MARKtech\AppData\Local\Programs\Python\Python312\Lib\site-packages\django\db\backends\base\__init__.py first seen with mtime 1717559443.3095856
File C:\Users\MARKtech\AppData\Local\Programs\Python\Python312\Lib\site-packages\django\utils\_os.py first seen with mtime 1717559445.6289515
File C:\Users\MARKtech\AppData\Local\Programs\Python\Python312\Lib\site-packages\django\utils\_os.py first seen with mtime 1717559445.6289515
File C:\Users\MARKtech\AppData\Local\Programs\Python\Python312\Lib\struct.py first seen with mtime 1712674218.0
File C:\Users\MARKtech\AppData\Local\Programs\Python\Python312\Lib\struct.py first seen with mtime 1712674218.0
File C:\Users\MARKtech\AppData\Local\Programs\Python\Python312\Lib\site-packages\django\db\backends\mysql\base.py first seen with mtime 1717559443.3877237
File C:\Users\MARKtech\AppData\Local\Programs\Python\Python312\Lib\site-packages\django\db\backends\mysql\base.py first seen with mtime 1717559443.3877237
File C:\Users\MARKtech\AppData\Local\Programs\Python\Python312\Lib\asyncio\windows_utils.py first seen with mtime 1712674218.0
File C:\Users\MARKtech\AppData\Local\Programs\Python\Python312\Lib\asyncio\windows_utils.py first seen with mtime 1712674218.0
File C:\Users\MARKtech\AppData\Local\Programs\Python\Python312\Lib\http\__init__.py first seen with mtime 1712674218.0
File C:\Users\MARKtech\AppData\Local\Programs\Python\Python312\Lib\http\__init__.py first seen with mtime 1712674218.0
File C:\Users\MARKtech\AppData\Local\Programs\Python\Python312\Lib\site-packages\MySQLdb\_mysql.cp312-win_amd64.pyd first seen with mtime 1720572393.363446
File C:\Users\MARKtech\AppData\Local\Programs\Python\Python312\Lib\site-packages\MySQLdb\_mysql.cp312-win_amd64.pyd first seen with mtime 1720572393.363446
File C:\Users\MARKtech\AppData\Local\Programs\Python\Python312\Lib\site-packages\django\apps\config.py first seen with mtime 1717559408.977733
File C:\Users\MARKtech\AppData\Local\Programs\Python\Python312\Lib\site-packages\django\apps\config.py first seen with mtime 1717559408.977733
File C:\Users\MARKtech\Desktop\django1\djangoapp\my_project\__init__.py first seen with mtime 1717559612.1295936
File C:\Users\MARKtech\Desktop\django1\djangoapp\my_project\__init__.py first seen with mtime 1717559612.1295936
File C:\Users\MARKtech\AppData\Local\Programs\Python\Python312\Lib\asyncio\__init__.py first seen with mtime 1712674218.0
File C:\Users\MARKtech\AppData\Local\Programs\Python\Python312\Lib\asyncio\__init__.py first seen with mtime 1712674218.0
File C:\Users\MARKtech\AppData\Local\Programs\Python\Python312\Lib\site-packages\django\core\signing.py first seen with mtime 1717559442.6039424
File C:\Users\MARKtech\AppData\Local\Programs\Python\Python312\Lib\site-packages\django\core\signing.py first seen with mtime 1717559442.6039424
File C:\Users\MARKtech\AppData\Local\Programs\Python\Python312\Lib\site-packages\django\template\loaders\cached.py first seen with mtime 1717559445.378946
File C:\Users\MARKtech\AppData\Local\Programs\Python\Python312\Lib\site-packages\django\template\loaders\cached.py first seen with mtime 1717559445.378946
File C:\Users\MARKtech\AppData\Local\Programs\Python\Python312\Lib\copy.py first seen with mtime 1712674218.0
File C:\Users\MARKtech\AppData\Local\Programs\Python\Python312\Lib\copy.py first seen with mtime 1712674218.0
File C:\Users\MARKtech\AppData\Local\Programs\Python\Python312\Lib\site-packages\django\utils\dateparse.py first seen with mtime 1717559445.7556365
File C:\Users\MARKtech\AppData\Local\Programs\Python\Python312\Lib\site-packages\django\utils\dateparse.py first seen with mtime 1717559445.7556365
File C:\Users\MARKtech\AppData\Local\Programs\Python\Python312\Lib\_weakrefset.py first seen with mtime 1712674218.0
File C:\Users\MARKtech\AppData\Local\Programs\Python\Python312\Lib\_weakrefset.py first seen with mtime 1712674218.0
File C:\Users\MARKtech\AppData\Local\Programs\Python\Python312\Lib\site-packages\django\contrib\messages\__init__.py first seen with mtime 1717559434.8595436
File C:\Users\MARKtech\AppData\Local\Programs\Python\Python312\Lib\site-packages\django\contrib\messages\__init__.py first seen with mtime 1717559434.8595436
File C:\Users\MARKtech\AppData\Local\Programs\Python\Python312\Lib\site-packages\colorama\win32.py first seen with mtime 1716950678.8125412
File C:\Users\MARKtech\AppData\Local\Programs\Python\Python312\Lib\site-packages\colorama\win32.py first seen with mtime 1716950678.8125412
File C:\Users\MARKtech\AppData\Local\Programs\Python\Python312\Lib\site-packages\django\core\files\uploadhandler.py first seen with mtime 1717559442.8226876
File C:\Users\MARKtech\AppData\Local\Programs\Python\Python312\Lib\site-packages\django\core\files\uploadhandler.py first seen with mtime 1717559442.8226876
File C:\Users\MARKtech\AppData\Local\Programs\Python\Python312\Lib\site-packages\django\views\__init__.py first seen with mtime 1717559446.4604385
File C:\Users\MARKtech\AppData\Local\Programs\Python\Python312\Lib\site-packages\django\views\__init__.py first seen with mtime 1717559446.4604385
File C:\Users\MARKtech\AppData\Local\Programs\Python\Python312\Lib\site-packages\django\contrib\contenttypes\forms.py first seen with mtime 1717559424.2777898
File C:\Users\MARKtech\AppData\Local\Programs\Python\Python312\Lib\site-packages\django\contrib\contenttypes\forms.py first seen with mtime 1717559424.2777898
File C:\Users\MARKtech\AppData\Local\Programs\Python\Python312\Lib\site-packages\django\core\files\locks.py first seen with mtime 1717559442.807063
File C:\Users\MARKtech\AppData\Local\Programs\Python\Python312\Lib\site-packages\django\core\files\locks.py first seen with mtime 1717559442.807063
File C:\Users\MARKtech\AppData\Local\Programs\Python\Python312\Lib\asyncio\base_subprocess.py first seen with mtime 1712674218.0
File C:\Users\MARKtech\AppData\Local\Programs\Python\Python312\Lib\asyncio\base_subprocess.py first seen with mtime 1712674218.0
File C:\Users\MARKtech\AppData\Local\Programs\Python\Python312\DLLs\select.pyd first seen with mtime 1712674262.0
File C:\Users\MARKtech\AppData\Local\Programs\Python\Python312\DLLs\select.pyd first seen with mtime 1712674262.0
File C:\Users\MARKtech\AppData\Local\Programs\Python\Python312\Lib\urllib\response.py first seen with mtime 1712674218.0
File C:\Users\MARKtech\AppData\Local\Programs\Python\Python312\Lib\urllib\response.py first seen with mtime 1712674218.0
File C:\Users\MARKtech\AppData\Local\Programs\Python\Python312\Lib\site-packages\django\utils\dates.py first seen with mtime 1717559445.911903
File C:\Users\MARKtech\AppData\Local\Programs\Python\Python312\Lib\site-packages\django\utils\dates.py first seen with mtime 1717559445.911903
File C:\Users\MARKtech\AppData\Local\Programs\Python\Python312\Lib\socket.py first seen with mtime 1712674218.0
File C:\Users\MARKtech\AppData\Local\Programs\Python\Python312\Lib\socket.py first seen with mtime 1712674218.0
File C:\Users\MARKtech\AppData\Local\Programs\Python\Python312\Lib\site-packages\django\template\backends\__init__.py first seen with mtime 1717559445.285213
File C:\Users\MARKtech\AppData\Local\Programs\Python\Python312\Lib\site-packages\django\template\backends\__init__.py first seen with mtime 1717559445.285213
File C:\Users\MARKtech\AppData\Local\Programs\Python\Python312\Lib\contextvars.py first seen with mtime 1712674218.0
File C:\Users\MARKtech\AppData\Local\Programs\Python\Python312\Lib\contextvars.py first seen with mtime 1712674218.0
File C:\Users\MARKtech\AppData\Local\Programs\Python\Python312\Lib\json\encoder.py first seen with mtime 1712674218.0
File C:\Users\MARKtech\AppData\Local\Programs\Python\Python312\Lib\json\encoder.py first seen with mtime 1712674218.0
File C:\Users\MARKtech\AppData\Local\Programs\Python\Python312\Lib\asyncio\queues.py first seen with mtime 1712674218.0
File C:\Users\MARKtech\AppData\Local\Programs\Python\Python312\Lib\asyncio\queues.py first seen with mtime 1712674218.0
File C:\Users\MARKtech\AppData\Local\Programs\Python\Python312\Lib\site-packages\asgiref\__init__.py first seen with mtime 1717559407.488507
File C:\Users\MARKtech\AppData\Local\Programs\Python\Python312\Lib\site-packages\asgiref\__init__.py first seen with mtime 1717559407.488507
File C:\Users\MARKtech\AppData\Local\Programs\Python\Python312\DLLs\_hashlib.pyd first seen with mtime 1712674262.0
File C:\Users\MARKtech\AppData\Local\Programs\Python\Python312\DLLs\_hashlib.pyd first seen with mtime 1712674262.0
File C:\Users\MARKtech\AppData\Local\Programs\Python\Python312\Lib\ctypes\wintypes.py first seen with mtime 1712674218.0
File C:\Users\MARKtech\AppData\Local\Programs\Python\Python312\Lib\ctypes\wintypes.py first seen with mtime 1712674218.0
File C:\Users\MARKtech\AppData\Local\Programs\Python\Python312\Lib\typing.py first seen with mtime 1712674218.0
File C:\Users\MARKtech\AppData\Local\Programs\Python\Python312\Lib\typing.py first seen with mtime 1712674218.0
File C:\Users\MARKtech\AppData\Local\Programs\Python\Python312\Lib\site-packages\django\dispatch\__init__.py first seen with mtime 1717559443.9972672
File C:\Users\MARKtech\AppData\Local\Programs\Python\Python312\Lib\site-packages\django\dispatch\__init__.py first seen with mtime 1717559443.9972672
File C:\Users\MARKtech\AppData\Local\Programs\Python\Python312\Lib\site-packages\colorama\initialise.py first seen with mtime 1716950678.802719
File C:\Users\MARKtech\AppData\Local\Programs\Python\Python312\Lib\site-packages\colorama\initialise.py first seen with mtime 1716950678.802719
File C:\Users\MARKtech\AppData\Local\Programs\Python\Python312\Lib\site-packages\django\contrib\contenttypes\checks.py first seen with mtime 1717559424.2621636
File C:\Users\MARKtech\AppData\Local\Programs\Python\Python312\Lib\site-packages\django\contrib\contenttypes\checks.py first seen with mtime 1717559424.2621636
File C:\Users\MARKtech\AppData\Local\Programs\Python\Python312\Lib\site-packages\django\db\models\__init__.py first seen with mtime 1717559443.7472694
File C:\Users\MARKtech\AppData\Local\Programs\Python\Python312\Lib\site-packages\django\db\models\__init__.py first seen with mtime 1717559443.7472694
File C:\Users\MARKtech\AppData\Local\Programs\Python\Python312\Lib\site-packages\django\db\backends\ddl_references.py first seen with mtime 1717559443.2939568
File C:\Users\MARKtech\AppData\Local\Programs\Python\Python312\Lib\site-packages\django\db\backends\ddl_references.py first seen with mtime 1717559443.2939568
File C:\Users\MARKtech\AppData\Local\Programs\Python\Python312\Lib\asyncio\mixins.py first seen with mtime 1712674218.0
File C:\Users\MARKtech\AppData\Local\Programs\Python\Python312\Lib\asyncio\mixins.py first seen with mtime 1712674218.0
File C:\Users\MARKtech\AppData\Local\Programs\Python\Python312\DLLs\_socket.pyd first seen with mtime 1712674262.0
File C:\Users\MARKtech\AppData\Local\Programs\Python\Python312\DLLs\_socket.pyd first seen with mtime 1712674262.0
File C:\Users\MARKtech\AppData\Local\Programs\Python\Python312\Lib\site-packages\django\core\servers\basehttp.py first seen with mtime 1717559443.262735
File C:\Users\MARKtech\AppData\Local\Programs\Python\Python312\Lib\site-packages\django\core\servers\basehttp.py first seen with mtime 1717559443.262735
File C:\Users\MARKtech\AppData\Local\Programs\Python\Python312\Lib\tempfile.py first seen with mtime 1712674218.0
File C:\Users\MARKtech\AppData\Local\Programs\Python\Python312\Lib\tempfile.py first seen with mtime 1712674218.0
File C:\Users\MARKtech\AppData\Local\Programs\Python\Python312\Lib\site-packages\django\core\files\temp.py first seen with mtime 1717559442.8226876
File C:\Users\MARKtech\AppData\Local\Programs\Python\Python312\Lib\site-packages\django\core\files\temp.py first seen with mtime 1717559442.8226876
File C:\Users\MARKtech\AppData\Local\Programs\Python\Python312\Lib\site-packages\django\forms\__init__.py first seen with mtime 1717559444.012919
File C:\Users\MARKtech\AppData\Local\Programs\Python\Python312\Lib\site-packages\django\forms\__init__.py first seen with mtime 1717559444.012919
File C:\Users\MARKtech\AppData\Local\Programs\Python\Python312\Lib\_compat_pickle.py first seen with mtime 1712674218.0
File C:\Users\MARKtech\AppData\Local\Programs\Python\Python312\Lib\_compat_pickle.py first seen with mtime 1712674218.0
File C:\Users\MARKtech\AppData\Local\Programs\Python\Python312\Lib\site-packages\django\core\checks\translation.py first seen with mtime 1717559442.7289417
File C:\Users\MARKtech\AppData\Local\Programs\Python\Python312\Lib\site-packages\django\core\checks\translation.py first seen with mtime 1717559442.7289417
File C:\Users\MARKtech\AppData\Local\Programs\Python\Python312\Lib\site-packages\django\contrib\admin\helpers.py first seen with mtime 1717559413.2123334
File C:\Users\MARKtech\AppData\Local\Programs\Python\Python312\Lib\site-packages\django\contrib\admin\helpers.py first seen with mtime 1717559413.2123334
File C:\Users\MARKtech\AppData\Local\Programs\Python\Python312\Lib\site-packages\django\core\files\storage\__init__.py first seen with mtime 1717559442.838323
File C:\Users\MARKtech\AppData\Local\Programs\Python\Python312\Lib\site-packages\django\core\files\storage\__init__.py first seen with mtime 1717559442.838323
File C:\Users\MARKtech\AppData\Local\Programs\Python\Python312\Lib\concurrent\futures\_base.py first seen with mtime 1712674218.0
File C:\Users\MARKtech\AppData\Local\Programs\Python\Python312\Lib\concurrent\futures\_base.py first seen with mtime 1712674218.0
File C:\Users\MARKtech\AppData\Local\Programs\Python\Python312\Lib\site-packages\django\utils\termcolors.py first seen with mtime 1717559446.2573166
File C:\Users\MARKtech\AppData\Local\Programs\Python\Python312\Lib\site-packages\django\utils\termcolors.py first seen with mtime 1717559446.2573166
File C:\Users\MARKtech\AppData\Local\Programs\Python\Python312\Lib\site-packages\django\template\smartif.py first seen with mtime 1717559445.269575
File C:\Users\MARKtech\AppData\Local\Programs\Python\Python312\Lib\site-packages\django\template\smartif.py first seen with mtime 1717559445.269575
File C:\Users\MARKtech\AppData\Local\Programs\Python\Python312\Lib\site-packages\django\core\checks\compatibility\__init__.py first seen with mtime 1717559442.744578
File C:\Users\MARKtech\AppData\Local\Programs\Python\Python312\Lib\site-packages\django\core\checks\compatibility\__init__.py first seen with mtime 1717559442.744578
File C:\Users\MARKtech\AppData\Local\Programs\Python\Python312\Lib\site-packages\django\utils\timesince.py first seen with mtime 1717559446.3666942
File C:\Users\MARKtech\AppData\Local\Programs\Python\Python312\Lib\site-packages\django\utils\timesince.py first seen with mtime 1717559446.3666942
File C:\Users\MARKtech\AppData\Local\Programs\Python\Python312\Lib\site-packages\django\db\models\utils.py first seen with mtime 1717559443.8410084
File C:\Users\MARKtech\AppData\Local\Programs\Python\Python312\Lib\site-packages\django\db\models\utils.py first seen with mtime 1717559443.8410084
File C:\Users\MARKtech\AppData\Local\Programs\Python\Python312\Lib\site-packages\django\core\files\storage\base.py first seen with mtime 1717559442.85395
File C:\Users\MARKtech\AppData\Local\Programs\Python\Python312\Lib\site-packages\django\core\files\storage\base.py first seen with mtime 1717559442.85395
File C:\Users\MARKtech\AppData\Local\Programs\Python\Python312\Lib\dataclasses.py first seen with mtime 1712674218.0
File C:\Users\MARKtech\AppData\Local\Programs\Python\Python312\Lib\dataclasses.py first seen with mtime 1712674218.0
File C:\Users\MARKtech\AppData\Local\Programs\Python\Python312\DLLs\_asyncio.pyd first seen with mtime 1712674262.0
File C:\Users\MARKtech\AppData\Local\Programs\Python\Python312\DLLs\_asyncio.pyd first seen with mtime 1712674262.0
File C:\Users\MARKtech\AppData\Local\Programs\Python\Python312\Lib\email\parser.py first seen with mtime 1712674218.0
File C:\Users\MARKtech\AppData\Local\Programs\Python\Python312\Lib\email\parser.py first seen with mtime 1712674218.0
File C:\Users\MARKtech\AppData\Local\Programs\Python\Python312\Lib\textwrap.py first seen with mtime 1712674218.0
File C:\Users\MARKtech\AppData\Local\Programs\Python\Python312\Lib\textwrap.py first seen with mtime 1712674218.0
File C:\Users\MARKtech\AppData\Local\Programs\Python\Python312\Lib\site-packages\MySQLdb\_exceptions.py first seen with mtime 1720572393.3336406
File C:\Users\MARKtech\AppData\Local\Programs\Python\Python312\Lib\site-packages\MySQLdb\_exceptions.py first seen with mtime 1720572393.3336406
File C:\Users\MARKtech\AppData\Local\Programs\Python\Python312\Lib\site-packages\django\contrib\auth\management\__init__.py first seen with mtime 1717559423.6390004
File C:\Users\MARKtech\AppData\Local\Programs\Python\Python312\Lib\site-packages\django\contrib\auth\management\__init__.py first seen with mtime 1717559423.6390004
File C:\Users\MARKtech\AppData\Local\Programs\Python\Python312\Lib\asyncio\trsock.py first seen with mtime 1712674218.0
File C:\Users\MARKtech\AppData\Local\Programs\Python\Python312\Lib\asyncio\trsock.py first seen with mtime 1712674218.0
File C:\Users\MARKtech\AppData\Local\Programs\Python\Python312\Lib\site-packages\django\db\backends\mysql\creation.py first seen with mtime 1717559443.4033368
File C:\Users\MARKtech\AppData\Local\Programs\Python\Python312\Lib\site-packages\django\db\backends\mysql\creation.py first seen with mtime 1717559443.4033368
File C:\Users\MARKtech\AppData\Local\Programs\Python\Python312\Lib\site-packages\django\template\response.py first seen with mtime 1717559445.2539608
File C:\Users\MARKtech\AppData\Local\Programs\Python\Python312\Lib\site-packages\django\template\response.py first seen with mtime 1717559445.2539608
File C:\Users\MARKtech\AppData\Local\Programs\Python\Python312\Lib\site-packages\django\utils\module_loading.py first seen with mtime 1717559446.2260652
File C:\Users\MARKtech\AppData\Local\Programs\Python\Python312\Lib\site-packages\django\utils\module_loading.py first seen with mtime 1717559446.2260652
File C:\Users\MARKtech\AppData\Local\Programs\Python\Python312\Lib\site-packages\django\db\backends\__init__.py first seen with mtime 1717559443.2939568
File C:\Users\MARKtech\AppData\Local\Programs\Python\Python312\Lib\site-packages\django\db\backends\__init__.py first seen with mtime 1717559443.2939568
File C:\Users\MARKtech\AppData\Local\Programs\Python\Python312\Lib\gettext.py first seen with mtime 1712674218.0
File C:\Users\MARKtech\AppData\Local\Programs\Python\Python312\Lib\gettext.py first seen with mtime 1712674218.0
File C:\Users\MARKtech\AppData\Local\Programs\Python\Python312\Lib\site-packages\django\db\backends\mysql\operations.py first seen with mtime 1717559443.4345853
File C:\Users\MARKtech\AppData\Local\Programs\Python\Python312\Lib\site-packages\django\db\backends\mysql\operations.py first seen with mtime 1717559443.4345853
File C:\Users\MARKtech\AppData\Local\Programs\Python\Python312\Lib\concurrent\futures\thread.py first seen with mtime 1712674218.0
File C:\Users\MARKtech\AppData\Local\Programs\Python\Python312\Lib\concurrent\futures\thread.py first seen with mtime 1712674218.0
File C:\Users\MARKtech\AppData\Local\Programs\Python\Python312\Lib\reprlib.py first seen with mtime 1712674218.0
File C:\Users\MARKtech\AppData\Local\Programs\Python\Python312\Lib\reprlib.py first seen with mtime 1712674218.0
File C:\Users\MARKtech\AppData\Local\Programs\Python\Python312\Lib\secrets.py first seen with mtime 1712674218.0
File C:\Users\MARKtech\AppData\Local\Programs\Python\Python312\Lib\secrets.py first seen with mtime 1712674218.0
File C:\Users\MARKtech\AppData\Local\Programs\Python\Python312\Lib\pprint.py first seen with mtime 1712674218.0
File C:\Users\MARKtech\AppData\Local\Programs\Python\Python312\Lib\pprint.py first seen with mtime 1712674218.0
File C:\Users\MARKtech\AppData\Local\Programs\Python\Python312\Lib\site-packages\django\utils\log.py first seen with mtime 1717559446.2104435
File C:\Users\MARKtech\AppData\Local\Programs\Python\Python312\Lib\site-packages\django\utils\log.py first seen with mtime 1717559446.2104435
File C:\Users\MARKtech\AppData\Local\Programs\Python\Python312\Lib\site-packages\django\core\files\storage\filesystem.py first seen with mtime 1717559442.85395
File C:\Users\MARKtech\AppData\Local\Programs\Python\Python312\Lib\site-packages\django\core\files\storage\filesystem.py first seen with mtime 1717559442.85395
File C:\Users\MARKtech\AppData\Local\Programs\Python\Python312\Lib\zoneinfo\__init__.py first seen with mtime 1712674218.0
File C:\Users\MARKtech\AppData\Local\Programs\Python\Python312\Lib\zoneinfo\__init__.py first seen with mtime 1712674218.0
File C:\Users\MARKtech\AppData\Local\Programs\Python\Python312\Lib\types.py first seen with mtime 1712674218.0
File C:\Users\MARKtech\AppData\Local\Programs\Python\Python312\Lib\types.py first seen with mtime 1712674218.0
File C:\Users\MARKtech\AppData\Local\Programs\Python\Python312\Lib\site-packages\django\db\models\options.py first seen with mtime 1717559443.8253806
File C:\Users\MARKtech\AppData\Local\Programs\Python\Python312\Lib\site-packages\django\db\models\options.py first seen with mtime 1717559443.8253806
File C:\Users\MARKtech\AppData\Local\Programs\Python\Python312\Lib\_compression.py first seen with mtime 1712674218.0
File C:\Users\MARKtech\AppData\Local\Programs\Python\Python312\Lib\_compression.py first seen with mtime 1712674218.0
File C:\Users\MARKtech\AppData\Local\Programs\Python\Python312\DLLs\_queue.pyd first seen with mtime 1712674262.0
File C:\Users\MARKtech\AppData\Local\Programs\Python\Python312\DLLs\_queue.pyd first seen with mtime 1712674262.0
File C:\Users\MARKtech\AppData\Local\Programs\Python\Python312\Lib\site-packages\django\template\loaders\app_directories.py first seen with mtime 1717559445.3320777
File C:\Users\MARKtech\AppData\Local\Programs\Python\Python312\Lib\site-packages\django\template\loaders\app_directories.py first seen with mtime 1717559445.3320777
File C:\Users\MARKtech\AppData\Local\Programs\Python\Python312\Lib\site-packages\django\contrib\contenttypes\fields.py first seen with mtime 1717559424.2777898
File C:\Users\MARKtech\AppData\Local\Programs\Python\Python312\Lib\site-packages\django\contrib\contenttypes\fields.py first seen with mtime 1717559424.2777898
File C:\Users\MARKtech\AppData\Local\Programs\Python\Python312\Lib\site-packages\django\contrib\sessions\middleware.py first seen with mtime 1717559439.0138035
File C:\Users\MARKtech\AppData\Local\Programs\Python\Python312\Lib\site-packages\django\contrib\sessions\middleware.py first seen with mtime 1717559439.0138035
File C:\Users\MARKtech\AppData\Local\Programs\Python\Python312\Lib\site-packages\django\views\decorators\csrf.py first seen with mtime 1717559446.5385635
File C:\Users\MARKtech\AppData\Local\Programs\Python\Python312\Lib\site-packages\django\views\decorators\csrf.py first seen with mtime 1717559446.5385635
File C:\Users\MARKtech\AppData\Local\Programs\Python\Python312\Lib\site-packages\django\core\checks\__init__.py first seen with mtime 1717559442.682071
File C:\Users\MARKtech\AppData\Local\Programs\Python\Python312\Lib\site-packages\django\core\checks\__init__.py first seen with mtime 1717559442.682071
File C:\Users\MARKtech\AppData\Local\Programs\Python\Python312\Lib\decimal.py first seen with mtime 1712674218.0
File C:\Users\MARKtech\AppData\Local\Programs\Python\Python312\Lib\decimal.py first seen with mtime 1712674218.0
File C:\Users\MARKtech\AppData\Local\Programs\Python\Python312\Lib\site-packages\django\utils\translation\__init__.py first seen with mtime 1717559446.413566
File C:\Users\MARKtech\AppData\Local\Programs\Python\Python312\Lib\site-packages\django\utils\translation\__init__.py first seen with mtime 1717559446.413566
File C:\Users\MARKtech\AppData\Local\Programs\Python\Python312\Lib\asyncio\exceptions.py first seen with mtime 1712674218.0
File C:\Users\MARKtech\AppData\Local\Programs\Python\Python312\Lib\asyncio\exceptions.py first seen with mtime 1712674218.0
File C:\Users\MARKtech\AppData\Local\Programs\Python\Python312\Lib\zoneinfo\_common.py first seen with mtime 1712674218.0
File C:\Users\MARKtech\AppData\Local\Programs\Python\Python312\Lib\zoneinfo\_common.py first seen with mtime 1712674218.0
File C:\Users\MARKtech\AppData\Local\Programs\Python\Python312\Lib\site-packages\django\contrib\admin\templatetags\log.py first seen with mtime 1717559419.3736708
File C:\Users\MARKtech\AppData\Local\Programs\Python\Python312\Lib\site-packages\django\contrib\admin\templatetags\log.py first seen with mtime 1717559419.3736708
File C:\Users\MARKtech\AppData\Local\Programs\Python\Python312\Lib\logging\config.py first seen with mtime 1712674218.0
File C:\Users\MARKtech\AppData\Local\Programs\Python\Python312\Lib\logging\config.py first seen with mtime 1712674218.0
File C:\Users\MARKtech\AppData\Local\Programs\Python\Python312\Lib\keyword.py first seen with mtime 1712674218.0
File C:\Users\MARKtech\AppData\Local\Programs\Python\Python312\Lib\keyword.py first seen with mtime 1712674218.0
File C:\Users\MARKtech\AppData\Local\Programs\Python\Python312\Lib\site-packages\django\contrib\__init__.py first seen with mtime 1717559413.1342309
File C:\Users\MARKtech\AppData\Local\Programs\Python\Python312\Lib\site-packages\django\contrib\__init__.py first seen with mtime 1717559413.1342309
File C:\Users\MARKtech\AppData\Local\Programs\Python\Python312\Lib\site-packages\django\contrib\messages\api.py first seen with mtime 1717559434.8595436
File C:\Users\MARKtech\AppData\Local\Programs\Python\Python312\Lib\site-packages\django\contrib\messages\api.py first seen with mtime 1717559434.8595436
File C:\Users\MARKtech\AppData\Local\Programs\Python\Python312\Lib\json\decoder.py first seen with mtime 1712674218.0
File C:\Users\MARKtech\AppData\Local\Programs\Python\Python312\Lib\json\decoder.py first seen with mtime 1712674218.0
File C:\Users\MARKtech\AppData\Local\Programs\Python\Python312\Lib\site-packages\django\db\backends\base\schema.py first seen with mtime 1717559443.3564713
File C:\Users\MARKtech\AppData\Local\Programs\Python\Python312\Lib\site-packages\django\db\backends\base\schema.py first seen with mtime 1717559443.3564713
File C:\Users\MARKtech\AppData\Local\Programs\Python\Python312\Lib\site-packages\django\views\generic\list.py first seen with mtime 1717559446.6166992
File C:\Users\MARKtech\AppData\Local\Programs\Python\Python312\Lib\site-packages\django\views\generic\list.py first seen with mtime 1717559446.6166992
File C:\Users\MARKtech\AppData\Local\Programs\Python\Python312\Lib\site-packages\django\template\defaultfilters.py first seen with mtime 1717559445.1914506
File C:\Users\MARKtech\AppData\Local\Programs\Python\Python312\Lib\site-packages\django\template\defaultfilters.py first seen with mtime 1717559445.1914506
File C:\Users\MARKtech\AppData\Local\Programs\Python\Python312\Lib\site-packages\django\db\models\functions\datetime.py first seen with mtime 1717559443.9191475
File C:\Users\MARKtech\AppData\Local\Programs\Python\Python312\Lib\site-packages\django\db\models\functions\datetime.py first seen with mtime 1717559443.9191475
File C:\Users\MARKtech\AppData\Local\Programs\Python\Python312\Lib\graphlib.py first seen with mtime 1712674218.0
File C:\Users\MARKtech\AppData\Local\Programs\Python\Python312\Lib\graphlib.py first seen with mtime 1712674218.0
File C:\Users\MARKtech\AppData\Local\Programs\Python\Python312\Lib\site-packages\django\contrib\auth\middleware.py first seen with mtime 1717559421.7392418
File C:\Users\MARKtech\AppData\Local\Programs\Python\Python312\Lib\site-packages\django\contrib\auth\middleware.py first seen with mtime 1717559421.7392418
File C:\Users\MARKtech\AppData\Local\Programs\Python\Python312\Lib\http\server.py first seen with mtime 1712674218.0
File C:\Users\MARKtech\AppData\Local\Programs\Python\Python312\Lib\http\server.py first seen with mtime 1712674218.0
File C:\Users\MARKtech\AppData\Local\Programs\Python\Python312\Lib\site-packages\django\contrib\contenttypes\admin.py first seen with mtime 1717559424.246539
File C:\Users\MARKtech\AppData\Local\Programs\Python\Python312\Lib\site-packages\django\contrib\contenttypes\admin.py first seen with mtime 1717559424.246539
File C:\Users\MARKtech\AppData\Local\Programs\Python\Python312\Lib\site-packages\django\core\checks\model_checks.py first seen with mtime 1717559442.7133262
File C:\Users\MARKtech\AppData\Local\Programs\Python\Python312\Lib\site-packages\django\core\checks\model_checks.py first seen with mtime 1717559442.7133262
File C:\Users\MARKtech\AppData\Local\Programs\Python\Python312\Lib\site-packages\django\http\request.py first seen with mtime 1717559445.0382962
File C:\Users\MARKtech\AppData\Local\Programs\Python\Python312\Lib\site-packages\django\http\request.py first seen with mtime 1717559445.0382962
File C:\Users\MARKtech\AppData\Local\Programs\Python\Python312\Lib\site-packages\django\core\validators.py first seen with mtime 1717559442.6039424
File C:\Users\MARKtech\AppData\Local\Programs\Python\Python312\Lib\site-packages\django\core\validators.py first seen with mtime 1717559442.6039424
File C:\Users\MARKtech\AppData\Local\Programs\Python\Python312\Lib\pathlib.py first seen with mtime 1712674218.0
File C:\Users\MARKtech\AppData\Local\Programs\Python\Python312\Lib\pathlib.py first seen with mtime 1712674218.0
File C:\Users\MARKtech\AppData\Local\Programs\Python\Python312\Lib\email\_parseaddr.py first seen with mtime 1712674218.0
File C:\Users\MARKtech\AppData\Local\Programs\Python\Python312\Lib\email\_parseaddr.py first seen with mtime 1712674218.0
File C:\Users\MARKtech\AppData\Local\Programs\Python\Python312\Lib\site-packages\django\contrib\auth\models.py first seen with mtime 1717559421.7548585
File C:\Users\MARKtech\AppData\Local\Programs\Python\Python312\Lib\site-packages\django\contrib\auth\models.py first seen with mtime 1717559421.7548585
File C:\Users\MARKtech\AppData\Local\Programs\Python\Python312\Lib\re\_parser.py first seen with mtime 1712674218.0
File C:\Users\MARKtech\AppData\Local\Programs\Python\Python312\Lib\re\_parser.py first seen with mtime 1712674218.0
File C:\Users\MARKtech\Desktop\django1\djangoapp\my_app\models\__init__.py first seen with mtime 1722854099.5755365
File C:\Users\MARKtech\Desktop\django1\djangoapp\my_app\models\__init__.py first seen with mtime 1722854099.5755365
File C:\Users\MARKtech\AppData\Local\Programs\Python\Python312\Lib\site-packages\django\core\handlers\wsgi.py first seen with mtime 1717559442.9008212
File C:\Users\MARKtech\AppData\Local\Programs\Python\Python312\Lib\site-packages\django\core\handlers\wsgi.py first seen with mtime 1717559442.9008212
File C:\Users\MARKtech\AppData\Local\Programs\Python\Python312\Lib\urllib\error.py first seen with mtime 1712674218.0
File C:\Users\MARKtech\AppData\Local\Programs\Python\Python312\Lib\urllib\error.py first seen with mtime 1712674218.0
File C:\Users\MARKtech\AppData\Local\Programs\Python\Python312\Lib\site-packages\django\db\models\manager.py first seen with mtime 1717559443.809761
File C:\Users\MARKtech\AppData\Local\Programs\Python\Python312\Lib\site-packages\django\db\models\manager.py first seen with mtime 1717559443.809761
File C:\Users\MARKtech\AppData\Local\Programs\Python\Python312\Lib\site-packages\django\urls\conf.py first seen with mtime 1717559445.566472
File C:\Users\MARKtech\AppData\Local\Programs\Python\Python312\Lib\site-packages\django\urls\conf.py first seen with mtime 1717559445.566472
File C:\Users\MARKtech\Desktop\django1\djangoapp\manage.py first seen with mtime 1718541499.0127552
File C:\Users\MARKtech\Desktop\django1\djangoapp\manage.py first seen with mtime 1718541499.0127552
File C:\Users\MARKtech\AppData\Local\Programs\Python\Python312\Lib\site-packages\django\utils\text.py first seen with mtime 1717559446.3511038
File C:\Users\MARKtech\AppData\Local\Programs\Python\Python312\Lib\site-packages\django\utils\text.py first seen with mtime 1717559446.3511038
File C:\Users\MARKtech\AppData\Local\Programs\Python\Python312\Lib\site-packages\django\template\library.py first seen with mtime 1717559445.222701
File C:\Users\MARKtech\AppData\Local\Programs\Python\Python312\Lib\site-packages\django\template\library.py first seen with mtime 1717559445.222701
File C:\Users\MARKtech\AppData\Local\Programs\Python\Python312\Lib\site-packages\django\template\autoreload.py first seen with mtime 1717559445.1601954
File C:\Users\MARKtech\AppData\Local\Programs\Python\Python312\Lib\site-packages\django\template\autoreload.py first seen with mtime 1717559445.1601954
File C:\Users\MARKtech\AppData\Local\Programs\Python\Python312\Lib\site-packages\django\utils\asyncio.py first seen with mtime 1717559445.6445718
File C:\Users\MARKtech\AppData\Local\Programs\Python\Python312\Lib\site-packages\django\utils\asyncio.py first seen with mtime 1717559445.6445718
File C:\Users\MARKtech\AppData\Local\Programs\Python\Python312\Lib\site-packages\django\utils\tree.py first seen with mtime 1717559446.3823192
File C:\Users\MARKtech\AppData\Local\Programs\Python\Python312\Lib\site-packages\django\utils\tree.py first seen with mtime 1717559446.3823192
File C:\Users\MARKtech\AppData\Local\Programs\Python\Python312\Lib\site-packages\django\db\models\functions\math.py first seen with mtime 1717559443.934756
File C:\Users\MARKtech\AppData\Local\Programs\Python\Python312\Lib\site-packages\django\db\models\functions\math.py first seen with mtime 1717559443.934756
File C:\Users\MARKtech\AppData\Local\Programs\Python\Python312\Lib\site-packages\django\views\generic\dates.py first seen with mtime 1717559446.6010633
File C:\Users\MARKtech\AppData\Local\Programs\Python\Python312\Lib\site-packages\django\views\generic\dates.py first seen with mtime 1717559446.6010633
File C:\Users\MARKtech\AppData\Local\Programs\Python\Python312\Lib\asyncio\base_tasks.py first seen with mtime 1712674218.0
File C:\Users\MARKtech\AppData\Local\Programs\Python\Python312\Lib\asyncio\base_tasks.py first seen with mtime 1712674218.0
File C:\Users\MARKtech\AppData\Local\Programs\Python\Python312\Lib\site-packages\sqlparse\lexer.py first seen with mtime 1717559404.2601461
File C:\Users\MARKtech\AppData\Local\Programs\Python\Python312\Lib\site-packages\sqlparse\lexer.py first seen with mtime 1717559404.2601461
File C:\Users\MARKtech\AppData\Local\Programs\Python\Python312\Lib\site-packages\django\template\engine.py first seen with mtime 1717559445.2070818
File C:\Users\MARKtech\AppData\Local\Programs\Python\Python312\Lib\site-packages\django\template\engine.py first seen with mtime 1717559445.2070818
File C:\Users\MARKtech\AppData\Local\Programs\Python\Python312\Lib\logging\__init__.py first seen with mtime 1712674218.0
File C:\Users\MARKtech\AppData\Local\Programs\Python\Python312\Lib\logging\__init__.py first seen with mtime 1712674218.0
File C:\Users\MARKtech\AppData\Local\Programs\Python\Python312\Lib\site-packages\django\utils\http.py first seen with mtime 1717559446.0056458
File C:\Users\MARKtech\AppData\Local\Programs\Python\Python312\Lib\site-packages\django\utils\http.py first seen with mtime 1717559446.0056458
File C:\Users\MARKtech\AppData\Local\Programs\Python\Python312\Lib\site-packages\django\core\files\base.py first seen with mtime 1717559442.7914426
File C:\Users\MARKtech\AppData\Local\Programs\Python\Python312\Lib\site-packages\django\core\files\base.py first seen with mtime 1717559442.7914426
File C:\Users\MARKtech\AppData\Local\Programs\Python\Python312\Lib\site-packages\django\db\models\functions\text.py first seen with mtime 1717559443.934756
File C:\Users\MARKtech\AppData\Local\Programs\Python\Python312\Lib\site-packages\django\db\models\functions\text.py first seen with mtime 1717559443.934756
File C:\Users\MARKtech\AppData\Local\Programs\Python\Python312\Lib\asyncio\tasks.py first seen with mtime 1712674218.0
File C:\Users\MARKtech\AppData\Local\Programs\Python\Python312\Lib\asyncio\tasks.py first seen with mtime 1712674218.0
File C:\Users\MARKtech\AppData\Local\Programs\Python\Python312\Lib\site-packages\django\contrib\contenttypes\__init__.py first seen with mtime 1717559424.246539
File C:\Users\MARKtech\AppData\Local\Programs\Python\Python312\Lib\site-packages\django\contrib\contenttypes\__init__.py first seen with mtime 1717559424.246539
File C:\Users\MARKtech\AppData\Local\Programs\Python\Python312\Lib\site-packages\django\db\backends\base\client.py first seen with mtime 1717559443.3252099
File C:\Users\MARKtech\AppData\Local\Programs\Python\Python312\Lib\site-packages\django\db\backends\base\client.py first seen with mtime 1717559443.3252099
File C:\Users\MARKtech\AppData\Local\Programs\Python\Python312\Lib\site-packages\django\contrib\sessions\models.py first seen with mtime 1717559439.0294101
File C:\Users\MARKtech\AppData\Local\Programs\Python\Python312\Lib\site-packages\django\contrib\sessions\models.py first seen with mtime 1717559439.0294101
File C:\Users\MARKtech\AppData\Local\Programs\Python\Python312\Lib\site-packages\django\core\files\move.py first seen with mtime 1717559442.807063
File C:\Users\MARKtech\AppData\Local\Programs\Python\Python312\Lib\site-packages\django\core\files\move.py first seen with mtime 1717559442.807063
File C:\Users\MARKtech\AppData\Local\Programs\Python\Python312\Lib\site-packages\django\urls\exceptions.py first seen with mtime 1717559445.5820954
File C:\Users\MARKtech\AppData\Local\Programs\Python\Python312\Lib\site-packages\django\urls\exceptions.py first seen with mtime 1717559445.5820954
File C:\Users\MARKtech\AppData\Local\Programs\Python\Python312\Lib\asyncio\selector_events.py first seen with mtime 1712674218.0
File C:\Users\MARKtech\AppData\Local\Programs\Python\Python312\Lib\asyncio\selector_events.py first seen with mtime 1712674218.0
File C:\Users\MARKtech\AppData\Local\Programs\Python\Python312\Lib\site-packages\django\contrib\admin\sites.py first seen with mtime 1717559413.2435794
File C:\Users\MARKtech\AppData\Local\Programs\Python\Python312\Lib\site-packages\django\contrib\admin\sites.py first seen with mtime 1717559413.2435794
File C:\Users\MARKtech\AppData\Local\Programs\Python\Python312\Lib\site-packages\django\utils\datastructures.py first seen with mtime 1717559445.7400148
File C:\Users\MARKtech\AppData\Local\Programs\Python\Python312\Lib\site-packages\django\utils\datastructures.py first seen with mtime 1717559445.7400148
File C:\Users\MARKtech\AppData\Local\Programs\Python\Python312\Lib\site-packages\django\contrib\admin\templatetags\__init__.py first seen with mtime 1717559419.342414
File C:\Users\MARKtech\AppData\Local\Programs\Python\Python312\Lib\site-packages\django\contrib\admin\templatetags\__init__.py first seen with mtime 1717559419.342414
File C:\Users\MARKtech\AppData\Local\Programs\Python\Python312\Lib\operator.py first seen with mtime 1712674218.0
File C:\Users\MARKtech\AppData\Local\Programs\Python\Python312\Lib\operator.py first seen with mtime 1712674218.0
File C:\Users\MARKtech\AppData\Local\Programs\Python\Python312\Lib\site-packages\sqlparse\cli.py first seen with mtime 1717559404.2132711
File C:\Users\MARKtech\AppData\Local\Programs\Python\Python312\Lib\site-packages\sqlparse\cli.py first seen with mtime 1717559404.2132711
File C:\Users\MARKtech\AppData\Local\Programs\Python\Python312\Lib\site-packages\django\utils\itercompat.py first seen with mtime 1717559446.0681512
File C:\Users\MARKtech\AppData\Local\Programs\Python\Python312\Lib\site-packages\django\utils\itercompat.py first seen with mtime 1717559446.0681512
File C:\Users\MARKtech\AppData\Local\Programs\Python\Python312\Lib\site-packages\django\core\exceptions.py first seen with mtime 1717559442.557068
File C:\Users\MARKtech\AppData\Local\Programs\Python\Python312\Lib\site-packages\django\core\exceptions.py first seen with mtime 1717559442.557068
File C:\Users\MARKtech\AppData\Local\Programs\Python\Python312\Lib\email\mime\message.py first seen with mtime 1712674218.0
File C:\Users\MARKtech\AppData\Local\Programs\Python\Python312\Lib\email\mime\message.py first seen with mtime 1712674218.0
File C:\Users\MARKtech\AppData\Local\Programs\Python\Python312\Lib\site-packages\django\contrib\auth\tokens.py first seen with mtime 1717559421.78611
File C:\Users\MARKtech\AppData\Local\Programs\Python\Python312\Lib\site-packages\django\contrib\auth\tokens.py first seen with mtime 1717559421.78611
File C:\Users\MARKtech\AppData\Local\Programs\Python\Python312\Lib\site-packages\django\core\mail\message.py first seen with mtime 1717559442.9164326
File C:\Users\MARKtech\AppData\Local\Programs\Python\Python312\Lib\site-packages\django\core\mail\message.py first seen with mtime 1717559442.9164326
File C:\Users\MARKtech\AppData\Local\Programs\Python\Python312\Lib\asyncio\threads.py first seen with mtime 1712674218.0
File C:\Users\MARKtech\AppData\Local\Programs\Python\Python312\Lib\asyncio\threads.py first seen with mtime 1712674218.0
File C:\Users\MARKtech\AppData\Local\Programs\Python\Python312\Lib\copyreg.py first seen with mtime 1712674218.0
File C:\Users\MARKtech\AppData\Local\Programs\Python\Python312\Lib\copyreg.py first seen with mtime 1712674218.0
File C:\Users\MARKtech\AppData\Local\Programs\Python\Python312\Lib\site-packages\django\db\backends\mysql\introspection.py first seen with mtime 1717559443.4189723
File C:\Users\MARKtech\AppData\Local\Programs\Python\Python312\Lib\site-packages\django\db\backends\mysql\introspection.py first seen with mtime 1717559443.4189723
File C:\Users\MARKtech\AppData\Local\Programs\Python\Python312\Lib\site-packages\django\http\cookie.py first seen with mtime 1717559445.0226762
File C:\Users\MARKtech\AppData\Local\Programs\Python\Python312\Lib\site-packages\django\http\cookie.py first seen with mtime 1717559445.0226762
File C:\Users\MARKtech\AppData\Local\Programs\Python\Python312\Lib\site-packages\sqlparse\exceptions.py first seen with mtime 1717559404.2288928
File C:\Users\MARKtech\AppData\Local\Programs\Python\Python312\Lib\site-packages\sqlparse\exceptions.py first seen with mtime 1717559404.2288928
File C:\Users\MARKtech\AppData\Local\Programs\Python\Python312\Lib\site-packages\django\core\serializers\base.py first seen with mtime 1717559443.2158494
File C:\Users\MARKtech\AppData\Local\Programs\Python\Python312\Lib\site-packages\django\core\serializers\base.py first seen with mtime 1717559443.2158494
File C:\Users\MARKtech\AppData\Local\Programs\Python\Python312\Lib\site-packages\django\db\backends\mysql\__init__.py first seen with mtime 1717559443.3877237
File C:\Users\MARKtech\AppData\Local\Programs\Python\Python312\Lib\site-packages\django\db\backends\mysql\__init__.py first seen with mtime 1717559443.3877237
File C:\Users\MARKtech\AppData\Local\Programs\Python\Python312\Lib\site-packages\django\contrib\admin\__init__.py first seen with mtime 1717559413.1498327
File C:\Users\MARKtech\AppData\Local\Programs\Python\Python312\Lib\site-packages\django\contrib\admin\__init__.py first seen with mtime 1717559413.1498327
File C:\Users\MARKtech\AppData\Local\Programs\Python\Python312\Lib\site-packages\django\middleware\__init__.py first seen with mtime 1717559445.0539308
File C:\Users\MARKtech\AppData\Local\Programs\Python\Python312\Lib\site-packages\django\middleware\__init__.py first seen with mtime 1717559445.0539308
File C:\Users\MARKtech\AppData\Local\Programs\Python\Python312\Lib\lzma.py first seen with mtime 1712674218.0
File C:\Users\MARKtech\AppData\Local\Programs\Python\Python312\Lib\lzma.py first seen with mtime 1712674218.0
File C:\Users\MARKtech\AppData\Local\Programs\Python\Python312\Lib\site-packages\django\utils\translation\reloader.py first seen with mtime 1717559446.413566
File C:\Users\MARKtech\AppData\Local\Programs\Python\Python312\Lib\site-packages\django\utils\translation\reloader.py first seen with mtime 1717559446.413566
File C:\Users\MARKtech\AppData\Local\Programs\Python\Python312\Lib\site-packages\django\core\checks\security\base.py first seen with mtime 1717559442.760224
File C:\Users\MARKtech\AppData\Local\Programs\Python\Python312\Lib\site-packages\django\core\checks\security\base.py first seen with mtime 1717559442.760224
File C:\Users\MARKtech\AppData\Local\Programs\Python\Python312\Lib\site-packages\django\contrib\admin\widgets.py first seen with mtime 1717559413.2592037
File C:\Users\MARKtech\AppData\Local\Programs\Python\Python312\Lib\site-packages\django\contrib\admin\widgets.py first seen with mtime 1717559413.2592037
File C:\Users\MARKtech\AppData\Local\Programs\Python\Python312\Lib\site-packages\django\apps\__init__.py first seen with mtime 1717559408.962111
File C:\Users\MARKtech\AppData\Local\Programs\Python\Python312\Lib\site-packages\django\apps\__init__.py first seen with mtime 1717559408.962111
File C:\Users\MARKtech\AppData\Local\Programs\Python\Python312\Lib\site-packages\django\template\__init__.py first seen with mtime 1717559445.1476822
File C:\Users\MARKtech\AppData\Local\Programs\Python\Python312\Lib\site-packages\django\template\__init__.py first seen with mtime 1717559445.1476822
File C:\Users\MARKtech\AppData\Local\Programs\Python\Python312\Lib\site-packages\django\contrib\messages\storage\base.py first seen with mtime 1717559434.9220262
File C:\Users\MARKtech\AppData\Local\Programs\Python\Python312\Lib\site-packages\django\contrib\messages\storage\base.py first seen with mtime 1717559434.9220262
File C:\Users\MARKtech\AppData\Local\Programs\Python\Python312\Lib\uuid.py first seen with mtime 1712674218.0
File C:\Users\MARKtech\AppData\Local\Programs\Python\Python312\Lib\uuid.py first seen with mtime 1712674218.0
File C:\Users\MARKtech\AppData\Local\Programs\Python\Python312\Lib\email\mime\__init__.py first seen with mtime 1712674218.0
File C:\Users\MARKtech\AppData\Local\Programs\Python\Python312\Lib\email\mime\__init__.py first seen with mtime 1712674218.0
File C:\Users\MARKtech\AppData\Local\Programs\Python\Python312\Lib\http\client.py first seen with mtime 1712674218.0
File C:\Users\MARKtech\AppData\Local\Programs\Python\Python312\Lib\http\client.py first seen with mtime 1712674218.0
File C:\Users\MARKtech\AppData\Local\Programs\Python\Python312\Lib\selectors.py first seen with mtime 1712674218.0
File C:\Users\MARKtech\AppData\Local\Programs\Python\Python312\Lib\selectors.py first seen with mtime 1712674218.0
File C:\Users\MARKtech\AppData\Local\Programs\Python\Python312\Lib\contextlib.py first seen with mtime 1712674218.0
File C:\Users\MARKtech\AppData\Local\Programs\Python\Python312\Lib\contextlib.py first seen with mtime 1712674218.0
File C:\Users\MARKtech\AppData\Local\Programs\Python\Python312\Lib\site-packages\django\contrib\staticfiles\management\commands\__init__.py first seen with mtime 1717559442.5101793
File C:\Users\MARKtech\AppData\Local\Programs\Python\Python312\Lib\site-packages\django\contrib\staticfiles\management\commands\__init__.py first seen with mtime 1717559442.5101793
File C:\Users\MARKtech\Desktop\django1\djangoapp\my_app\models\school.py first seen with mtime 1722925578.6177933
File C:\Users\MARKtech\Desktop\django1\djangoapp\my_app\models\school.py first seen with mtime 1722925578.6177933
File C:\Users\MARKtech\AppData\Local\Programs\Python\Python312\Lib\site-packages\sqlparse\keywords.py first seen with mtime 1717559404.2445195
File C:\Users\MARKtech\AppData\Local\Programs\Python\Python312\Lib\site-packages\sqlparse\keywords.py first seen with mtime 1717559404.2445195
File C:\Users\MARKtech\AppData\Local\Programs\Python\Python312\Lib\site-packages\django\contrib\auth\base_user.py first seen with mtime 1717559421.6923678
File C:\Users\MARKtech\AppData\Local\Programs\Python\Python312\Lib\site-packages\django\contrib\auth\base_user.py first seen with mtime 1717559421.6923678
File C:\Users\MARKtech\AppData\Local\Programs\Python\Python312\Lib\site-packages\django\db\models\sql\constants.py first seen with mtime 1717559443.9660232
File C:\Users\MARKtech\AppData\Local\Programs\Python\Python312\Lib\site-packages\django\db\models\sql\constants.py first seen with mtime 1717559443.9660232
File C:\Users\MARKtech\AppData\Local\Programs\Python\Python312\Lib\site-packages\django\db\backends\signals.py first seen with mtime 1717559443.2939568
File C:\Users\MARKtech\AppData\Local\Programs\Python\Python312\Lib\site-packages\django\db\backends\signals.py first seen with mtime 1717559443.2939568
File C:\Users\MARKtech\AppData\Local\Programs\Python\Python312\Lib\site-packages\django\templatetags\static.py first seen with mtime 1717559445.44145
File C:\Users\MARKtech\AppData\Local\Programs\Python\Python312\Lib\site-packages\django\templatetags\static.py first seen with mtime 1717559445.44145
File C:\Users\MARKtech\AppData\Local\Programs\Python\Python312\Lib\site-packages\django\utils\formats.py first seen with mtime 1717559445.9743893
File C:\Users\MARKtech\AppData\Local\Programs\Python\Python312\Lib\site-packages\django\utils\formats.py first seen with mtime 1717559445.9743893
File C:\Users\MARKtech\AppData\Local\Programs\Python\Python312\Lib\urllib\request.py first seen with mtime 1712674218.0
File C:\Users\MARKtech\AppData\Local\Programs\Python\Python312\Lib\urllib\request.py first seen with mtime 1712674218.0
File C:\Users\MARKtech\AppData\Local\Programs\Python\Python312\Lib\site-packages\django\contrib\staticfiles\management\__init__.py first seen with mtime 1717559442.5101793
File C:\Users\MARKtech\AppData\Local\Programs\Python\Python312\Lib\site-packages\django\contrib\staticfiles\management\__init__.py first seen with mtime 1717559442.5101793
File C:\Users\MARKtech\AppData\Local\Programs\Python\Python312\Lib\asyncio\constants.py first seen with mtime 1712674218.0
File C:\Users\MARKtech\AppData\Local\Programs\Python\Python312\Lib\asyncio\constants.py first seen with mtime 1712674218.0
File C:\Users\MARKtech\AppData\Local\Programs\Python\Python312\Lib\site-packages\django\db\models\constraints.py first seen with mtime 1717559443.7628896
File C:\Users\MARKtech\AppData\Local\Programs\Python\Python312\Lib\site-packages\django\db\models\constraints.py first seen with mtime 1717559443.7628896
File C:\Users\MARKtech\AppData\Local\Programs\Python\Python312\Lib\asyncio\streams.py first seen with mtime 1712674218.0
File C:\Users\MARKtech\AppData\Local\Programs\Python\Python312\Lib\asyncio\streams.py first seen with mtime 1712674218.0
File C:\Users\MARKtech\AppData\Local\Programs\Python\Python312\Lib\site-packages\django\core\signals.py first seen with mtime 1717559442.5884178
File C:\Users\MARKtech\AppData\Local\Programs\Python\Python312\Lib\site-packages\django\core\signals.py first seen with mtime 1717559442.5884178
File C:\Users\MARKtech\AppData\Local\Programs\Python\Python312\Lib\datetime.py first seen with mtime 1712674218.0
File C:\Users\MARKtech\AppData\Local\Programs\Python\Python312\Lib\datetime.py first seen with mtime 1712674218.0
File C:\Users\MARKtech\AppData\Local\Programs\Python\Python312\Lib\site-packages\django\contrib\messages\apps.py first seen with mtime 1717559434.8595436
File C:\Users\MARKtech\AppData\Local\Programs\Python\Python312\Lib\site-packages\django\contrib\messages\apps.py first seen with mtime 1717559434.8595436
File C:\Users\MARKtech\AppData\Local\Programs\Python\Python312\Lib\site-packages\django\contrib\auth\backends.py first seen with mtime 1717559421.6767423
File C:\Users\MARKtech\AppData\Local\Programs\Python\Python312\Lib\site-packages\django\contrib\auth\backends.py first seen with mtime 1717559421.6767423
File C:\Users\MARKtech\AppData\Local\Programs\Python\Python312\Lib\site-packages\django\core\serializers\python.py first seen with mtime 1717559443.2314663
File C:\Users\MARKtech\AppData\Local\Programs\Python\Python312\Lib\site-packages\django\core\serializers\python.py first seen with mtime 1717559443.2314663
File C:\Users\MARKtech\AppData\Local\Programs\Python\Python312\Lib\dis.py first seen with mtime 1712674218.0
File C:\Users\MARKtech\AppData\Local\Programs\Python\Python312\Lib\dis.py first seen with mtime 1712674218.0
File C:\Users\MARKtech\AppData\Local\Programs\Python\Python312\Lib\site-packages\django\contrib\admin\apps.py first seen with mtime 1717559413.1654828
File C:\Users\MARKtech\AppData\Local\Programs\Python\Python312\Lib\site-packages\django\contrib\admin\apps.py first seen with mtime 1717559413.1654828
File C:\Users\MARKtech\AppData\Local\Programs\Python\Python312\Lib\site-packages\django\template\defaulttags.py first seen with mtime 1717559445.2070818
File C:\Users\MARKtech\AppData\Local\Programs\Python\Python312\Lib\site-packages\django\template\defaulttags.py first seen with mtime 1717559445.2070818
File C:\Users\MARKtech\AppData\Local\Programs\Python\Python312\Lib\site-packages\django\core\checks\urls.py first seen with mtime 1717559442.744578
File C:\Users\MARKtech\AppData\Local\Programs\Python\Python312\Lib\site-packages\django\core\checks\urls.py first seen with mtime 1717559442.744578
File C:\Users\MARKtech\AppData\Local\Programs\Python\Python312\Lib\site-packages\django\core\handlers\base.py first seen with mtime 1717559442.8851998
File C:\Users\MARKtech\AppData\Local\Programs\Python\Python312\Lib\site-packages\django\core\handlers\base.py first seen with mtime 1717559442.8851998
File C:\Users\MARKtech\AppData\Local\Programs\Python\Python312\Lib\site-packages\django\contrib\auth\__init__.py first seen with mtime 1717559421.6611066
File C:\Users\MARKtech\AppData\Local\Programs\Python\Python312\Lib\site-packages\django\contrib\auth\__init__.py first seen with mtime 1717559421.6611066
File C:\Users\MARKtech\AppData\Local\Programs\Python\Python312\Lib\site-packages\django\core\files\__init__.py first seen with mtime 1717559442.7914426
File C:\Users\MARKtech\AppData\Local\Programs\Python\Python312\Lib\site-packages\django\core\files\__init__.py first seen with mtime 1717559442.7914426
File C:\Users\MARKtech\AppData\Local\Programs\Python\Python312\Lib\asyncio\windows_events.py first seen with mtime 1712674218.0
File C:\Users\MARKtech\AppData\Local\Programs\Python\Python312\Lib\asyncio\windows_events.py first seen with mtime 1712674218.0
File C:\Users\MARKtech\AppData\Local\Programs\Python\Python312\Lib\site-packages\django\db\backends\base\operations.py first seen with mtime 1717559443.3408375
File C:\Users\MARKtech\AppData\Local\Programs\Python\Python312\Lib\site-packages\django\db\backends\base\operations.py first seen with mtime 1717559443.3408375
File C:\Users\MARKtech\AppData\Local\Programs\Python\Python312\Lib\site-packages\django\contrib\auth\validators.py first seen with mtime 1717559421.78611
File C:\Users\MARKtech\AppData\Local\Programs\Python\Python312\Lib\site-packages\django\contrib\auth\validators.py first seen with mtime 1717559421.78611
File C:\Users\MARKtech\AppData\Local\Programs\Python\Python312\Lib\site-packages\django\template\backends\base.py first seen with mtime 1717559445.285213
File C:\Users\MARKtech\AppData\Local\Programs\Python\Python312\Lib\site-packages\django\template\backends\base.py first seen with mtime 1717559445.285213
File C:\Users\MARKtech\AppData\Local\Programs\Python\Python312\Lib\site-packages\django\utils\autoreload.py first seen with mtime 1717559445.6445718
File C:\Users\MARKtech\AppData\Local\Programs\Python\Python312\Lib\site-packages\django\utils\autoreload.py first seen with mtime 1717559445.6445718
File C:\Users\MARKtech\AppData\Local\Programs\Python\Python312\Lib\site-packages\django\utils\regex_helper.py first seen with mtime 1717559446.2417057
File C:\Users\MARKtech\AppData\Local\Programs\Python\Python312\Lib\site-packages\django\utils\regex_helper.py first seen with mtime 1717559446.2417057
File C:\Users\MARKtech\AppData\Local\Programs\Python\Python312\Lib\site-packages\django\views\debug.py first seen with mtime 1717559446.4760776
File C:\Users\MARKtech\AppData\Local\Programs\Python\Python312\Lib\site-packages\django\views\debug.py first seen with mtime 1717559446.4760776
File C:\Users\MARKtech\Desktop\django1\djangoapp\my_app\models\user.py first seen with mtime 1720796860.2880425
File C:\Users\MARKtech\Desktop\django1\djangoapp\my_app\models\user.py first seen with mtime 1720796860.2880425
File C:\Users\MARKtech\AppData\Local\Programs\Python\Python312\Lib\json\scanner.py first seen with mtime 1712674218.0
File C:\Users\MARKtech\AppData\Local\Programs\Python\Python312\Lib\json\scanner.py first seen with mtime 1712674218.0
File C:\Users\MARKtech\AppData\Local\Programs\Python\Python312\Lib\logging\handlers.py first seen with mtime 1712674218.0
File C:\Users\MARKtech\AppData\Local\Programs\Python\Python312\Lib\logging\handlers.py first seen with mtime 1712674218.0
File C:\Users\MARKtech\AppData\Local\Programs\Python\Python312\Lib\site-packages\django\db\models\fields\proxy.py first seen with mtime 1717559443.872257
File C:\Users\MARKtech\AppData\Local\Programs\Python\Python312\Lib\site-packages\django\db\models\fields\proxy.py first seen with mtime 1717559443.872257
File C:\Users\MARKtech\AppData\Local\Programs\Python\Python312\Lib\asyncio\base_futures.py first seen with mtime 1712674218.0
File C:\Users\MARKtech\AppData\Local\Programs\Python\Python312\Lib\asyncio\base_futures.py first seen with mtime 1712674218.0
File C:\Users\MARKtech\AppData\Local\Programs\Python\Python312\Lib\site-packages\django\db\migrations\operations\__init__.py first seen with mtime 1717559443.7160017
File C:\Users\MARKtech\AppData\Local\Programs\Python\Python312\Lib\site-packages\django\db\migrations\operations\__init__.py first seen with mtime 1717559443.7160017
File C:\Users\MARKtech\AppData\Local\Programs\Python\Python312\Lib\site-packages\sqlparse\sql.py first seen with mtime 1717559404.2601461
File C:\Users\MARKtech\AppData\Local\Programs\Python\Python312\Lib\site-packages\sqlparse\sql.py first seen with mtime 1717559404.2601461
File C:\Users\MARKtech\AppData\Local\Programs\Python\Python312\Lib\site-packages\django\core\files\storage\memory.py first seen with mtime 1717559442.8695564
File C:\Users\MARKtech\AppData\Local\Programs\Python\Python312\Lib\site-packages\django\core\files\storage\memory.py first seen with mtime 1717559442.8695564
File C:\Users\MARKtech\AppData\Local\Programs\Python\Python312\Lib\site-packages\django\http\multipartparser.py first seen with mtime 1717559445.0382962
File C:\Users\MARKtech\AppData\Local\Programs\Python\Python312\Lib\site-packages\django\http\multipartparser.py first seen with mtime 1717559445.0382962
File C:\Users\MARKtech\AppData\Local\Programs\Python\Python312\Lib\site-packages\sqlparse\engine\filter_stack.py first seen with mtime 1717559404.2862883
File C:\Users\MARKtech\AppData\Local\Programs\Python\Python312\Lib\site-packages\sqlparse\engine\filter_stack.py first seen with mtime 1717559404.2862883
File C:\Users\MARKtech\AppData\Local\Programs\Python\Python312\Lib\site-packages\django\core\mail\__init__.py first seen with mtime 1717559442.9164326
File C:\Users\MARKtech\AppData\Local\Programs\Python\Python312\Lib\site-packages\django\core\mail\__init__.py first seen with mtime 1717559442.9164326
File C:\Users\MARKtech\AppData\Local\Programs\Python\Python312\Lib\site-packages\django\db\models\enums.py first seen with mtime 1717559443.778548
File C:\Users\MARKtech\AppData\Local\Programs\Python\Python312\Lib\site-packages\django\db\models\enums.py first seen with mtime 1717559443.778548
File C:\Users\MARKtech\AppData\Local\Programs\Python\Python312\Lib\site-packages\django\contrib\admin\actions.py first seen with mtime 1717559413.1654828
File C:\Users\MARKtech\AppData\Local\Programs\Python\Python312\Lib\site-packages\django\contrib\admin\actions.py first seen with mtime 1717559413.1654828
File C:\Users\MARKtech\AppData\Local\Programs\Python\Python312\Lib\site-packages\django\contrib\auth\checks.py first seen with mtime 1717559421.6923678
File C:\Users\MARKtech\AppData\Local\Programs\Python\Python312\Lib\site-packages\django\contrib\auth\checks.py first seen with mtime 1717559421.6923678
File C:\Users\MARKtech\AppData\Local\Programs\Python\Python312\Lib\asyncio\staggered.py first seen with mtime 1712674218.0
File C:\Users\MARKtech\AppData\Local\Programs\Python\Python312\Lib\asyncio\staggered.py first seen with mtime 1712674218.0
File C:\Users\MARKtech\AppData\Local\Programs\Python\Python312\Lib\site-packages\django\core\wsgi.py first seen with mtime 1717559442.6039424
File C:\Users\MARKtech\AppData\Local\Programs\Python\Python312\Lib\site-packages\django\core\wsgi.py first seen with mtime 1717559442.6039424
File C:\Users\MARKtech\AppData\Local\Programs\Python\Python312\Lib\email\charset.py first seen with mtime 1712674218.0
File C:\Users\MARKtech\AppData\Local\Programs\Python\Python312\Lib\email\charset.py first seen with mtime 1712674218.0
File C:\Users\MARKtech\AppData\Local\Programs\Python\Python312\Lib\site-packages\sqlparse\filters\aligned_indent.py first seen with mtime 1717559404.333169
File C:\Users\MARKtech\AppData\Local\Programs\Python\Python312\Lib\site-packages\sqlparse\filters\aligned_indent.py first seen with mtime 1717559404.333169
File C:\Users\MARKtech\AppData\Local\Programs\Python\Python312\Lib\site-packages\django\core\management\commands\runserver.py first seen with mtime 1717559443.122096
File C:\Users\MARKtech\AppData\Local\Programs\Python\Python312\Lib\site-packages\django\core\management\commands\runserver.py first seen with mtime 1717559443.122096
File C:\Users\MARKtech\AppData\Local\Programs\Python\Python312\Lib\site-packages\django\templatetags\l10n.py first seen with mtime 1717559445.44145
File C:\Users\MARKtech\AppData\Local\Programs\Python\Python312\Lib\site-packages\django\templatetags\l10n.py first seen with mtime 1717559445.44145
File C:\Users\MARKtech\AppData\Local\Programs\Python\Python312\Lib\site-packages\django\views\decorators\cache.py first seen with mtime 1717559446.5229387
File C:\Users\MARKtech\AppData\Local\Programs\Python\Python312\Lib\site-packages\django\views\decorators\cache.py first seen with mtime 1717559446.5229387
File C:\Users\MARKtech\AppData\Local\Programs\Python\Python312\Lib\_markupbase.py first seen with mtime 1712674218.0
File C:\Users\MARKtech\AppData\Local\Programs\Python\Python312\Lib\_markupbase.py first seen with mtime 1712674218.0
File C:\Users\MARKtech\AppData\Local\Programs\Python\Python312\Lib\site-packages\django\template\loaders\base.py first seen with mtime 1717559445.378946
File C:\Users\MARKtech\AppData\Local\Programs\Python\Python312\Lib\site-packages\django\template\loaders\base.py first seen with mtime 1717559445.378946
File C:\Users\MARKtech\AppData\Local\Programs\Python\Python312\Lib\functools.py first seen with mtime 1712674218.0
File C:\Users\MARKtech\AppData\Local\Programs\Python\Python312\Lib\functools.py first seen with mtime 1712674218.0
File C:\Users\MARKtech\Desktop\django1\djangoapp\my_project\settings.py first seen with mtime 1722951274.434304
File C:\Users\MARKtech\Desktop\django1\djangoapp\my_project\settings.py first seen with mtime 1722951274.434304
File C:\Users\MARKtech\AppData\Local\Programs\Python\Python312\Lib\email\_policybase.py first seen with mtime 1712674218.0
File C:\Users\MARKtech\AppData\Local\Programs\Python\Python312\Lib\email\_policybase.py first seen with mtime 1712674218.0
File C:\Users\MARKtech\AppData\Local\Programs\Python\Python312\Lib\encodings\utf_8.py first seen with mtime 1712674218.0
File C:\Users\MARKtech\AppData\Local\Programs\Python\Python312\Lib\encodings\utf_8.py first seen with mtime 1712674218.0
File C:\Users\MARKtech\AppData\Local\Programs\Python\Python312\Lib\site-packages\django\template\base.py first seen with mtime 1717559445.1758318
File C:\Users\MARKtech\AppData\Local\Programs\Python\Python312\Lib\site-packages\django\template\base.py first seen with mtime 1717559445.1758318
File C:\Users\MARKtech\AppData\Local\Programs\Python\Python312\Lib\site-packages\django\core\serializers\json.py first seen with mtime 1717559443.2158494
File C:\Users\MARKtech\AppData\Local\Programs\Python\Python312\Lib\site-packages\django\core\serializers\json.py first seen with mtime 1717559443.2158494
File C:\Users\MARKtech\AppData\Local\Programs\Python\Python312\Lib\email\iterators.py first seen with mtime 1712674218.0
File C:\Users\MARKtech\AppData\Local\Programs\Python\Python312\Lib\email\iterators.py first seen with mtime 1712674218.0
File C:\Users\MARKtech\AppData\Local\Programs\Python\Python312\Lib\site-packages\django\db\backends\mysql\client.py first seen with mtime 1717559443.4033368
File C:\Users\MARKtech\AppData\Local\Programs\Python\Python312\Lib\site-packages\django\db\backends\mysql\client.py first seen with mtime 1717559443.4033368
File C:\Users\MARKtech\AppData\Local\Programs\Python\Python312\Lib\urllib\__init__.py first seen with mtime 1712674218.0
File C:\Users\MARKtech\AppData\Local\Programs\Python\Python312\Lib\urllib\__init__.py first seen with mtime 1712674218.0
File C:\Users\MARKtech\AppData\Local\Programs\Python\Python312\Lib\site-packages\django\conf\__init__.py first seen with mtime 1717559408.993359
File C:\Users\MARKtech\AppData\Local\Programs\Python\Python312\Lib\site-packages\django\conf\__init__.py first seen with mtime 1717559408.993359
File C:\Users\MARKtech\AppData\Local\Programs\Python\Python312\Lib\site-packages\django\db\migrations\operations\base.py first seen with mtime 1717559443.7160017
File C:\Users\MARKtech\AppData\Local\Programs\Python\Python312\Lib\site-packages\django\db\migrations\operations\base.py first seen with mtime 1717559443.7160017
File C:\Users\MARKtech\Desktop\django1\djangoapp\my_app\__init__.py first seen with mtime 1718542546.8786402
File C:\Users\MARKtech\Desktop\django1\djangoapp\my_app\__init__.py first seen with mtime 1718542546.8786402
File C:\Users\MARKtech\AppData\Local\Programs\Python\Python312\Lib\site-packages\django\db\migrations\exceptions.py first seen with mtime 1717559443.637887
File C:\Users\MARKtech\AppData\Local\Programs\Python\Python312\Lib\site-packages\django\db\migrations\exceptions.py first seen with mtime 1717559443.637887
File C:\Users\MARKtech\AppData\Local\Programs\Python\Python312\Lib\email\mime\text.py first seen with mtime 1712674218.0
File C:\Users\MARKtech\AppData\Local\Programs\Python\Python312\Lib\email\mime\text.py first seen with mtime 1712674218.0
File C:\Users\MARKtech\AppData\Local\Programs\Python\Python312\Lib\site-packages\django\core\mail\utils.py first seen with mtime 1717559442.9320974
File C:\Users\MARKtech\AppData\Local\Programs\Python\Python312\Lib\site-packages\django\core\mail\utils.py first seen with mtime 1717559442.9320974
File C:\Users\MARKtech\AppData\Local\Programs\Python\Python312\Lib\site-packages\django\views\decorators\common.py first seen with mtime 1717559446.5385635
File C:\Users\MARKtech\AppData\Local\Programs\Python\Python312\Lib\site-packages\django\views\decorators\common.py first seen with mtime 1717559446.5385635
File C:\Users\MARKtech\AppData\Local\Programs\Python\Python312\Lib\email\policy.py first seen with mtime 1712674218.0
File C:\Users\MARKtech\AppData\Local\Programs\Python\Python312\Lib\email\policy.py first seen with mtime 1712674218.0
File C:\Users\MARKtech\AppData\Local\Programs\Python\Python312\Lib\site-packages\django\db\models\fields\json.py first seen with mtime 1717559443.872257
File C:\Users\MARKtech\AppData\Local\Programs\Python\Python312\Lib\site-packages\django\db\models\fields\json.py first seen with mtime 1717559443.872257
File C:\Users\MARKtech\AppData\Local\Programs\Python\Python312\Lib\site-packages\django\conf\urls\static.py first seen with mtime 1717559413.1342309
File C:\Users\MARKtech\AppData\Local\Programs\Python\Python312\Lib\site-packages\django\conf\urls\static.py first seen with mtime 1717559413.1342309
File C:\Users\MARKtech\AppData\Local\Programs\Python\Python312\Lib\site-packages\MySQLdb\release.py first seen with mtime 1720572393.3946962
File C:\Users\MARKtech\AppData\Local\Programs\Python\Python312\Lib\site-packages\MySQLdb\release.py first seen with mtime 1720572393.3946962
File C:\Users\MARKtech\AppData\Local\Programs\Python\Python312\Lib\site-packages\django\contrib\staticfiles\apps.py first seen with mtime 1717559442.4457936
File C:\Users\MARKtech\AppData\Local\Programs\Python\Python312\Lib\site-packages\django\contrib\staticfiles\apps.py first seen with mtime 1717559442.4457936
File C:\Users\MARKtech\AppData\Local\Programs\Python\Python312\Lib\site-packages\django\db\models\fields\related_descriptors.py first seen with mtime 1717559443.8878822
File C:\Users\MARKtech\AppData\Local\Programs\Python\Python312\Lib\site-packages\django\db\models\fields\related_descriptors.py first seen with mtime 1717559443.8878822
File C:\Users\MARKtech\AppData\Local\Programs\Python\Python312\Lib\site-packages\sqlparse\__init__.py first seen with mtime 1717559404.197659
File C:\Users\MARKtech\AppData\Local\Programs\Python\Python312\Lib\site-packages\sqlparse\__init__.py first seen with mtime 1717559404.197659
File C:\Users\MARKtech\AppData\Local\Programs\Python\Python312\Lib\http\cookies.py first seen with mtime 1712674218.0
File C:\Users\MARKtech\AppData\Local\Programs\Python\Python312\Lib\http\cookies.py first seen with mtime 1712674218.0
File C:\Users\MARKtech\AppData\Local\Programs\Python\Python312\Lib\platform.py first seen with mtime 1712674218.0
File C:\Users\MARKtech\AppData\Local\Programs\Python\Python312\Lib\platform.py first seen with mtime 1712674218.0
File C:\Users\MARKtech\AppData\Local\Programs\Python\Python312\Lib\site-packages\django\forms\renderers.py first seen with mtime 1717559444.0597532
File C:\Users\MARKtech\AppData\Local\Programs\Python\Python312\Lib\site-packages\django\forms\renderers.py first seen with mtime 1717559444.0597532
File C:\Users\MARKtech\AppData\Local\Programs\Python\Python312\Lib\site-packages\django\views\generic\base.py first seen with mtime 1717559446.585439
File C:\Users\MARKtech\AppData\Local\Programs\Python\Python312\Lib\site-packages\django\views\generic\base.py first seen with mtime 1717559446.585439
File C:\Users\MARKtech\AppData\Local\Programs\Python\Python312\Lib\re\__init__.py first seen with mtime 1712674218.0
File C:\Users\MARKtech\AppData\Local\Programs\Python\Python312\Lib\re\__init__.py first seen with mtime 1712674218.0
File C:\Users\MARKtech\AppData\Local\Programs\Python\Python312\Lib\threading.py first seen with mtime 1712674218.0
File C:\Users\MARKtech\AppData\Local\Programs\Python\Python312\Lib\threading.py first seen with mtime 1712674218.0
File C:\Users\MARKtech\AppData\Local\Programs\Python\Python312\Lib\weakref.py first seen with mtime 1712674218.0
File C:\Users\MARKtech\AppData\Local\Programs\Python\Python312\Lib\weakref.py first seen with mtime 1712674218.0
File C:\Users\MARKtech\AppData\Local\Programs\Python\Python312\Lib\site-packages\django\core\handlers\asgi.py first seen with mtime 1717559442.8851998
File C:\Users\MARKtech\AppData\Local\Programs\Python\Python312\Lib\site-packages\django\core\handlers\asgi.py first seen with mtime 1717559442.8851998
File C:\Users\MARKtech\AppData\Local\Programs\Python\Python312\Lib\email\mime\base.py first seen with mtime 1712674218.0
File C:\Users\MARKtech\AppData\Local\Programs\Python\Python312\Lib\email\mime\base.py first seen with mtime 1712674218.0
File C:\Users\MARKtech\AppData\Local\Programs\Python\Python312\Lib\argparse.py first seen with mtime 1712674218.0
File C:\Users\MARKtech\AppData\Local\Programs\Python\Python312\Lib\argparse.py first seen with mtime 1712674218.0
File C:\Users\MARKtech\AppData\Local\Programs\Python\Python312\Lib\site-packages\django\utils\connection.py first seen with mtime 1717559445.7243843
File C:\Users\MARKtech\AppData\Local\Programs\Python\Python312\Lib\site-packages\django\utils\connection.py first seen with mtime 1717559445.7243843
File C:\Users\MARKtech\AppData\Local\Programs\Python\Python312\Lib\site-packages\django\core\management\__init__.py first seen with mtime 1717559442.978929
File C:\Users\MARKtech\AppData\Local\Programs\Python\Python312\Lib\site-packages\django\core\management\__init__.py first seen with mtime 1717559442.978929
File C:\Users\MARKtech\AppData\Local\Programs\Python\Python312\Lib\site-packages\django\contrib\sessions\base_session.py first seen with mtime 1717559438.9982069
File C:\Users\MARKtech\AppData\Local\Programs\Python\Python312\Lib\site-packages\django\contrib\sessions\base_session.py first seen with mtime 1717559438.9982069
File C:\Users\MARKtech\AppData\Local\Programs\Python\Python312\Lib\site-packages\django\middleware\csrf.py first seen with mtime 1717559445.085168
File C:\Users\MARKtech\AppData\Local\Programs\Python\Python312\Lib\site-packages\django\middleware\csrf.py first seen with mtime 1717559445.085168
File C:\Users\MARKtech\AppData\Local\Programs\Python\Python312\Lib\concurrent\__init__.py first seen with mtime 1712674218.0
File C:\Users\MARKtech\AppData\Local\Programs\Python\Python312\Lib\concurrent\__init__.py first seen with mtime 1712674218.0
File C:\Users\MARKtech\AppData\Local\Programs\Python\Python312\Lib\site-packages\django\db\backends\mysql\validation.py first seen with mtime 1717559443.4345853
File C:\Users\MARKtech\AppData\Local\Programs\Python\Python312\Lib\site-packages\django\db\backends\mysql\validation.py first seen with mtime 1717559443.4345853
File C:\Users\MARKtech\AppData\Local\Programs\Python\Python312\Lib\enum.py first seen with mtime 1712674218.0
File C:\Users\MARKtech\AppData\Local\Programs\Python\Python312\Lib\enum.py first seen with mtime 1712674218.0
File C:\Users\MARKtech\AppData\Local\Programs\Python\Python312\Lib\bisect.py first seen with mtime 1712674218.0
File C:\Users\MARKtech\AppData\Local\Programs\Python\Python312\Lib\bisect.py first seen with mtime 1712674218.0
File C:\Users\MARKtech\AppData\Local\Programs\Python\Python312\Lib\site-packages\django\utils\deconstruct.py first seen with mtime 1717559445.911903
File C:\Users\MARKtech\AppData\Local\Programs\Python\Python312\Lib\site-packages\django\utils\deconstruct.py first seen with mtime 1717559445.911903
File C:\Users\MARKtech\AppData\Local\Programs\Python\Python312\DLLs\unicodedata.pyd first seen with mtime 1712674262.0
File C:\Users\MARKtech\AppData\Local\Programs\Python\Python312\DLLs\unicodedata.pyd first seen with mtime 1712674262.0
File C:\Users\MARKtech\AppData\Local\Programs\Python\Python312\Lib\site-packages\django\views\decorators\debug.py first seen with mtime 1717559446.5385635
File C:\Users\MARKtech\AppData\Local\Programs\Python\Python312\Lib\site-packages\django\views\decorators\debug.py first seen with mtime 1717559446.5385635
File C:\Users\MARKtech\AppData\Local\Programs\Python\Python312\Lib\site-packages\django\db\backends\base\creation.py first seen with mtime 1717559443.3252099
File C:\Users\MARKtech\AppData\Local\Programs\Python\Python312\Lib\site-packages\django\db\backends\base\creation.py first seen with mtime 1717559443.3252099
File C:\Users\MARKtech\AppData\Local\Programs\Python\Python312\Lib\site-packages\django\contrib\auth\hashers.py first seen with mtime 1717559421.7392418
File C:\Users\MARKtech\AppData\Local\Programs\Python\Python312\Lib\site-packages\django\contrib\auth\hashers.py first seen with mtime 1717559421.7392418
File C:\Users\MARKtech\AppData\Local\Programs\Python\Python312\Lib\site-packages\django\contrib\admin\options.py first seen with mtime 1717559413.227956
File C:\Users\MARKtech\AppData\Local\Programs\Python\Python312\Lib\site-packages\django\contrib\admin\options.py first seen with mtime 1717559413.227956
File C:\Users\MARKtech\AppData\Local\Programs\Python\Python312\Lib\email\quoprimime.py first seen with mtime 1712674218.0
File C:\Users\MARKtech\AppData\Local\Programs\Python\Python312\Lib\email\quoprimime.py first seen with mtime 1712674218.0
File C:\Users\MARKtech\AppData\Local\Programs\Python\Python312\Lib\site-packages\django\utils\crypto.py first seen with mtime 1717559445.7243843
File C:\Users\MARKtech\AppData\Local\Programs\Python\Python312\Lib\site-packages\django\utils\crypto.py first seen with mtime 1717559445.7243843
File C:\Users\MARKtech\AppData\Local\Programs\Python\Python312\Lib\site-packages\django\shortcuts.py first seen with mtime 1717559408.962111
File C:\Users\MARKtech\AppData\Local\Programs\Python\Python312\Lib\site-packages\django\shortcuts.py first seen with mtime 1717559408.962111
File C:\Users\MARKtech\AppData\Local\Programs\Python\Python312\Lib\site-packages\django\db\backends\base\base.py first seen with mtime 1717559443.3252099
File C:\Users\MARKtech\AppData\Local\Programs\Python\Python312\Lib\site-packages\django\db\backends\base\base.py first seen with mtime 1717559443.3252099
File C:\Users\MARKtech\AppData\Local\Programs\Python\Python312\Lib\site-packages\django\core\checks\registry.py first seen with mtime 1717559442.7133262
File C:\Users\MARKtech\AppData\Local\Programs\Python\Python312\Lib\site-packages\django\core\checks\registry.py first seen with mtime 1717559442.7133262
File C:\Users\MARKtech\AppData\Local\Programs\Python\Python312\Lib\site-packages\django\core\handlers\__init__.py first seen with mtime 1717559442.8851998
File C:\Users\MARKtech\AppData\Local\Programs\Python\Python312\Lib\site-packages\django\core\handlers\__init__.py first seen with mtime 1717559442.8851998
File C:\Users\MARKtech\AppData\Local\Programs\Python\Python312\Lib\site-packages\colorama\winterm.py first seen with mtime 1716950678.8230374
File C:\Users\MARKtech\AppData\Local\Programs\Python\Python312\Lib\site-packages\colorama\winterm.py first seen with mtime 1716950678.8230374
File C:\Users\MARKtech\AppData\Local\Programs\Python\Python312\Lib\email\mime\multipart.py first seen with mtime 1712674218.0
File C:\Users\MARKtech\AppData\Local\Programs\Python\Python312\Lib\email\mime\multipart.py first seen with mtime 1712674218.0
File C:\Users\MARKtech\AppData\Local\Programs\Python\Python312\Lib\site-packages\django\contrib\admin\templatetags\base.py first seen with mtime 1717559419.3580394
File C:\Users\MARKtech\AppData\Local\Programs\Python\Python312\Lib\site-packages\django\contrib\admin\templatetags\base.py first seen with mtime 1717559419.3580394
File C:\Users\MARKtech\AppData\Local\Programs\Python\Python312\Lib\site-packages\sqlparse\filters\reindent.py first seen with mtime 1717559404.3551812
File C:\Users\MARKtech\AppData\Local\Programs\Python\Python312\Lib\site-packages\sqlparse\filters\reindent.py first seen with mtime 1717559404.3551812
File C:\Users\MARKtech\AppData\Local\Programs\Python\Python312\Lib\site-packages\django\utils\decorators.py first seen with mtime 1717559445.9275217
File C:\Users\MARKtech\AppData\Local\Programs\Python\Python312\Lib\site-packages\django\utils\decorators.py first seen with mtime 1717559445.9275217
File C:\Users\MARKtech\AppData\Local\Programs\Python\Python312\Lib\site-packages\django\views\generic\detail.py first seen with mtime 1717559446.6010633
File C:\Users\MARKtech\AppData\Local\Programs\Python\Python312\Lib\site-packages\django\views\generic\detail.py first seen with mtime 1717559446.6010633
File C:\Users\MARKtech\AppData\Local\Programs\Python\Python312\Lib\site-packages\django\contrib\auth\admin.py first seen with mtime 1717559421.6611066
File C:\Users\MARKtech\AppData\Local\Programs\Python\Python312\Lib\site-packages\django\contrib\auth\admin.py first seen with mtime 1717559421.6611066
File C:\Users\MARKtech\AppData\Local\Programs\Python\Python312\Lib\site-packages\django\core\files\storage\handler.py first seen with mtime 1717559442.85395
File C:\Users\MARKtech\AppData\Local\Programs\Python\Python312\Lib\site-packages\django\core\files\storage\handler.py first seen with mtime 1717559442.85395
File C:\Users\MARKtech\AppData\Local\Programs\Python\Python312\Lib\site-packages\django\utils\functional.py first seen with mtime 1717559445.9743893
File C:\Users\MARKtech\AppData\Local\Programs\Python\Python312\Lib\site-packages\django\utils\functional.py first seen with mtime 1717559445.9743893
File C:\Users\MARKtech\Desktop\django1\djangoapp\my_app\forms.py first seen with mtime 1722591363.8735147
File C:\Users\MARKtech\Desktop\django1\djangoapp\my_app\forms.py first seen with mtime 1722591363.8735147
File C:\Users\MARKtech\AppData\Local\Programs\Python\Python312\Lib\asyncio\format_helpers.py first seen with mtime 1712674218.0
File C:\Users\MARKtech\AppData\Local\Programs\Python\Python312\Lib\asyncio\format_helpers.py first seen with mtime 1712674218.0
File C:\Users\MARKtech\AppData\Local\Programs\Python\Python312\Lib\email\headerregistry.py first seen with mtime 1712674218.0
File C:\Users\MARKtech\AppData\Local\Programs\Python\Python312\Lib\email\headerregistry.py first seen with mtime 1712674218.0
File C:\Users\MARKtech\AppData\Local\Programs\Python\Python312\Lib\site-packages\django\core\paginator.py first seen with mtime 1717559442.5884178
File C:\Users\MARKtech\AppData\Local\Programs\Python\Python312\Lib\site-packages\django\core\paginator.py first seen with mtime 1717559442.5884178
File C:\Users\MARKtech\AppData\Local\Programs\Python\Python312\Lib\site-packages\django\db\migrations\state.py first seen with mtime 1717559443.7003872
File C:\Users\MARKtech\AppData\Local\Programs\Python\Python312\Lib\site-packages\django\db\migrations\state.py first seen with mtime 1717559443.7003872
File C:\Users\MARKtech\Desktop\django1\djangoapp\my_app\models\saved_school.py first seen with mtime 1722853994.9230196
File C:\Users\MARKtech\Desktop\django1\djangoapp\my_app\models\saved_school.py first seen with mtime 1722853994.9230196
File C:\Users\MARKtech\AppData\Local\Programs\Python\Python312\Lib\ast.py first seen with mtime 1712674218.0
File C:\Users\MARKtech\AppData\Local\Programs\Python\Python312\Lib\ast.py first seen with mtime 1712674218.0
File C:\Users\MARKtech\AppData\Local\Programs\Python\Python312\Lib\site-packages\django\core\checks\compatibility\django_4_0.py first seen with mtime 1717559442.744578
File C:\Users\MARKtech\AppData\Local\Programs\Python\Python312\Lib\site-packages\django\core\checks\compatibility\django_4_0.py first seen with mtime 1717559442.744578
File C:\Users\MARKtech\AppData\Local\Programs\Python\Python312\Lib\site-packages\django\forms\formsets.py first seen with mtime 1717559444.0441232
File C:\Users\MARKtech\AppData\Local\Programs\Python\Python312\Lib\site-packages\django\forms\formsets.py first seen with mtime 1717559444.0441232
File C:\Users\MARKtech\AppData\Local\Programs\Python\Python312\Lib\email\base64mime.py first seen with mtime 1712674218.0
File C:\Users\MARKtech\AppData\Local\Programs\Python\Python312\Lib\email\base64mime.py first seen with mtime 1712674218.0
File C:\Users\MARKtech\AppData\Local\Programs\Python\Python312\Lib\site-packages\django\contrib\staticfiles\views.py first seen with mtime 1717559442.4945602
File C:\Users\MARKtech\AppData\Local\Programs\Python\Python312\Lib\site-packages\django\contrib\staticfiles\views.py first seen with mtime 1717559442.4945602
File C:\Users\MARKtech\AppData\Local\Programs\Python\Python312\Lib\site-packages\django\db\utils.py first seen with mtime 1717559443.2783782
File C:\Users\MARKtech\AppData\Local\Programs\Python\Python312\Lib\site-packages\django\db\utils.py first seen with mtime 1717559443.2783782
File C:\Users\MARKtech\AppData\Local\Programs\Python\Python312\Lib\site-packages\django\contrib\staticfiles\utils.py first seen with mtime 1717559442.4945602
File C:\Users\MARKtech\AppData\Local\Programs\Python\Python312\Lib\site-packages\django\contrib\staticfiles\utils.py first seen with mtime 1717559442.4945602
File C:\Users\MARKtech\AppData\Local\Programs\Python\Python312\Lib\site-packages\django\views\decorators\http.py first seen with mtime 1717559446.5698366
File C:\Users\MARKtech\AppData\Local\Programs\Python\Python312\Lib\site-packages\django\views\decorators\http.py first seen with mtime 1717559446.5698366
File C:\Users\MARKtech\AppData\Local\Programs\Python\Python312\Lib\site-packages\django\core\checks\database.py first seen with mtime 1717559442.6976843
File C:\Users\MARKtech\AppData\Local\Programs\Python\Python312\Lib\site-packages\django\core\checks\database.py first seen with mtime 1717559442.6976843
File C:\Users\MARKtech\AppData\Local\Programs\Python\Python312\Lib\site-packages\django\conf\global_settings.py first seen with mtime 1717559409.0089877
File C:\Users\MARKtech\AppData\Local\Programs\Python\Python312\Lib\site-packages\django\conf\global_settings.py first seen with mtime 1717559409.0089877
File C:\Users\MARKtech\AppData\Local\Programs\Python\Python312\Lib\site-packages\django\utils\deprecation.py first seen with mtime 1717559445.9275217
File C:\Users\MARKtech\AppData\Local\Programs\Python\Python312\Lib\site-packages\django\utils\deprecation.py first seen with mtime 1717559445.9275217
File C:\Users\MARKtech\AppData\Local\Programs\Python\Python312\Lib\site-packages\django\contrib\admin\models.py first seen with mtime 1717559413.227956
File C:\Users\MARKtech\AppData\Local\Programs\Python\Python312\Lib\site-packages\django\contrib\admin\models.py first seen with mtime 1717559413.227956
File C:\Users\MARKtech\AppData\Local\Programs\Python\Python312\Lib\site-packages\django\template\loader_tags.py first seen with mtime 1717559445.238321
File C:\Users\MARKtech\AppData\Local\Programs\Python\Python312\Lib\site-packages\django\template\loader_tags.py first seen with mtime 1717559445.238321
File C:\Users\MARKtech\AppData\Local\Programs\Python\Python312\Lib\html\entities.py first seen with mtime 1712674218.0
File C:\Users\MARKtech\AppData\Local\Programs\Python\Python312\Lib\html\entities.py first seen with mtime 1712674218.0
File C:\Users\MARKtech\AppData\Local\Programs\Python\Python312\Lib\wsgiref\handlers.py first seen with mtime 1712674218.0
File C:\Users\MARKtech\AppData\Local\Programs\Python\Python312\Lib\wsgiref\handlers.py first seen with mtime 1712674218.0
File C:\Users\MARKtech\AppData\Local\Programs\Python\Python312\Lib\site-packages\django\core\__init__.py first seen with mtime 1717559442.541433
File C:\Users\MARKtech\AppData\Local\Programs\Python\Python312\Lib\site-packages\django\core\__init__.py first seen with mtime 1717559442.541433
File C:\Users\MARKtech\AppData\Local\Programs\Python\Python312\Lib\site-packages\django\db\models\fields\mixins.py first seen with mtime 1717559443.872257
File C:\Users\MARKtech\AppData\Local\Programs\Python\Python312\Lib\site-packages\django\db\models\fields\mixins.py first seen with mtime 1717559443.872257
File C:\Users\MARKtech\AppData\Local\Programs\Python\Python312\Lib\site-packages\django\db\models\query_utils.py first seen with mtime 1717559443.8253806
File C:\Users\MARKtech\AppData\Local\Programs\Python\Python312\Lib\site-packages\django\db\models\query_utils.py first seen with mtime 1717559443.8253806
File C:\Users\MARKtech\AppData\Local\Programs\Python\Python312\Lib\string.py first seen with mtime 1712674218.0
File C:\Users\MARKtech\AppData\Local\Programs\Python\Python312\Lib\string.py first seen with mtime 1712674218.0
File C:\Users\MARKtech\AppData\Local\Programs\Python\Python312\Lib\opcode.py first seen with mtime 1712674218.0
File C:\Users\MARKtech\AppData\Local\Programs\Python\Python312\Lib\opcode.py first seen with mtime 1712674218.0
File C:\Users\MARKtech\AppData\Local\Programs\Python\Python312\Lib\socketserver.py first seen with mtime 1712674218.0
File C:\Users\MARKtech\AppData\Local\Programs\Python\Python312\Lib\socketserver.py first seen with mtime 1712674218.0
File C:\Users\MARKtech\AppData\Local\Programs\Python\Python312\Lib\asyncio\transports.py first seen with mtime 1712674218.0
File C:\Users\MARKtech\AppData\Local\Programs\Python\Python312\Lib\asyncio\transports.py first seen with mtime 1712674218.0
File C:\Users\MARKtech\AppData\Local\Programs\Python\Python312\Lib\site-packages\django\contrib\contenttypes\models.py first seen with mtime 1717559424.2934146
File C:\Users\MARKtech\AppData\Local\Programs\Python\Python312\Lib\site-packages\django\contrib\contenttypes\models.py first seen with mtime 1717559424.2934146
File C:\Users\MARKtech\AppData\Local\Programs\Python\Python312\Lib\asyncio\locks.py first seen with mtime 1712674218.0
File C:\Users\MARKtech\AppData\Local\Programs\Python\Python312\Lib\asyncio\locks.py first seen with mtime 1712674218.0
File C:\Users\MARKtech\AppData\Local\Programs\Python\Python312\Lib\site-packages\django\contrib\admin\utils.py first seen with mtime 1717559413.2592037
File C:\Users\MARKtech\AppData\Local\Programs\Python\Python312\Lib\site-packages\django\contrib\admin\utils.py first seen with mtime 1717559413.2592037
File C:\Users\MARKtech\AppData\Local\Programs\Python\Python312\Lib\site-packages\django\core\cache\backends\base.py first seen with mtime 1717559442.6351814
File C:\Users\MARKtech\AppData\Local\Programs\Python\Python312\Lib\site-packages\django\core\cache\backends\base.py first seen with mtime 1717559442.6351814
File C:\Users\MARKtech\AppData\Local\Programs\Python\Python312\Lib\fnmatch.py first seen with mtime 1712674218.0
File C:\Users\MARKtech\AppData\Local\Programs\Python\Python312\Lib\fnmatch.py first seen with mtime 1712674218.0
File C:\Users\MARKtech\AppData\Local\Programs\Python\Python312\Lib\token.py first seen with mtime 1712674218.0
File C:\Users\MARKtech\AppData\Local\Programs\Python\Python312\Lib\token.py first seen with mtime 1712674218.0
File C:\Users\MARKtech\AppData\Local\Programs\Python\Python312\Lib\site-packages\django\db\models\fields\related_lookups.py first seen with mtime 1717559443.9035318
File C:\Users\MARKtech\AppData\Local\Programs\Python\Python312\Lib\site-packages\django\db\models\fields\related_lookups.py first seen with mtime 1717559443.9035318
File C:\Users\MARKtech\AppData\Local\Programs\Python\Python312\Lib\site-packages\django\db\backends\mysql\features.py first seen with mtime 1717559443.4189723
File C:\Users\MARKtech\AppData\Local\Programs\Python\Python312\Lib\site-packages\django\db\backends\mysql\features.py first seen with mtime 1717559443.4189723
File C:\Users\MARKtech\AppData\Local\Programs\Python\Python312\Lib\queue.py first seen with mtime 1712674218.0
File C:\Users\MARKtech\AppData\Local\Programs\Python\Python312\Lib\queue.py first seen with mtime 1712674218.0
File C:\Users\MARKtech\AppData\Local\Programs\Python\Python312\Lib\site-packages\django\conf\locale\__init__.py first seen with mtime 1717559409.0714984
File C:\Users\MARKtech\AppData\Local\Programs\Python\Python312\Lib\site-packages\django\conf\locale\__init__.py first seen with mtime 1717559409.0714984
File C:\Users\MARKtech\AppData\Local\Programs\Python\Python312\Lib\site-packages\django\core\servers\__init__.py first seen with mtime 1717559443.24708
File C:\Users\MARKtech\AppData\Local\Programs\Python\Python312\Lib\site-packages\django\core\servers\__init__.py first seen with mtime 1717559443.24708
File C:\Users\MARKtech\AppData\Local\Programs\Python\Python312\Lib\base64.py first seen with mtime 1712674218.0
File C:\Users\MARKtech\AppData\Local\Programs\Python\Python312\Lib\base64.py first seen with mtime 1712674218.0
File C:\Users\MARKtech\AppData\Local\Programs\Python\Python312\Lib\heapq.py first seen with mtime 1712674218.0
File C:\Users\MARKtech\AppData\Local\Programs\Python\Python312\Lib\heapq.py first seen with mtime 1712674218.0
File C:\Users\MARKtech\AppData\Local\Programs\Python\Python312\Lib\site-packages\django\forms\utils.py first seen with mtime 1717559444.0597532
File C:\Users\MARKtech\AppData\Local\Programs\Python\Python312\Lib\site-packages\django\forms\utils.py first seen with mtime 1717559444.0597532
File C:\Users\MARKtech\AppData\Local\Programs\Python\Python312\Lib\site-packages\django\contrib\staticfiles\handlers.py first seen with mtime 1717559442.4614036
File C:\Users\MARKtech\AppData\Local\Programs\Python\Python312\Lib\site-packages\django\contrib\staticfiles\handlers.py first seen with mtime 1717559442.4614036
File C:\Users\MARKtech\AppData\Local\Programs\Python\Python312\Lib\site-packages\sqlparse\engine\__init__.py first seen with mtime 1717559404.2862883
File C:\Users\MARKtech\AppData\Local\Programs\Python\Python312\Lib\site-packages\sqlparse\engine\__init__.py first seen with mtime 1717559404.2862883
File C:\Users\MARKtech\AppData\Local\Programs\Python\Python312\Lib\site-packages\asgiref\current_thread_executor.py first seen with mtime 1717559407.488507
File C:\Users\MARKtech\AppData\Local\Programs\Python\Python312\Lib\site-packages\asgiref\current_thread_executor.py first seen with mtime 1717559407.488507
File C:\Users\MARKtech\AppData\Local\Programs\Python\Python312\Lib\site-packages\django\utils\cache.py first seen with mtime 1717559445.7087955
File C:\Users\MARKtech\AppData\Local\Programs\Python\Python312\Lib\site-packages\django\utils\cache.py first seen with mtime 1717559445.7087955
File C:\Users\MARKtech\AppData\Local\Programs\Python\Python312\Lib\site-packages\sqlparse\filters\right_margin.py first seen with mtime 1717559404.3707829
File C:\Users\MARKtech\AppData\Local\Programs\Python\Python312\Lib\site-packages\sqlparse\filters\right_margin.py first seen with mtime 1717559404.3707829
File C:\Users\MARKtech\AppData\Local\Programs\Python\Python312\Lib\difflib.py first seen with mtime 1712674218.0
File C:\Users\MARKtech\AppData\Local\Programs\Python\Python312\Lib\difflib.py first seen with mtime 1712674218.0
File C:\Users\MARKtech\AppData\Local\Programs\Python\Python312\Lib\site-packages\django\db\models\query.py first seen with mtime 1717559443.8253806
File C:\Users\MARKtech\AppData\Local\Programs\Python\Python312\Lib\site-packages\django\db\models\query.py first seen with mtime 1717559443.8253806
File C:\Users\MARKtech\AppData\Local\Programs\Python\Python312\Lib\asyncio\sslproto.py first seen with mtime 1712674218.0
File C:\Users\MARKtech\AppData\Local\Programs\Python\Python312\Lib\asyncio\sslproto.py first seen with mtime 1712674218.0
File C:\Users\MARKtech\AppData\Local\Programs\Python\Python312\Lib\site-packages\django\core\cache\backends\filebased.py first seen with mtime 1717559442.6508381
File C:\Users\MARKtech\AppData\Local\Programs\Python\Python312\Lib\site-packages\django\core\cache\backends\filebased.py first seen with mtime 1717559442.6508381
File C:\Users\MARKtech\AppData\Local\Programs\Python\Python312\Lib\random.py first seen with mtime 1712674218.0
File C:\Users\MARKtech\AppData\Local\Programs\Python\Python312\Lib\random.py first seen with mtime 1712674218.0
File C:\Users\MARKtech\AppData\Local\Programs\Python\Python312\Lib\site-packages\django\utils\safestring.py first seen with mtime 1717559446.2417057
File C:\Users\MARKtech\AppData\Local\Programs\Python\Python312\Lib\site-packages\django\utils\safestring.py first seen with mtime 1717559446.2417057
File C:\Users\MARKtech\AppData\Local\Programs\Python\Python312\Lib\site-packages\django\db\models\sql\datastructures.py first seen with mtime 1717559443.9660232
File C:\Users\MARKtech\AppData\Local\Programs\Python\Python312\Lib\site-packages\django\db\models\sql\datastructures.py first seen with mtime 1717559443.9660232
File C:\Users\MARKtech\AppData\Local\Programs\Python\Python312\Lib\asyncio\protocols.py first seen with mtime 1712674218.0
File C:\Users\MARKtech\AppData\Local\Programs\Python\Python312\Lib\asyncio\protocols.py first seen with mtime 1712674218.0
File C:\Users\MARKtech\AppData\Local\Programs\Python\Python312\Lib\site-packages\django\contrib\admin\views\__init__.py first seen with mtime 1717559419.3736708
File C:\Users\MARKtech\AppData\Local\Programs\Python\Python312\Lib\site-packages\django\contrib\admin\views\__init__.py first seen with mtime 1717559419.3736708
File C:\Users\MARKtech\AppData\Local\Programs\Python\Python312\Lib\site-packages\django\contrib\sites\shortcuts.py first seen with mtime 1717559440.612231
File C:\Users\MARKtech\AppData\Local\Programs\Python\Python312\Lib\site-packages\django\contrib\sites\shortcuts.py first seen with mtime 1717559440.612231
File C:\Users\MARKtech\AppData\Local\Programs\Python\Python312\Lib\site-packages\django\db\transaction.py first seen with mtime 1717559443.2783782
File C:\Users\MARKtech\AppData\Local\Programs\Python\Python312\Lib\site-packages\django\db\transaction.py first seen with mtime 1717559443.2783782
File C:\Users\MARKtech\AppData\Local\Programs\Python\Python312\Lib\site-packages\asgiref\sync.py first seen with mtime 1717559407.521963
File C:\Users\MARKtech\AppData\Local\Programs\Python\Python312\Lib\site-packages\asgiref\sync.py first seen with mtime 1717559407.521963
File C:\Users\MARKtech\AppData\Local\Programs\Python\Python312\Lib\site-packages\django\forms\models.py first seen with mtime 1717559444.0597532
File C:\Users\MARKtech\AppData\Local\Programs\Python\Python312\Lib\site-packages\django\forms\models.py first seen with mtime 1717559444.0597532
File C:\Users\MARKtech\AppData\Local\Programs\Python\Python312\Lib\site-packages\django\template\loader.py first seen with mtime 1717559445.238321
File C:\Users\MARKtech\AppData\Local\Programs\Python\Python312\Lib\site-packages\django\template\loader.py first seen with mtime 1717559445.238321
File C:\Users\MARKtech\AppData\Local\Programs\Python\Python312\Lib\site-packages\django\forms\forms.py first seen with mtime 1717559444.0285244
File C:\Users\MARKtech\AppData\Local\Programs\Python\Python312\Lib\site-packages\django\forms\forms.py first seen with mtime 1717559444.0285244
File C:\Users\MARKtech\AppData\Local\Programs\Python\Python312\Lib\site-packages\django\apps\registry.py first seen with mtime 1717559408.993359
File C:\Users\MARKtech\AppData\Local\Programs\Python\Python312\Lib\site-packages\django\apps\registry.py first seen with mtime 1717559408.993359
File C:\Users\MARKtech\AppData\Local\Programs\Python\Python312\Lib\site-packages\django\contrib\messages\utils.py first seen with mtime 1717559434.906412
File C:\Users\MARKtech\AppData\Local\Programs\Python\Python312\Lib\site-packages\django\contrib\messages\utils.py first seen with mtime 1717559434.906412
File C:\Users\MARKtech\AppData\Local\Programs\Python\Python312\Lib\site-packages\django\db\models\fields\related.py first seen with mtime 1717559443.8878822
File C:\Users\MARKtech\AppData\Local\Programs\Python\Python312\Lib\site-packages\django\db\models\fields\related.py first seen with mtime 1717559443.8878822
File C:\Users\MARKtech\AppData\Local\Programs\Python\Python312\Lib\signal.py first seen with mtime 1712674218.0
File C:\Users\MARKtech\AppData\Local\Programs\Python\Python312\Lib\signal.py first seen with mtime 1712674218.0
File C:\Users\MARKtech\AppData\Local\Programs\Python\Python312\Lib\subprocess.py first seen with mtime 1712674218.0
File C:\Users\MARKtech\AppData\Local\Programs\Python\Python312\Lib\subprocess.py first seen with mtime 1712674218.0
File C:\Users\MARKtech\AppData\Local\Programs\Python\Python312\DLLs\_ssl.pyd first seen with mtime 1712674262.0
File C:\Users\MARKtech\AppData\Local\Programs\Python\Python312\DLLs\_ssl.pyd first seen with mtime 1712674262.0
File C:\Users\MARKtech\AppData\Local\Programs\Python\Python312\Lib\site-packages\django\contrib\auth\signals.py first seen with mtime 1717559421.7704854
File C:\Users\MARKtech\AppData\Local\Programs\Python\Python312\Lib\site-packages\django\contrib\auth\signals.py first seen with mtime 1717559421.7704854
File C:\Users\MARKtech\AppData\Local\Programs\Python\Python312\Lib\site-packages\django\middleware\http.py first seen with mtime 1717559445.116422
File C:\Users\MARKtech\AppData\Local\Programs\Python\Python312\Lib\site-packages\django\middleware\http.py first seen with mtime 1717559445.116422
File C:\Users\MARKtech\AppData\Local\Programs\Python\Python312\Lib\site-packages\django\core\files\utils.py first seen with mtime 1717559442.838323
File C:\Users\MARKtech\AppData\Local\Programs\Python\Python312\Lib\site-packages\django\core\files\utils.py first seen with mtime 1717559442.838323
File C:\Users\MARKtech\AppData\Local\Programs\Python\Python312\Lib\asyncio\subprocess.py first seen with mtime 1712674218.0
File C:\Users\MARKtech\AppData\Local\Programs\Python\Python312\Lib\asyncio\subprocess.py first seen with mtime 1712674218.0
File C:\Users\MARKtech\AppData\Local\Programs\Python\Python312\Lib\site-packages\django\db\models\expressions.py first seen with mtime 1717559443.7941315
File C:\Users\MARKtech\AppData\Local\Programs\Python\Python312\Lib\site-packages\django\db\models\expressions.py first seen with mtime 1717559443.7941315
File C:\Users\MARKtech\AppData\Local\Programs\Python\Python312\Lib\site-packages\django\core\checks\templates.py first seen with mtime 1717559442.7289417
File C:\Users\MARKtech\AppData\Local\Programs\Python\Python312\Lib\site-packages\django\core\checks\templates.py first seen with mtime 1717559442.7289417
File C:\Users\MARKtech\AppData\Local\Programs\Python\Python312\DLLs\_bz2.pyd first seen with mtime 1712674262.0
File C:\Users\MARKtech\AppData\Local\Programs\Python\Python312\DLLs\_bz2.pyd first seen with mtime 1712674262.0
File C:\Users\MARKtech\AppData\Local\Programs\Python\Python312\Lib\email\errors.py first seen with mtime 1712674218.0
File C:\Users\MARKtech\AppData\Local\Programs\Python\Python312\Lib\email\errors.py first seen with mtime 1712674218.0
File C:\Users\MARKtech\AppData\Local\Programs\Python\Python312\Lib\site-packages\django\core\cache\backends\__init__.py first seen with mtime 1717559442.6195683
File C:\Users\MARKtech\AppData\Local\Programs\Python\Python312\Lib\site-packages\django\core\cache\backends\__init__.py first seen with mtime 1717559442.6195683
File C:\Users\MARKtech\AppData\Local\Programs\Python\Python312\Lib\re\_casefix.py first seen with mtime 1712674218.0
File C:\Users\MARKtech\AppData\Local\Programs\Python\Python312\Lib\re\_casefix.py first seen with mtime 1712674218.0
File C:\Users\MARKtech\AppData\Local\Programs\Python\Python312\Lib\tokenize.py first seen with mtime 1712674218.0
File C:\Users\MARKtech\AppData\Local\Programs\Python\Python312\Lib\tokenize.py first seen with mtime 1712674218.0
File C:\Users\MARKtech\AppData\Local\Programs\Python\Python312\Lib\gzip.py first seen with mtime 1712674218.0
File C:\Users\MARKtech\AppData\Local\Programs\Python\Python312\Lib\gzip.py first seen with mtime 1712674218.0
File C:\Users\MARKtech\AppData\Local\Programs\Python\Python312\Lib\site-packages\django\contrib\sessions\apps.py first seen with mtime 1717559438.9982069
File C:\Users\MARKtech\AppData\Local\Programs\Python\Python312\Lib\site-packages\django\contrib\sessions\apps.py first seen with mtime 1717559438.9982069
File C:\Users\MARKtech\AppData\Local\Programs\Python\Python312\Lib\site-packages\django\contrib\auth\apps.py first seen with mtime 1717559421.6767423
File C:\Users\MARKtech\AppData\Local\Programs\Python\Python312\Lib\site-packages\django\contrib\auth\apps.py first seen with mtime 1717559421.6767423
File C:\Users\MARKtech\AppData\Local\Programs\Python\Python312\Lib\site-packages\django\db\models\fields\files.py first seen with mtime 1717559443.8566413
File C:\Users\MARKtech\AppData\Local\Programs\Python\Python312\Lib\site-packages\django\db\models\fields\files.py first seen with mtime 1717559443.8566413
File C:\Users\MARKtech\AppData\Local\Programs\Python\Python312\Lib\site-packages\django\utils\dateformat.py first seen with mtime 1717559445.7556365
File C:\Users\MARKtech\AppData\Local\Programs\Python\Python312\Lib\site-packages\django\utils\dateformat.py first seen with mtime 1717559445.7556365
File C:\Users\MARKtech\AppData\Local\Programs\Python\Python312\Lib\site-packages\django\forms\widgets.py first seen with mtime 1717559444.0753787
File C:\Users\MARKtech\AppData\Local\Programs\Python\Python312\Lib\site-packages\django\forms\widgets.py first seen with mtime 1717559444.0753787
File C:\Users\MARKtech\AppData\Local\Programs\Python\Python312\Lib\site-packages\sqlparse\formatter.py first seen with mtime 1717559404.2445195
File C:\Users\MARKtech\AppData\Local\Programs\Python\Python312\Lib\site-packages\sqlparse\formatter.py first seen with mtime 1717559404.2445195
File C:\Users\MARKtech\AppData\Local\Programs\Python\Python312\Lib\site-packages\django\contrib\sessions\__init__.py first seen with mtime 1717559438.982555
File C:\Users\MARKtech\AppData\Local\Programs\Python\Python312\Lib\site-packages\django\contrib\sessions\__init__.py first seen with mtime 1717559438.982555
File C:\Users\MARKtech\AppData\Local\Programs\Python\Python312\Lib\site-packages\django\utils\numberformat.py first seen with mtime 1717559446.2260652
File C:\Users\MARKtech\AppData\Local\Programs\Python\Python312\Lib\site-packages\django\utils\numberformat.py first seen with mtime 1717559446.2260652
File C:\Users\MARKtech\AppData\Local\Programs\Python\Python312\Lib\hmac.py first seen with mtime 1712674218.0
File C:\Users\MARKtech\AppData\Local\Programs\Python\Python312\Lib\hmac.py first seen with mtime 1712674218.0
File C:\Users\MARKtech\AppData\Local\Programs\Python\Python312\Lib\site-packages\django\contrib\contenttypes\management\__init__.py first seen with mtime 1717559427.9306452
File C:\Users\MARKtech\AppData\Local\Programs\Python\Python312\Lib\site-packages\django\contrib\contenttypes\management\__init__.py first seen with mtime 1717559427.9306452
File C:\Users\MARKtech\AppData\Local\Programs\Python\Python312\Lib\site-packages\django\db\models\functions\mixins.py first seen with mtime 1717559443.934756
File C:\Users\MARKtech\AppData\Local\Programs\Python\Python312\Lib\site-packages\django\db\models\functions\mixins.py first seen with mtime 1717559443.934756
File C:\Users\MARKtech\AppData\Local\Programs\Python\Python312\Lib\site-packages\django\db\models\sql\__init__.py first seen with mtime 1717559443.9504194
File C:\Users\MARKtech\AppData\Local\Programs\Python\Python312\Lib\site-packages\django\db\models\sql\__init__.py first seen with mtime 1717559443.9504194
File C:\Users\MARKtech\AppData\Local\Programs\Python\Python312\Lib\asyncio\events.py first seen with mtime 1712674218.0
File C:\Users\MARKtech\AppData\Local\Programs\Python\Python312\Lib\asyncio\events.py first seen with mtime 1712674218.0
File C:\Users\MARKtech\AppData\Local\Programs\Python\Python312\Lib\concurrent\futures\__init__.py first seen with mtime 1712674218.0
File C:\Users\MARKtech\AppData\Local\Programs\Python\Python312\Lib\concurrent\futures\__init__.py first seen with mtime 1712674218.0
File C:\Users\MARKtech\AppData\Local\Programs\Python\Python312\Lib\site-packages\django\contrib\sites\__init__.py first seen with mtime 1717559440.5653436
File C:\Users\MARKtech\AppData\Local\Programs\Python\Python312\Lib\site-packages\django\contrib\sites\__init__.py first seen with mtime 1717559440.5653436
File C:\Users\MARKtech\AppData\Local\Programs\Python\Python312\Lib\encodings\cp1252.py first seen with mtime 1712674218.0
File C:\Users\MARKtech\AppData\Local\Programs\Python\Python312\Lib\encodings\cp1252.py first seen with mtime 1712674218.0
File C:\Users\MARKtech\AppData\Local\Programs\Python\Python312\Lib\site-packages\django\core\files\uploadedfile.py first seen with mtime 1717559442.8226876
File C:\Users\MARKtech\AppData\Local\Programs\Python\Python312\Lib\site-packages\django\core\files\uploadedfile.py first seen with mtime 1717559442.8226876
File C:\Users\MARKtech\AppData\Local\Programs\Python\Python312\Lib\html\__init__.py first seen with mtime 1712674218.0
File C:\Users\MARKtech\AppData\Local\Programs\Python\Python312\Lib\html\__init__.py first seen with mtime 1712674218.0
File C:\Users\MARKtech\AppData\Local\Programs\Python\Python312\Lib\site-packages\django\urls\__init__.py first seen with mtime 1717559445.535201
File C:\Users\MARKtech\AppData\Local\Programs\Python\Python312\Lib\site-packages\django\urls\__init__.py first seen with mtime 1717559445.535201
File C:\Users\MARKtech\AppData\Local\Programs\Python\Python312\Lib\site-packages\django\core\files\images.py first seen with mtime 1717559442.7914426
File C:\Users\MARKtech\AppData\Local\Programs\Python\Python312\Lib\site-packages\django\core\files\images.py first seen with mtime 1717559442.7914426
File C:\Users\MARKtech\AppData\Local\Programs\Python\Python312\Lib\site-packages\django\utils\__init__.py first seen with mtime 1717559445.6133184
File C:\Users\MARKtech\AppData\Local\Programs\Python\Python312\Lib\site-packages\django\utils\__init__.py first seen with mtime 1717559445.6133184
File C:\Users\MARKtech\AppData\Local\Programs\Python\Python312\Lib\sysconfig.py first seen with mtime 1712674218.0
File C:\Users\MARKtech\AppData\Local\Programs\Python\Python312\Lib\sysconfig.py first seen with mtime 1712674218.0
File C:\Users\MARKtech\AppData\Local\Programs\Python\Python312\Lib\site-packages\MySQLdb\__init__.py first seen with mtime 1720572393.3149865
File C:\Users\MARKtech\AppData\Local\Programs\Python\Python312\Lib\site-packages\MySQLdb\__init__.py first seen with mtime 1720572393.3149865
File C:\Users\MARKtech\AppData\Local\Programs\Python\Python312\Lib\site-packages\django\contrib\staticfiles\__init__.py first seen with mtime 1717559442.4457936
File C:\Users\MARKtech\AppData\Local\Programs\Python\Python312\Lib\site-packages\django\contrib\staticfiles\__init__.py first seen with mtime 1717559442.4457936
File C:\Users\MARKtech\AppData\Local\Programs\Python\Python312\Lib\site-packages\django\core\cache\__init__.py first seen with mtime 1717559442.6195683
File C:\Users\MARKtech\AppData\Local\Programs\Python\Python312\Lib\site-packages\django\core\cache\__init__.py first seen with mtime 1717559442.6195683
File C:\Users\MARKtech\AppData\Local\Programs\Python\Python312\Lib\site-packages\django\core\checks\async_checks.py first seen with mtime 1717559442.682071
File C:\Users\MARKtech\AppData\Local\Programs\Python\Python312\Lib\site-packages\django\core\checks\async_checks.py first seen with mtime 1717559442.682071
File C:\Users\MARKtech\AppData\Local\Programs\Python\Python312\Lib\site-packages\django\contrib\admin\checks.py first seen with mtime 1717559413.1810825
File C:\Users\MARKtech\AppData\Local\Programs\Python\Python312\Lib\site-packages\django\contrib\admin\checks.py first seen with mtime 1717559413.1810825
File C:\Users\MARKtech\AppData\Local\Programs\Python\Python312\Lib\email\header.py first seen with mtime 1712674218.0
File C:\Users\MARKtech\AppData\Local\Programs\Python\Python312\Lib\email\header.py first seen with mtime 1712674218.0
File C:\Users\MARKtech\AppData\Local\Programs\Python\Python312\Lib\mimetypes.py first seen with mtime 1712674218.0
File C:\Users\MARKtech\AppData\Local\Programs\Python\Python312\Lib\mimetypes.py first seen with mtime 1712674218.0
File C:\Users\MARKtech\AppData\Local\Programs\Python\Python312\Lib\site-packages\sqlparse\utils.py first seen with mtime 1717559404.275766
File C:\Users\MARKtech\AppData\Local\Programs\Python\Python312\Lib\site-packages\sqlparse\utils.py first seen with mtime 1717559404.275766
File C:\Users\MARKtech\AppData\Local\Programs\Python\Python312\Lib\site-packages\django\db\models\signals.py first seen with mtime 1717559443.8410084
File C:\Users\MARKtech\AppData\Local\Programs\Python\Python312\Lib\site-packages\django\db\models\signals.py first seen with mtime 1717559443.8410084
File C:\Users\MARKtech\AppData\Local\Programs\Python\Python312\Lib\site-packages\colorama\ansitowin32.py first seen with mtime 1716950678.7957165
File C:\Users\MARKtech\AppData\Local\Programs\Python\Python312\Lib\site-packages\colorama\ansitowin32.py first seen with mtime 1716950678.7957165
File C:\Users\MARKtech\AppData\Local\Programs\Python\Python312\Lib\site-packages\django\db\backends\base\features.py first seen with mtime 1717559443.3408375
File C:\Users\MARKtech\AppData\Local\Programs\Python\Python312\Lib\site-packages\django\db\backends\base\features.py first seen with mtime 1717559443.3408375
File C:\Users\MARKtech\AppData\Local\Programs\Python\Python312\Lib\site-packages\django\contrib\messages\constants.py first seen with mtime 1717559434.8751545
File C:\Users\MARKtech\AppData\Local\Programs\Python\Python312\Lib\site-packages\django\contrib\messages\constants.py first seen with mtime 1717559434.8751545
File C:\Users\MARKtech\AppData\Local\Programs\Python\Python312\Lib\ssl.py first seen with mtime 1712674218.0
File C:\Users\MARKtech\AppData\Local\Programs\Python\Python312\Lib\ssl.py first seen with mtime 1712674218.0
File C:\Users\MARKtech\AppData\Local\Programs\Python\Python312\Lib\site-packages\django\db\backends\utils.py first seen with mtime 1717559443.3095856
File C:\Users\MARKtech\AppData\Local\Programs\Python\Python312\Lib\site-packages\django\db\backends\utils.py first seen with mtime 1717559443.3095856
File C:\Users\MARKtech\AppData\Local\Programs\Python\Python312\Lib\site-packages\django\dispatch\dispatcher.py first seen with mtime 1717559444.012919
File C:\Users\MARKtech\AppData\Local\Programs\Python\Python312\Lib\site-packages\django\dispatch\dispatcher.py first seen with mtime 1717559444.012919
File C:\Users\MARKtech\AppData\Local\Programs\Python\Python312\Lib\site-packages\django\db\migrations\operations\models.py first seen with mtime 1717559443.7316587
File C:\Users\MARKtech\AppData\Local\Programs\Python\Python312\Lib\site-packages\django\db\migrations\operations\models.py first seen with mtime 1717559443.7316587
File C:\Users\MARKtech\AppData\Local\Programs\Python\Python312\Lib\site-packages\django\db\backends\mysql\schema.py first seen with mtime 1717559443.4345853
File C:\Users\MARKtech\AppData\Local\Programs\Python\Python312\Lib\site-packages\django\db\backends\mysql\schema.py first seen with mtime 1717559443.4345853
File C:\Users\MARKtech\AppData\Local\Programs\Python\Python312\Lib\site-packages\django\core\checks\security\csrf.py first seen with mtime 1717559442.7758102
File C:\Users\MARKtech\AppData\Local\Programs\Python\Python312\Lib\site-packages\django\core\checks\security\csrf.py first seen with mtime 1717559442.7758102
File C:\Users\MARKtech\AppData\Local\Programs\Python\Python312\Lib\email\contentmanager.py first seen with mtime 1712674218.0
File C:\Users\MARKtech\AppData\Local\Programs\Python\Python312\Lib\email\contentmanager.py first seen with mtime 1712674218.0
File C:\Users\MARKtech\AppData\Local\Programs\Python\Python312\Lib\urllib\parse.py first seen with mtime 1712674218.0
File C:\Users\MARKtech\AppData\Local\Programs\Python\Python312\Lib\urllib\parse.py first seen with mtime 1712674218.0
File C:\Users\MARKtech\AppData\Local\Programs\Python\Python312\Lib\site-packages\django\db\models\deletion.py first seen with mtime 1717559443.778548
File C:\Users\MARKtech\AppData\Local\Programs\Python\Python312\Lib\site-packages\django\db\models\deletion.py first seen with mtime 1717559443.778548
File C:\Users\MARKtech\AppData\Local\Programs\Python\Python312\Lib\ctypes\_endian.py first seen with mtime 1712674218.0
File C:\Users\MARKtech\AppData\Local\Programs\Python\Python312\Lib\ctypes\_endian.py first seen with mtime 1712674218.0
File C:\Users\MARKtech\AppData\Local\Programs\Python\Python312\Lib\numbers.py first seen with mtime 1712674218.0
File C:\Users\MARKtech\AppData\Local\Programs\Python\Python312\Lib\numbers.py first seen with mtime 1712674218.0
File C:\Users\MARKtech\AppData\Local\Programs\Python\Python312\Lib\site-packages\django\template\exceptions.py first seen with mtime 1717559445.222701
File C:\Users\MARKtech\AppData\Local\Programs\Python\Python312\Lib\site-packages\django\template\exceptions.py first seen with mtime 1717559445.222701
File C:\Users\MARKtech\AppData\Local\Programs\Python\Python312\Lib\site-packages\django\contrib\sessions\backends\__init__.py first seen with mtime 1717559439.0450435
File C:\Users\MARKtech\AppData\Local\Programs\Python\Python312\Lib\site-packages\django\contrib\sessions\backends\__init__.py first seen with mtime 1717559439.0450435
File C:\Users\MARKtech\AppData\Local\Programs\Python\Python312\Lib\site-packages\django\core\management\color.py first seen with mtime 1717559442.9945984
File C:\Users\MARKtech\AppData\Local\Programs\Python\Python312\Lib\site-packages\django\core\management\color.py first seen with mtime 1717559442.9945984
File C:\Users\MARKtech\AppData\Local\Programs\Python\Python312\Lib\site-packages\sqlparse\engine\grouping.py first seen with mtime 1717559404.3019133
File C:\Users\MARKtech\AppData\Local\Programs\Python\Python312\Lib\site-packages\sqlparse\engine\grouping.py first seen with mtime 1717559404.3019133
File C:\Users\MARKtech\AppData\Local\Programs\Python\Python312\Lib\site-packages\django\db\backends\base\validation.py first seen with mtime 1717559443.3564713
File C:\Users\MARKtech\AppData\Local\Programs\Python\Python312\Lib\site-packages\django\db\backends\base\validation.py first seen with mtime 1717559443.3564713
File C:\Users\MARKtech\AppData\Local\Programs\Python\Python312\Lib\site-packages\django\template\loaders\__init__.py first seen with mtime 1717559445.3320777
File C:\Users\MARKtech\AppData\Local\Programs\Python\Python312\Lib\site-packages\django\template\loaders\__init__.py first seen with mtime 1717559445.3320777
File C:\Users\MARKtech\AppData\Local\Programs\Python\Python312\Lib\site-packages\django\core\files\storage\mixins.py first seen with mtime 1717559442.8695564
File C:\Users\MARKtech\AppData\Local\Programs\Python\Python312\Lib\site-packages\django\core\files\storage\mixins.py first seen with mtime 1717559442.8695564
File C:\Users\MARKtech\AppData\Local\Programs\Python\Python312\Lib\site-packages\django\template\backends\django.py first seen with mtime 1717559445.3008256
File C:\Users\MARKtech\AppData\Local\Programs\Python\Python312\Lib\site-packages\django\template\backends\django.py first seen with mtime 1717559445.3008256
File C:\Users\MARKtech\AppData\Local\Programs\Python\Python312\Lib\site-packages\asgiref\local.py first seen with mtime 1717559407.5040963
File C:\Users\MARKtech\AppData\Local\Programs\Python\Python312\Lib\site-packages\asgiref\local.py first seen with mtime 1717559407.5040963
File C:\Users\MARKtech\AppData\Local\Programs\Python\Python312\Lib\html\parser.py first seen with mtime 1712674218.0
File C:\Users\MARKtech\AppData\Local\Programs\Python\Python312\Lib\html\parser.py first seen with mtime 1712674218.0
File C:\Users\MARKtech\AppData\Local\Programs\Python\Python312\Lib\site-packages\sqlparse\filters\output.py first seen with mtime 1717559404.3395329
File C:\Users\MARKtech\AppData\Local\Programs\Python\Python312\Lib\site-packages\sqlparse\filters\output.py first seen with mtime 1717559404.3395329
File C:\Users\MARKtech\AppData\Local\Programs\Python\Python312\Lib\site-packages\django\contrib\auth\password_validation.py first seen with mtime 1717559421.7704854
File C:\Users\MARKtech\AppData\Local\Programs\Python\Python312\Lib\site-packages\django\contrib\auth\password_validation.py first seen with mtime 1717559421.7704854
File C:\Users\MARKtech\AppData\Local\Programs\Python\Python312\Lib\site-packages\django\middleware\security.py first seen with mtime 1717559445.132051
File C:\Users\MARKtech\AppData\Local\Programs\Python\Python312\Lib\site-packages\django\middleware\security.py first seen with mtime 1717559445.132051
File C:\Users\MARKtech\AppData\Local\Programs\Python\Python312\Lib\site-packages\django\contrib\messages\storage\__init__.py first seen with mtime 1717559434.906412
File C:\Users\MARKtech\AppData\Local\Programs\Python\Python312\Lib\site-packages\django\contrib\messages\storage\__init__.py first seen with mtime 1717559434.906412
File C:\Users\MARKtech\AppData\Local\Programs\Python\Python312\Lib\encodings\aliases.py first seen with mtime 1712674218.0
File C:\Users\MARKtech\AppData\Local\Programs\Python\Python312\Lib\encodings\aliases.py first seen with mtime 1712674218.0
File C:\Users\MARKtech\AppData\Local\Programs\Python\Python312\Lib\site-packages\django\db\models\functions\comparison.py first seen with mtime 1717559443.9191475
File C:\Users\MARKtech\AppData\Local\Programs\Python\Python312\Lib\site-packages\django\db\models\functions\comparison.py first seen with mtime 1717559443.9191475
File C:\Users\MARKtech\AppData\Local\Programs\Python\Python312\Lib\importlib\_abc.py first seen with mtime 1712674218.0
File C:\Users\MARKtech\AppData\Local\Programs\Python\Python312\Lib\importlib\_abc.py first seen with mtime 1712674218.0
File C:\Users\MARKtech\AppData\Local\Programs\Python\Python312\Lib\wsgiref\headers.py first seen with mtime 1712674218.0
File C:\Users\MARKtech\AppData\Local\Programs\Python\Python312\Lib\wsgiref\headers.py first seen with mtime 1712674218.0
File C:\Users\MARKtech\AppData\Local\Programs\Python\Python312\Lib\site-packages\django\contrib\staticfiles\checks.py first seen with mtime 1717559442.4614036
File C:\Users\MARKtech\AppData\Local\Programs\Python\Python312\Lib\site-packages\django\contrib\staticfiles\checks.py first seen with mtime 1717559442.4614036
File C:\Users\MARKtech\AppData\Local\Programs\Python\Python312\Lib\getpass.py first seen with mtime 1712674218.0
File C:\Users\MARKtech\AppData\Local\Programs\Python\Python312\Lib\getpass.py first seen with mtime 1712674218.0
File C:\Users\MARKtech\AppData\Local\Programs\Python\Python312\Lib\site-packages\django\core\checks\messages.py first seen with mtime 1717559442.7133262
File C:\Users\MARKtech\AppData\Local\Programs\Python\Python312\Lib\site-packages\django\core\checks\messages.py first seen with mtime 1717559442.7133262
File C:\Users\MARKtech\Desktop\django1\djangoapp\my_app\templates\index.html first seen with mtime 1722585943.1797862
File C:\Users\MARKtech\Desktop\django1\djangoapp\my_app\templates\index.html first seen with mtime 1722585943.1797862
File C:\Users\MARKtech\Desktop\django1\djangoapp\my_app\templates\show_schools.html first seen with mtime 1722025068.032542
File C:\Users\MARKtech\Desktop\django1\djangoapp\my_app\templates\show_schools.html first seen with mtime 1722025068.032542
File C:\Users\MARKtech\Desktop\django1\djangoapp\my_app\templates\try.html first seen with mtime 1722934225.1949027
File C:\Users\MARKtech\Desktop\django1\djangoapp\my_app\templates\try.html first seen with mtime 1722934225.1949027
File C:\Users\MARKtech\Desktop\django1\djangoapp\my_app\templates\user_page.html first seen with mtime 1722934583.0754774
File C:\Users\MARKtech\Desktop\django1\djangoapp\my_app\templates\user_page.html first seen with mtime 1722934583.0754774
File C:\Users\MARKtech\AppData\Local\Programs\Python\Python312\Lib\site-packages\django\contrib\sessions\backends\base.py first seen with mtime 1717559439.0450435
File C:\Users\MARKtech\AppData\Local\Programs\Python\Python312\Lib\site-packages\django\contrib\sessions\backends\base.py first seen with mtime 1717559439.0450435
File C:\Users\MARKtech\AppData\Local\Programs\Python\Python312\Lib\site-packages\django\middleware\clickjacking.py first seen with mtime 1717559445.0695603
File C:\Users\MARKtech\AppData\Local\Programs\Python\Python312\Lib\site-packages\django\middleware\clickjacking.py first seen with mtime 1717559445.0695603
File C:\Users\MARKtech\AppData\Local\Programs\Python\Python312\Lib\site-packages\django\contrib\auth\migrations\0004_alter_user_username_opts.py first seen with mtime 1717559423.6702511
File C:\Users\MARKtech\AppData\Local\Programs\Python\Python312\Lib\site-packages\django\contrib\auth\migrations\0004_alter_user_username_opts.py first seen with mtime 1717559423.6702511
File C:\Users\MARKtech\AppData\Local\Programs\Python\Python312\Lib\site-packages\django\contrib\contenttypes\migrations\0002_remove_content_type_name.py first seen with mtime 1717559427.9618993
File C:\Users\MARKtech\AppData\Local\Programs\Python\Python312\Lib\site-packages\django\contrib\contenttypes\migrations\0002_remove_content_type_name.py first seen with mtime 1717559427.9618993
File C:\Users\MARKtech\AppData\Local\Programs\Python\Python312\Lib\site-packages\django\contrib\contenttypes\migrations\0001_initial.py first seen with mtime 1717559427.9618993
File C:\Users\MARKtech\AppData\Local\Programs\Python\Python312\Lib\site-packages\django\contrib\contenttypes\migrations\0001_initial.py first seen with mtime 1717559427.9618993
File C:\Users\MARKtech\AppData\Local\Programs\Python\Python312\Lib\site-packages\django\db\migrations\executor.py first seen with mtime 1717559443.6535227
File C:\Users\MARKtech\AppData\Local\Programs\Python\Python312\Lib\site-packages\django\db\migrations\executor.py first seen with mtime 1717559443.6535227
File C:\Users\MARKtech\AppData\Local\Programs\Python\Python312\Lib\site-packages\django\contrib\auth\migrations\0011_update_proxy_permissions.py first seen with mtime 1717559423.7171125
File C:\Users\MARKtech\AppData\Local\Programs\Python\Python312\Lib\site-packages\django\contrib\auth\migrations\0011_update_proxy_permissions.py first seen with mtime 1717559423.7171125
File C:\Users\MARKtech\Desktop\django1\djangoapp\my_app\migrations\__init__.py first seen with mtime 1722858414.6326637
File C:\Users\MARKtech\Desktop\django1\djangoapp\my_app\migrations\__init__.py first seen with mtime 1722858414.6326637
File C:\Users\MARKtech\Desktop\django1\djangoapp\my_app\migrations\0001_initial.py first seen with mtime 1722858415.1038563
File C:\Users\MARKtech\Desktop\django1\djangoapp\my_app\migrations\0001_initial.py first seen with mtime 1722858415.1038563
File C:\Users\MARKtech\Desktop\django1\djangoapp\my_project\wsgi.py first seen with mtime 1718541499.086702
File C:\Users\MARKtech\Desktop\django1\djangoapp\my_project\wsgi.py first seen with mtime 1718541499.086702
File C:\Users\MARKtech\AppData\Local\Programs\Python\Python312\Lib\site-packages\django\contrib\admin\migrations\0001_initial.py first seen with mtime 1717559417.7730713
File C:\Users\MARKtech\AppData\Local\Programs\Python\Python312\Lib\site-packages\django\contrib\admin\migrations\0001_initial.py first seen with mtime 1717559417.7730713
File C:\Users\MARKtech\AppData\Local\Programs\Python\Python312\Lib\site-packages\django\middleware\common.py first seen with mtime 1717559445.085168
File C:\Users\MARKtech\AppData\Local\Programs\Python\Python312\Lib\site-packages\django\middleware\common.py first seen with mtime 1717559445.085168
File C:\Users\MARKtech\AppData\Local\Programs\Python\Python312\Lib\site-packages\django\views\csrf.py first seen with mtime 1717559446.4604385
File C:\Users\MARKtech\AppData\Local\Programs\Python\Python312\Lib\site-packages\django\views\csrf.py first seen with mtime 1717559446.4604385
File C:\Users\MARKtech\AppData\Local\Programs\Python\Python312\Lib\site-packages\MySQLdb\cursors.py first seen with mtime 1720572393.3790674
File C:\Users\MARKtech\AppData\Local\Programs\Python\Python312\Lib\site-packages\MySQLdb\cursors.py first seen with mtime 1720572393.3790674
File C:\Users\MARKtech\AppData\Local\Programs\Python\Python312\Lib\site-packages\MySQLdb\connections.py first seen with mtime 1720572393.3790674
File C:\Users\MARKtech\AppData\Local\Programs\Python\Python312\Lib\site-packages\MySQLdb\connections.py first seen with mtime 1720572393.3790674
File C:\Users\MARKtech\AppData\Local\Programs\Python\Python312\Lib\site-packages\django\contrib\auth\migrations\0002_alter_permission_name_max_length.py first seen with mtime 1717559423.6702511
File C:\Users\MARKtech\AppData\Local\Programs\Python\Python312\Lib\site-packages\django\contrib\auth\migrations\0002_alter_permission_name_max_length.py first seen with mtime 1717559423.6702511
File C:\Users\MARKtech\AppData\Local\Programs\Python\Python312\Lib\site-packages\django\contrib\auth\migrations\0006_require_contenttypes_0002.py first seen with mtime 1717559423.68586
File C:\Users\MARKtech\AppData\Local\Programs\Python\Python312\Lib\site-packages\django\contrib\auth\migrations\0006_require_contenttypes_0002.py first seen with mtime 1717559423.68586
File C:\Users\MARKtech\AppData\Local\Programs\Python\Python312\Lib\site-packages\django\contrib\admin\migrations\0002_logentry_remove_auto_add.py first seen with mtime 1717559417.7730713
File C:\Users\MARKtech\AppData\Local\Programs\Python\Python312\Lib\site-packages\django\contrib\admin\migrations\0002_logentry_remove_auto_add.py first seen with mtime 1717559417.7730713
File C:\Users\MARKtech\AppData\Local\Programs\Python\Python312\Lib\site-packages\django\contrib\admin\migrations\__init__.py first seen with mtime 1717559417.788731
File C:\Users\MARKtech\AppData\Local\Programs\Python\Python312\Lib\site-packages\django\contrib\admin\migrations\__init__.py first seen with mtime 1717559417.788731
File C:\Users\MARKtech\AppData\Local\Programs\Python\Python312\Lib\site-packages\django\db\migrations\recorder.py first seen with mtime 1717559443.6847548
File C:\Users\MARKtech\AppData\Local\Programs\Python\Python312\Lib\site-packages\django\db\migrations\recorder.py first seen with mtime 1717559443.6847548
File C:\Users\MARKtech\AppData\Local\Programs\Python\Python312\Lib\site-packages\django\contrib\admin\migrations\0003_logentry_add_action_flag_choices.py first seen with mtime 1717559417.788731
File C:\Users\MARKtech\AppData\Local\Programs\Python\Python312\Lib\site-packages\django\contrib\admin\migrations\0003_logentry_add_action_flag_choices.py first seen with mtime 1717559417.788731
File C:\Users\MARKtech\AppData\Local\Programs\Python\Python312\Lib\site-packages\django\contrib\auth\migrations\0012_alter_user_first_name_max_length.py first seen with mtime 1717559423.7327404
File C:\Users\MARKtech\AppData\Local\Programs\Python\Python312\Lib\site-packages\django\contrib\auth\migrations\0012_alter_user_first_name_max_length.py first seen with mtime 1717559423.7327404
File C:\Users\MARKtech\AppData\Local\Programs\Python\Python312\Lib\site-packages\django\contrib\auth\migrations\0008_alter_user_username_max_length.py first seen with mtime 1717559423.7015083
File C:\Users\MARKtech\AppData\Local\Programs\Python\Python312\Lib\site-packages\django\contrib\auth\migrations\0008_alter_user_username_max_length.py first seen with mtime 1717559423.7015083
File C:\Users\MARKtech\AppData\Local\Programs\Python\Python312\Lib\site-packages\django\db\migrations\graph.py first seen with mtime 1717559443.6535227
File C:\Users\MARKtech\AppData\Local\Programs\Python\Python312\Lib\site-packages\django\db\migrations\graph.py first seen with mtime 1717559443.6535227
File C:\Users\MARKtech\AppData\Local\Programs\Python\Python312\Lib\site-packages\django\contrib\auth\migrations\0007_alter_validators_add_error_messages.py first seen with mtime 1717559423.7015083
File C:\Users\MARKtech\AppData\Local\Programs\Python\Python312\Lib\site-packages\django\contrib\auth\migrations\0007_alter_validators_add_error_messages.py first seen with mtime 1717559423.7015083
File C:\Users\MARKtech\AppData\Local\Programs\Python\Python312\Lib\site-packages\django\contrib\auth\migrations\0009_alter_user_last_name_max_length.py first seen with mtime 1717559423.7015083
File C:\Users\MARKtech\AppData\Local\Programs\Python\Python312\Lib\site-packages\django\contrib\auth\migrations\0009_alter_user_last_name_max_length.py first seen with mtime 1717559423.7015083
File C:\Users\MARKtech\AppData\Local\Programs\Python\Python312\Lib\site-packages\django\contrib\sessions\exceptions.py first seen with mtime 1717559439.0138035
File C:\Users\MARKtech\AppData\Local\Programs\Python\Python312\Lib\site-packages\django\contrib\sessions\exceptions.py first seen with mtime 1717559439.0138035
File C:\Users\MARKtech\AppData\Local\Programs\Python\Python312\Lib\site-packages\django\db\backends\mysql\compiler.py first seen with mtime 1717559443.4033368
File C:\Users\MARKtech\AppData\Local\Programs\Python\Python312\Lib\site-packages\django\db\backends\mysql\compiler.py first seen with mtime 1717559443.4033368
File C:\Users\MARKtech\AppData\Local\Programs\Python\Python312\Lib\site-packages\django\db\migrations\loader.py first seen with mtime 1717559443.6535227
File C:\Users\MARKtech\AppData\Local\Programs\Python\Python312\Lib\site-packages\django\db\migrations\loader.py first seen with mtime 1717559443.6535227
File C:\Users\MARKtech\AppData\Local\Programs\Python\Python312\Lib\stringprep.py first seen with mtime 1712674218.0
File C:\Users\MARKtech\AppData\Local\Programs\Python\Python312\Lib\stringprep.py first seen with mtime 1712674218.0
File C:\Users\MARKtech\AppData\Local\Programs\Python\Python312\Lib\site-packages\django\contrib\auth\migrations\0010_alter_group_name_max_length.py first seen with mtime 1717559423.7171125
File C:\Users\MARKtech\AppData\Local\Programs\Python\Python312\Lib\site-packages\django\contrib\auth\migrations\0010_alter_group_name_max_length.py first seen with mtime 1717559423.7171125
File C:\Users\MARKtech\AppData\Local\Programs\Python\Python312\Lib\site-packages\django\contrib\sessions\migrations\0001_initial.py first seen with mtime 1717559440.534085
File C:\Users\MARKtech\AppData\Local\Programs\Python\Python312\Lib\site-packages\django\contrib\sessions\migrations\0001_initial.py first seen with mtime 1717559440.534085
File C:\Users\MARKtech\AppData\Local\Programs\Python\Python312\Lib\site-packages\django\contrib\contenttypes\migrations\__init__.py first seen with mtime 1717559427.9618993
File C:\Users\MARKtech\AppData\Local\Programs\Python\Python312\Lib\site-packages\django\contrib\contenttypes\migrations\__init__.py first seen with mtime 1717559427.9618993
File C:\Users\MARKtech\AppData\Local\Programs\Python\Python312\Lib\site-packages\django\contrib\messages\middleware.py first seen with mtime 1717559434.890782
File C:\Users\MARKtech\AppData\Local\Programs\Python\Python312\Lib\site-packages\django\contrib\messages\middleware.py first seen with mtime 1717559434.890782
File C:\Users\MARKtech\AppData\Local\Programs\Python\Python312\Lib\site-packages\django\contrib\auth\migrations\0003_alter_user_email_max_length.py first seen with mtime 1717559423.6702511
File C:\Users\MARKtech\AppData\Local\Programs\Python\Python312\Lib\site-packages\django\contrib\auth\migrations\0003_alter_user_email_max_length.py first seen with mtime 1717559423.6702511
File C:\Users\MARKtech\AppData\Local\Programs\Python\Python312\Lib\site-packages\django\contrib\auth\migrations\__init__.py first seen with mtime 1717559424.1215475
File C:\Users\MARKtech\AppData\Local\Programs\Python\Python312\Lib\site-packages\django\contrib\auth\migrations\__init__.py first seen with mtime 1717559424.1215475
File C:\Users\MARKtech\AppData\Local\Programs\Python\Python312\Lib\site-packages\django\db\models\sql\compiler.py first seen with mtime 1717559443.9660232
File C:\Users\MARKtech\AppData\Local\Programs\Python\Python312\Lib\site-packages\django\db\models\sql\compiler.py first seen with mtime 1717559443.9660232
File C:\Users\MARKtech\AppData\Local\Programs\Python\Python312\Lib\site-packages\django\core\cache\backends\locmem.py first seen with mtime 1717559442.6508381
File C:\Users\MARKtech\AppData\Local\Programs\Python\Python312\Lib\site-packages\django\core\cache\backends\locmem.py first seen with mtime 1717559442.6508381
File C:\Users\MARKtech\AppData\Local\Programs\Python\Python312\Lib\site-packages\django\contrib\sessions\migrations\__init__.py first seen with mtime 1717559440.534085
File C:\Users\MARKtech\AppData\Local\Programs\Python\Python312\Lib\site-packages\django\contrib\sessions\migrations\__init__.py first seen with mtime 1717559440.534085
File C:\Users\MARKtech\AppData\Local\Programs\Python\Python312\Lib\site-packages\django\contrib\sessions\backends\db.py first seen with mtime 1717559439.076288
File C:\Users\MARKtech\AppData\Local\Programs\Python\Python312\Lib\site-packages\django\contrib\sessions\backends\db.py first seen with mtime 1717559439.076288
File C:\Users\MARKtech\AppData\Local\Programs\Python\Python312\Lib\encodings\idna.py first seen with mtime 1712674218.0
File C:\Users\MARKtech\AppData\Local\Programs\Python\Python312\Lib\encodings\idna.py first seen with mtime 1712674218.0
File C:\Users\MARKtech\AppData\Local\Programs\Python\Python312\Lib\site-packages\django\contrib\auth\migrations\0005_alter_user_last_login_null.py first seen with mtime 1717559423.68586
File C:\Users\MARKtech\AppData\Local\Programs\Python\Python312\Lib\site-packages\django\contrib\auth\migrations\0005_alter_user_last_login_null.py first seen with mtime 1717559423.68586
File C:\Users\MARKtech\AppData\Local\Programs\Python\Python312\Lib\site-packages\django\contrib\auth\migrations\0001_initial.py first seen with mtime 1717559423.6546204
File C:\Users\MARKtech\AppData\Local\Programs\Python\Python312\Lib\site-packages\django\contrib\auth\migrations\0001_initial.py first seen with mtime 1717559423.6546204
File C:\Users\MARKtech\Desktop\django1\djangoapp\my_app\views.py previous mtime: 1722932059.1431818, current mtime: 1722951377.2263508
File C:\Users\MARKtech\Desktop\django1\djangoapp\my_app\views.py previous mtime: 1722932059.1431818, current mtime: 1722951377.2263508
C:\Users\MARKtech\Desktop\django1\djangoapp\my_app\views.py notified as changed. Signal results: [(<function template_changed at 0x00000167DC4E87C0>, None), (<function translation_file_changed at 0x00000167DD594CC0>, None)].
C:\Users\MARKtech\Desktop\django1\djangoapp\my_app\views.py notified as changed. Signal results: [(<function template_changed at 0x00000167DC4E87C0>, None), (<function translation_file_changed at 0x00000167DD594CC0>, None)].
C:\Users\MARKtech\Desktop\django1\djangoapp\my_app\views.py changed, reloading.
C:\Users\MARKtech\Desktop\django1\djangoapp\my_app\views.py changed, reloading.
Watching for file changes with StatReloader
Watching for file changes with StatReloader
Waiting for apps ready_event.
Waiting for apps ready_event.
Apps ready_event triggered. Sending autoreload_started signal.
Apps ready_event triggered. Sending autoreload_started signal.
Watching dir C:\Users\MARKtech\Desktop\django1\djangoapp\templates with glob **/*.
Watching dir C:\Users\MARKtech\Desktop\django1\djangoapp\templates with glob **/*.
Watching dir C:\Users\MARKtech\Desktop\django1\djangoapp\my_app\templates with glob **/*.
Watching dir C:\Users\MARKtech\Desktop\django1\djangoapp\my_app\templates with glob **/*.
Watching dir C:\Users\MARKtech\Desktop\django1\djangoapp\locale with glob **/*.mo.
Watching dir C:\Users\MARKtech\Desktop\django1\djangoapp\locale with glob **/*.mo.
Watching dir C:\Users\MARKtech\Desktop\django1\djangoapp\my_app\locale with glob **/*.mo.
Watching dir C:\Users\MARKtech\Desktop\django1\djangoapp\my_app\locale with glob **/*.mo.
(0.015) 
                SELECT VERSION(),
                       @@sql_mode,
                       @@default_storage_engine,
                       @@sql_auto_is_null,
                       @@lower_case_table_names,
                       CONVERT_TZ('2001-01-01 01:00:00', 'UTC', 'UTC') IS NOT NULL
            ; args=None; alias=default
(0.015) 
                SELECT VERSION(),
                       @@sql_mode,
                       @@default_storage_engine,
                       @@sql_auto_is_null,
                       @@lower_case_table_names,
                       CONVERT_TZ('2001-01-01 01:00:00', 'UTC', 'UTC') IS NOT NULL
            ; args=None; alias=default
(0.000) SET SESSION TRANSACTION ISOLATION LEVEL READ COMMITTED; args=None; alias=default
(0.000) SET SESSION TRANSACTION ISOLATION LEVEL READ COMMITTED; args=None; alias=default
(0.094) 
            SELECT
                table_name,
                table_type,
                table_comment
            FROM information_schema.tables
            WHERE table_schema = DATABASE()
            ; args=None; alias=default
(0.094) 
            SELECT
                table_name,
                table_type,
                table_comment
            FROM information_schema.tables
            WHERE table_schema = DATABASE()
            ; args=None; alias=default
(0.031) SELECT `django_migrations`.`id`, `django_migrations`.`app`, `django_migrations`.`name`, `django_migrations`.`applied` FROM `django_migrations`; args=(); alias=default
(0.031) SELECT `django_migrations`.`id`, `django_migrations`.`app`, `django_migrations`.`name`, `django_migrations`.`applied` FROM `django_migrations`; args=(); alias=default
File C:\Users\MARKtech\AppData\Local\Programs\Python\Python312\Lib\_markupbase.py first seen with mtime 1712674218.0
File C:\Users\MARKtech\AppData\Local\Programs\Python\Python312\Lib\_markupbase.py first seen with mtime 1712674218.0
File C:\Users\MARKtech\AppData\Local\Programs\Python\Python312\Lib\site-packages\django\core\servers\__init__.py first seen with mtime 1717559443.24708
File C:\Users\MARKtech\AppData\Local\Programs\Python\Python312\Lib\site-packages\django\core\servers\__init__.py first seen with mtime 1717559443.24708
File C:\Users\MARKtech\AppData\Local\Programs\Python\Python312\Lib\site-packages\django\utils\autoreload.py first seen with mtime 1717559445.6445718
File C:\Users\MARKtech\AppData\Local\Programs\Python\Python312\Lib\site-packages\django\utils\autoreload.py first seen with mtime 1717559445.6445718
File C:\Users\MARKtech\AppData\Local\Programs\Python\Python312\Lib\site-packages\django\db\backends\base\validation.py first seen with mtime 1717559443.3564713
File C:\Users\MARKtech\AppData\Local\Programs\Python\Python312\Lib\site-packages\django\db\backends\base\validation.py first seen with mtime 1717559443.3564713
File C:\Users\MARKtech\AppData\Local\Programs\Python\Python312\Lib\site-packages\django\db\models\fields\__init__.py first seen with mtime 1717559443.8566413
File C:\Users\MARKtech\AppData\Local\Programs\Python\Python312\Lib\site-packages\django\db\models\fields\__init__.py first seen with mtime 1717559443.8566413
File C:\Users\MARKtech\AppData\Local\Programs\Python\Python312\Lib\_weakrefset.py first seen with mtime 1712674218.0
File C:\Users\MARKtech\AppData\Local\Programs\Python\Python312\Lib\_weakrefset.py first seen with mtime 1712674218.0
File C:\Users\MARKtech\AppData\Local\Programs\Python\Python312\Lib\asyncio\locks.py first seen with mtime 1712674218.0
File C:\Users\MARKtech\AppData\Local\Programs\Python\Python312\Lib\asyncio\locks.py first seen with mtime 1712674218.0
File C:\Users\MARKtech\AppData\Local\Programs\Python\Python312\Lib\site-packages\django\contrib\auth\signals.py first seen with mtime 1717559421.7704854
File C:\Users\MARKtech\AppData\Local\Programs\Python\Python312\Lib\site-packages\django\contrib\auth\signals.py first seen with mtime 1717559421.7704854
File C:\Users\MARKtech\AppData\Local\Programs\Python\Python312\Lib\site-packages\django\template\autoreload.py first seen with mtime 1717559445.1601954
File C:\Users\MARKtech\AppData\Local\Programs\Python\Python312\Lib\site-packages\django\template\autoreload.py first seen with mtime 1717559445.1601954
File C:\Users\MARKtech\AppData\Local\Programs\Python\Python312\Lib\site-packages\django\contrib\auth\validators.py first seen with mtime 1717559421.78611
File C:\Users\MARKtech\AppData\Local\Programs\Python\Python312\Lib\site-packages\django\contrib\auth\validators.py first seen with mtime 1717559421.78611
File C:\Users\MARKtech\AppData\Local\Programs\Python\Python312\Lib\traceback.py first seen with mtime 1712674218.0
File C:\Users\MARKtech\AppData\Local\Programs\Python\Python312\Lib\traceback.py first seen with mtime 1712674218.0
File C:\Users\MARKtech\AppData\Local\Programs\Python\Python312\Lib\asyncio\base_events.py first seen with mtime 1712674218.0
File C:\Users\MARKtech\AppData\Local\Programs\Python\Python312\Lib\asyncio\base_events.py first seen with mtime 1712674218.0
File C:\Users\MARKtech\AppData\Local\Programs\Python\Python312\Lib\site-packages\django\contrib\contenttypes\forms.py first seen with mtime 1717559424.2777898
File C:\Users\MARKtech\AppData\Local\Programs\Python\Python312\Lib\site-packages\django\contrib\contenttypes\forms.py first seen with mtime 1717559424.2777898
File C:\Users\MARKtech\AppData\Local\Programs\Python\Python312\Lib\site-packages\django\template\backends\base.py first seen with mtime 1717559445.285213
File C:\Users\MARKtech\AppData\Local\Programs\Python\Python312\Lib\site-packages\django\template\backends\base.py first seen with mtime 1717559445.285213
File C:\Users\MARKtech\AppData\Local\Programs\Python\Python312\Lib\site-packages\django\core\files\uploadedfile.py first seen with mtime 1717559442.8226876
File C:\Users\MARKtech\AppData\Local\Programs\Python\Python312\Lib\site-packages\django\core\files\uploadedfile.py first seen with mtime 1717559442.8226876
File C:\Users\MARKtech\AppData\Local\Programs\Python\Python312\Lib\html\entities.py first seen with mtime 1712674218.0
File C:\Users\MARKtech\AppData\Local\Programs\Python\Python312\Lib\html\entities.py first seen with mtime 1712674218.0
File C:\Users\MARKtech\AppData\Local\Programs\Python\Python312\Lib\site-packages\django\core\handlers\asgi.py first seen with mtime 1717559442.8851998
File C:\Users\MARKtech\AppData\Local\Programs\Python\Python312\Lib\site-packages\django\core\handlers\asgi.py first seen with mtime 1717559442.8851998
File C:\Users\MARKtech\AppData\Local\Programs\Python\Python312\Lib\sysconfig.py first seen with mtime 1712674218.0
File C:\Users\MARKtech\AppData\Local\Programs\Python\Python312\Lib\sysconfig.py first seen with mtime 1712674218.0
File C:\Users\MARKtech\AppData\Local\Programs\Python\Python312\Lib\textwrap.py first seen with mtime 1712674218.0
File C:\Users\MARKtech\AppData\Local\Programs\Python\Python312\Lib\textwrap.py first seen with mtime 1712674218.0
File C:\Users\MARKtech\AppData\Local\Programs\Python\Python312\Lib\site-packages\django\template\__init__.py first seen with mtime 1717559445.1476822
File C:\Users\MARKtech\AppData\Local\Programs\Python\Python312\Lib\site-packages\django\template\__init__.py first seen with mtime 1717559445.1476822
File C:\Users\MARKtech\AppData\Local\Programs\Python\Python312\Lib\logging\config.py first seen with mtime 1712674218.0
File C:\Users\MARKtech\AppData\Local\Programs\Python\Python312\Lib\logging\config.py first seen with mtime 1712674218.0
File C:\Users\MARKtech\AppData\Local\Programs\Python\Python312\Lib\site-packages\django\core\servers\basehttp.py first seen with mtime 1717559443.262735
File C:\Users\MARKtech\AppData\Local\Programs\Python\Python312\Lib\site-packages\django\core\servers\basehttp.py first seen with mtime 1717559443.262735
File C:\Users\MARKtech\AppData\Local\Programs\Python\Python312\Lib\site-packages\django\contrib\sites\__init__.py first seen with mtime 1717559440.5653436
File C:\Users\MARKtech\AppData\Local\Programs\Python\Python312\Lib\site-packages\django\contrib\sites\__init__.py first seen with mtime 1717559440.5653436
File C:\Users\MARKtech\AppData\Local\Programs\Python\Python312\Lib\zoneinfo\__init__.py first seen with mtime 1712674218.0
File C:\Users\MARKtech\AppData\Local\Programs\Python\Python312\Lib\zoneinfo\__init__.py first seen with mtime 1712674218.0
File C:\Users\MARKtech\AppData\Local\Programs\Python\Python312\Lib\site-packages\django\core\management\base.py first seen with mtime 1717559442.9945984
File C:\Users\MARKtech\AppData\Local\Programs\Python\Python312\Lib\site-packages\django\core\management\base.py first seen with mtime 1717559442.9945984
File C:\Users\MARKtech\AppData\Local\Programs\Python\Python312\Lib\json\decoder.py first seen with mtime 1712674218.0
File C:\Users\MARKtech\AppData\Local\Programs\Python\Python312\Lib\json\decoder.py first seen with mtime 1712674218.0
File C:\Users\MARKtech\AppData\Local\Programs\Python\Python312\Lib\getpass.py first seen with mtime 1712674218.0
File C:\Users\MARKtech\AppData\Local\Programs\Python\Python312\Lib\getpass.py first seen with mtime 1712674218.0
File C:\Users\MARKtech\AppData\Local\Programs\Python\Python312\Lib\site-packages\django\db\migrations\operations\models.py first seen with mtime 1717559443.7316587
File C:\Users\MARKtech\AppData\Local\Programs\Python\Python312\Lib\site-packages\django\db\migrations\operations\models.py first seen with mtime 1717559443.7316587
File C:\Users\MARKtech\AppData\Local\Programs\Python\Python312\Lib\site-packages\django\contrib\admin\apps.py first seen with mtime 1717559413.1654828
File C:\Users\MARKtech\AppData\Local\Programs\Python\Python312\Lib\site-packages\django\contrib\admin\apps.py first seen with mtime 1717559413.1654828
File C:\Users\MARKtech\AppData\Local\Programs\Python\Python312\DLLs\unicodedata.pyd first seen with mtime 1712674262.0
File C:\Users\MARKtech\AppData\Local\Programs\Python\Python312\DLLs\unicodedata.pyd first seen with mtime 1712674262.0
File C:\Users\MARKtech\AppData\Local\Programs\Python\Python312\Lib\site-packages\django\http\__init__.py first seen with mtime 1717559445.0070517
File C:\Users\MARKtech\AppData\Local\Programs\Python\Python312\Lib\site-packages\django\http\__init__.py first seen with mtime 1717559445.0070517
File C:\Users\MARKtech\AppData\Local\Programs\Python\Python312\Lib\site-packages\colorama\initialise.py first seen with mtime 1716950678.802719
File C:\Users\MARKtech\AppData\Local\Programs\Python\Python312\Lib\site-packages\colorama\initialise.py first seen with mtime 1716950678.802719
File C:\Users\MARKtech\AppData\Local\Programs\Python\Python312\Lib\site-packages\django\contrib\messages\storage\base.py first seen with mtime 1717559434.9220262
File C:\Users\MARKtech\AppData\Local\Programs\Python\Python312\Lib\site-packages\django\contrib\messages\storage\base.py first seen with mtime 1717559434.9220262
File C:\Users\MARKtech\AppData\Local\Programs\Python\Python312\Lib\site-packages\django\utils\html.py first seen with mtime 1717559445.9900138
File C:\Users\MARKtech\AppData\Local\Programs\Python\Python312\Lib\site-packages\django\utils\html.py first seen with mtime 1717559445.9900138
File C:\Users\MARKtech\AppData\Local\Programs\Python\Python312\Lib\site-packages\django\utils\formats.py first seen with mtime 1717559445.9743893
File C:\Users\MARKtech\AppData\Local\Programs\Python\Python312\Lib\site-packages\django\utils\formats.py first seen with mtime 1717559445.9743893
File C:\Users\MARKtech\AppData\Local\Programs\Python\Python312\Lib\site-packages\django\core\management\__init__.py first seen with mtime 1717559442.978929
File C:\Users\MARKtech\AppData\Local\Programs\Python\Python312\Lib\site-packages\django\core\management\__init__.py first seen with mtime 1717559442.978929
File C:\Users\MARKtech\AppData\Local\Programs\Python\Python312\Lib\asyncio\futures.py first seen with mtime 1712674218.0
File C:\Users\MARKtech\AppData\Local\Programs\Python\Python312\Lib\asyncio\futures.py first seen with mtime 1712674218.0
File C:\Users\MARKtech\AppData\Local\Programs\Python\Python312\Lib\site-packages\django\views\debug.py first seen with mtime 1717559446.4760776
File C:\Users\MARKtech\AppData\Local\Programs\Python\Python312\Lib\site-packages\django\views\debug.py first seen with mtime 1717559446.4760776
File C:\Users\MARKtech\AppData\Local\Programs\Python\Python312\Lib\site-packages\django\contrib\admin\templatetags\admin_modify.py first seen with mtime 1717559419.3580394
File C:\Users\MARKtech\AppData\Local\Programs\Python\Python312\Lib\site-packages\django\contrib\admin\templatetags\admin_modify.py first seen with mtime 1717559419.3580394
File C:\Users\MARKtech\AppData\Local\Programs\Python\Python312\Lib\email\header.py first seen with mtime 1712674218.0
File C:\Users\MARKtech\AppData\Local\Programs\Python\Python312\Lib\email\header.py first seen with mtime 1712674218.0
File C:\Users\MARKtech\AppData\Local\Programs\Python\Python312\Lib\site-packages\django\contrib\staticfiles\__init__.py first seen with mtime 1717559442.4457936
File C:\Users\MARKtech\AppData\Local\Programs\Python\Python312\Lib\site-packages\django\contrib\staticfiles\__init__.py first seen with mtime 1717559442.4457936
File C:\Users\MARKtech\AppData\Local\Programs\Python\Python312\Lib\pathlib.py first seen with mtime 1712674218.0
File C:\Users\MARKtech\AppData\Local\Programs\Python\Python312\Lib\pathlib.py first seen with mtime 1712674218.0
File C:\Users\MARKtech\AppData\Local\Programs\Python\Python312\Lib\concurrent\futures\thread.py first seen with mtime 1712674218.0
File C:\Users\MARKtech\AppData\Local\Programs\Python\Python312\Lib\concurrent\futures\thread.py first seen with mtime 1712674218.0
File C:\Users\MARKtech\AppData\Local\Programs\Python\Python312\Lib\json\__init__.py first seen with mtime 1712674218.0
File C:\Users\MARKtech\AppData\Local\Programs\Python\Python312\Lib\json\__init__.py first seen with mtime 1712674218.0
File C:\Users\MARKtech\AppData\Local\Programs\Python\Python312\Lib\site-packages\django\db\backends\mysql\base.py first seen with mtime 1717559443.3877237
File C:\Users\MARKtech\AppData\Local\Programs\Python\Python312\Lib\site-packages\django\db\backends\mysql\base.py first seen with mtime 1717559443.3877237
File C:\Users\MARKtech\AppData\Local\Programs\Python\Python312\Lib\site-packages\django\db\backends\mysql\creation.py first seen with mtime 1717559443.4033368
File C:\Users\MARKtech\AppData\Local\Programs\Python\Python312\Lib\site-packages\django\db\backends\mysql\creation.py first seen with mtime 1717559443.4033368
File C:\Users\MARKtech\AppData\Local\Programs\Python\Python312\Lib\site-packages\django\views\generic\__init__.py first seen with mtime 1717559446.585439
File C:\Users\MARKtech\AppData\Local\Programs\Python\Python312\Lib\site-packages\django\views\generic\__init__.py first seen with mtime 1717559446.585439
File C:\Users\MARKtech\AppData\Local\Programs\Python\Python312\Lib\re\_parser.py first seen with mtime 1712674218.0
File C:\Users\MARKtech\AppData\Local\Programs\Python\Python312\Lib\re\_parser.py first seen with mtime 1712674218.0
File C:\Users\MARKtech\AppData\Local\Programs\Python\Python312\Lib\asyncio\runners.py first seen with mtime 1712674218.0
File C:\Users\MARKtech\AppData\Local\Programs\Python\Python312\Lib\asyncio\runners.py first seen with mtime 1712674218.0
File C:\Users\MARKtech\AppData\Local\Programs\Python\Python312\Lib\site-packages\django\contrib\admin\options.py first seen with mtime 1717559413.227956
File C:\Users\MARKtech\AppData\Local\Programs\Python\Python312\Lib\site-packages\django\contrib\admin\options.py first seen with mtime 1717559413.227956
File C:\Users\MARKtech\AppData\Local\Programs\Python\Python312\Lib\site-packages\django\contrib\auth\backends.py first seen with mtime 1717559421.6767423
File C:\Users\MARKtech\AppData\Local\Programs\Python\Python312\Lib\site-packages\django\contrib\auth\backends.py first seen with mtime 1717559421.6767423
File C:\Users\MARKtech\AppData\Local\Programs\Python\Python312\Lib\site-packages\django\views\decorators\cache.py first seen with mtime 1717559446.5229387
File C:\Users\MARKtech\AppData\Local\Programs\Python\Python312\Lib\site-packages\django\views\decorators\cache.py first seen with mtime 1717559446.5229387
File C:\Users\MARKtech\AppData\Local\Programs\Python\Python312\Lib\site-packages\django\contrib\admin\sites.py first seen with mtime 1717559413.2435794
File C:\Users\MARKtech\AppData\Local\Programs\Python\Python312\Lib\site-packages\django\contrib\admin\sites.py first seen with mtime 1717559413.2435794
File C:\Users\MARKtech\AppData\Local\Programs\Python\Python312\Lib\site-packages\django\core\handlers\exception.py first seen with mtime 1717559442.9008212
File C:\Users\MARKtech\AppData\Local\Programs\Python\Python312\Lib\site-packages\django\core\handlers\exception.py first seen with mtime 1717559442.9008212
File C:\Users\MARKtech\AppData\Local\Programs\Python\Python312\Lib\site-packages\asgiref\current_thread_executor.py first seen with mtime 1717559407.488507
File C:\Users\MARKtech\AppData\Local\Programs\Python\Python312\Lib\site-packages\asgiref\current_thread_executor.py first seen with mtime 1717559407.488507
File C:\Users\MARKtech\AppData\Local\Programs\Python\Python312\Lib\site-packages\django\db\models\manager.py first seen with mtime 1717559443.809761
File C:\Users\MARKtech\AppData\Local\Programs\Python\Python312\Lib\site-packages\django\db\models\manager.py first seen with mtime 1717559443.809761
File C:\Users\MARKtech\AppData\Local\Programs\Python\Python312\Lib\asyncio\staggered.py first seen with mtime 1712674218.0
File C:\Users\MARKtech\AppData\Local\Programs\Python\Python312\Lib\asyncio\staggered.py first seen with mtime 1712674218.0
File C:\Users\MARKtech\AppData\Local\Programs\Python\Python312\Lib\ctypes\__init__.py first seen with mtime 1712674218.0
File C:\Users\MARKtech\AppData\Local\Programs\Python\Python312\Lib\ctypes\__init__.py first seen with mtime 1712674218.0
File C:\Users\MARKtech\AppData\Local\Programs\Python\Python312\Lib\site-packages\django\contrib\sessions\apps.py first seen with mtime 1717559438.9982069
File C:\Users\MARKtech\AppData\Local\Programs\Python\Python312\Lib\site-packages\django\contrib\sessions\apps.py first seen with mtime 1717559438.9982069
File C:\Users\MARKtech\AppData\Local\Programs\Python\Python312\Lib\site-packages\django\db\models\functions\__init__.py first seen with mtime 1717559443.9191475
File C:\Users\MARKtech\AppData\Local\Programs\Python\Python312\Lib\site-packages\django\db\models\functions\__init__.py first seen with mtime 1717559443.9191475
File C:\Users\MARKtech\AppData\Local\Programs\Python\Python312\DLLs\_decimal.pyd first seen with mtime 1712674262.0
File C:\Users\MARKtech\AppData\Local\Programs\Python\Python312\DLLs\_decimal.pyd first seen with mtime 1712674262.0
File C:\Users\MARKtech\AppData\Local\Programs\Python\Python312\Lib\site-packages\django\db\backends\base\introspection.py first seen with mtime 1717559443.3408375
File C:\Users\MARKtech\AppData\Local\Programs\Python\Python312\Lib\site-packages\django\db\backends\base\introspection.py first seen with mtime 1717559443.3408375
File C:\Users\MARKtech\AppData\Local\Programs\Python\Python312\Lib\http\cookies.py first seen with mtime 1712674218.0
File C:\Users\MARKtech\AppData\Local\Programs\Python\Python312\Lib\http\cookies.py first seen with mtime 1712674218.0
File C:\Users\MARKtech\AppData\Local\Programs\Python\Python312\Lib\site-packages\django\apps\registry.py first seen with mtime 1717559408.993359
File C:\Users\MARKtech\AppData\Local\Programs\Python\Python312\Lib\site-packages\django\apps\registry.py first seen with mtime 1717559408.993359
File C:\Users\MARKtech\AppData\Local\Programs\Python\Python312\Lib\bisect.py first seen with mtime 1712674218.0
File C:\Users\MARKtech\AppData\Local\Programs\Python\Python312\Lib\bisect.py first seen with mtime 1712674218.0
File C:\Users\MARKtech\AppData\Local\Programs\Python\Python312\Lib\site-packages\MySQLdb\release.py first seen with mtime 1720572393.3946962
File C:\Users\MARKtech\AppData\Local\Programs\Python\Python312\Lib\site-packages\MySQLdb\release.py first seen with mtime 1720572393.3946962
File C:\Users\MARKtech\Desktop\django1\djangoapp\my_app\models\__init__.py first seen with mtime 1722854099.5755365
File C:\Users\MARKtech\Desktop\django1\djangoapp\my_app\models\__init__.py first seen with mtime 1722854099.5755365
File C:\Users\MARKtech\AppData\Local\Programs\Python\Python312\Lib\site-packages\django\contrib\contenttypes\admin.py first seen with mtime 1717559424.246539
File C:\Users\MARKtech\AppData\Local\Programs\Python\Python312\Lib\site-packages\django\contrib\contenttypes\admin.py first seen with mtime 1717559424.246539
File C:\Users\MARKtech\AppData\Local\Programs\Python\Python312\Lib\site-packages\django\db\backends\mysql\schema.py first seen with mtime 1717559443.4345853
File C:\Users\MARKtech\AppData\Local\Programs\Python\Python312\Lib\site-packages\django\db\backends\mysql\schema.py first seen with mtime 1717559443.4345853
File C:\Users\MARKtech\AppData\Local\Programs\Python\Python312\Lib\site-packages\django\db\migrations\migration.py first seen with mtime 1717559443.6691425
File C:\Users\MARKtech\AppData\Local\Programs\Python\Python312\Lib\site-packages\django\db\migrations\migration.py first seen with mtime 1717559443.6691425
File C:\Users\MARKtech\AppData\Local\Programs\Python\Python312\Lib\email\contentmanager.py first seen with mtime 1712674218.0
File C:\Users\MARKtech\AppData\Local\Programs\Python\Python312\Lib\email\contentmanager.py first seen with mtime 1712674218.0
File C:\Users\MARKtech\AppData\Local\Programs\Python\Python312\Lib\warnings.py first seen with mtime 1712674218.0
File C:\Users\MARKtech\AppData\Local\Programs\Python\Python312\Lib\warnings.py first seen with mtime 1712674218.0
File C:\Users\MARKtech\AppData\Local\Programs\Python\Python312\Lib\email\mime\message.py first seen with mtime 1712674218.0
File C:\Users\MARKtech\AppData\Local\Programs\Python\Python312\Lib\email\mime\message.py first seen with mtime 1712674218.0
File C:\Users\MARKtech\AppData\Local\Programs\Python\Python312\Lib\site-packages\django\contrib\auth\password_validation.py first seen with mtime 1717559421.7704854
File C:\Users\MARKtech\AppData\Local\Programs\Python\Python312\Lib\site-packages\django\contrib\auth\password_validation.py first seen with mtime 1717559421.7704854
File C:\Users\MARKtech\AppData\Local\Programs\Python\Python312\Lib\site-packages\django\forms\models.py first seen with mtime 1717559444.0597532
File C:\Users\MARKtech\AppData\Local\Programs\Python\Python312\Lib\site-packages\django\forms\models.py first seen with mtime 1717559444.0597532
File C:\Users\MARKtech\AppData\Local\Programs\Python\Python312\Lib\site-packages\django\templatetags\__init__.py first seen with mtime 1717559445.4102085
File C:\Users\MARKtech\AppData\Local\Programs\Python\Python312\Lib\site-packages\django\templatetags\__init__.py first seen with mtime 1717559445.4102085
File C:\Users\MARKtech\AppData\Local\Programs\Python\Python312\Lib\site-packages\django\utils\cache.py first seen with mtime 1717559445.7087955
File C:\Users\MARKtech\AppData\Local\Programs\Python\Python312\Lib\site-packages\django\utils\cache.py first seen with mtime 1717559445.7087955
File C:\Users\MARKtech\AppData\Local\Programs\Python\Python312\Lib\email\mime\nonmultipart.py first seen with mtime 1712674218.0
File C:\Users\MARKtech\AppData\Local\Programs\Python\Python312\Lib\email\mime\nonmultipart.py first seen with mtime 1712674218.0
File C:\Users\MARKtech\AppData\Local\Programs\Python\Python312\Lib\site-packages\django\forms\renderers.py first seen with mtime 1717559444.0597532
File C:\Users\MARKtech\AppData\Local\Programs\Python\Python312\Lib\site-packages\django\forms\renderers.py first seen with mtime 1717559444.0597532
File C:\Users\MARKtech\Desktop\django1\djangoapp\my_project\urls.py first seen with mtime 1722886817.206978
File C:\Users\MARKtech\Desktop\django1\djangoapp\my_project\urls.py first seen with mtime 1722886817.206978
File C:\Users\MARKtech\AppData\Local\Programs\Python\Python312\Lib\site-packages\django\core\files\images.py first seen with mtime 1717559442.7914426
File C:\Users\MARKtech\AppData\Local\Programs\Python\Python312\Lib\site-packages\django\core\files\images.py first seen with mtime 1717559442.7914426
File C:\Users\MARKtech\AppData\Local\Programs\Python\Python312\Lib\site-packages\django\core\checks\urls.py first seen with mtime 1717559442.744578
File C:\Users\MARKtech\AppData\Local\Programs\Python\Python312\Lib\site-packages\django\core\checks\urls.py first seen with mtime 1717559442.744578
File C:\Users\MARKtech\AppData\Local\Programs\Python\Python312\Lib\site-packages\django\contrib\admin\views\autocomplete.py first seen with mtime 1717559419.3892977
File C:\Users\MARKtech\AppData\Local\Programs\Python\Python312\Lib\site-packages\django\contrib\admin\views\autocomplete.py first seen with mtime 1717559419.3892977
File C:\Users\MARKtech\AppData\Local\Programs\Python\Python312\Lib\site-packages\django\contrib\auth\middleware.py first seen with mtime 1717559421.7392418
File C:\Users\MARKtech\AppData\Local\Programs\Python\Python312\Lib\site-packages\django\contrib\auth\middleware.py first seen with mtime 1717559421.7392418
File C:\Users\MARKtech\AppData\Local\Programs\Python\Python312\Lib\collections\abc.py first seen with mtime 1712674218.0
File C:\Users\MARKtech\AppData\Local\Programs\Python\Python312\Lib\collections\abc.py first seen with mtime 1712674218.0
File C:\Users\MARKtech\AppData\Local\Programs\Python\Python312\Lib\site-packages\django\core\serializers\json.py first seen with mtime 1717559443.2158494
File C:\Users\MARKtech\AppData\Local\Programs\Python\Python312\Lib\site-packages\django\core\serializers\json.py first seen with mtime 1717559443.2158494
File C:\Users\MARKtech\AppData\Local\Programs\Python\Python312\Lib\mimetypes.py first seen with mtime 1712674218.0
File C:\Users\MARKtech\AppData\Local\Programs\Python\Python312\Lib\mimetypes.py first seen with mtime 1712674218.0
File C:\Users\MARKtech\AppData\Local\Programs\Python\Python312\Lib\inspect.py first seen with mtime 1712674218.0
File C:\Users\MARKtech\AppData\Local\Programs\Python\Python312\Lib\inspect.py first seen with mtime 1712674218.0
File C:\Users\MARKtech\AppData\Local\Programs\Python\Python312\Lib\site-packages\django\contrib\contenttypes\models.py first seen with mtime 1717559424.2934146
File C:\Users\MARKtech\AppData\Local\Programs\Python\Python312\Lib\site-packages\django\contrib\contenttypes\models.py first seen with mtime 1717559424.2934146
File C:\Users\MARKtech\AppData\Local\Programs\Python\Python312\Lib\asyncio\exceptions.py first seen with mtime 1712674218.0
File C:\Users\MARKtech\AppData\Local\Programs\Python\Python312\Lib\asyncio\exceptions.py first seen with mtime 1712674218.0
File C:\Users\MARKtech\AppData\Local\Programs\Python\Python312\Lib\site-packages\django\core\checks\templates.py first seen with mtime 1717559442.7289417
File C:\Users\MARKtech\AppData\Local\Programs\Python\Python312\Lib\site-packages\django\core\checks\templates.py first seen with mtime 1717559442.7289417
File C:\Users\MARKtech\AppData\Local\Programs\Python\Python312\Lib\site-packages\django\templatetags\cache.py first seen with mtime 1717559445.4102085
File C:\Users\MARKtech\AppData\Local\Programs\Python\Python312\Lib\site-packages\django\templatetags\cache.py first seen with mtime 1717559445.4102085
File C:\Users\MARKtech\AppData\Local\Programs\Python\Python312\Lib\email\message.py first seen with mtime 1712674218.0
File C:\Users\MARKtech\AppData\Local\Programs\Python\Python312\Lib\email\message.py first seen with mtime 1712674218.0
File C:\Users\MARKtech\AppData\Local\Programs\Python\Python312\Lib\graphlib.py first seen with mtime 1712674218.0
File C:\Users\MARKtech\AppData\Local\Programs\Python\Python312\Lib\graphlib.py first seen with mtime 1712674218.0
File C:\Users\MARKtech\AppData\Local\Programs\Python\Python312\Lib\site-packages\django\db\models\sql\__init__.py first seen with mtime 1717559443.9504194
File C:\Users\MARKtech\AppData\Local\Programs\Python\Python312\Lib\site-packages\django\db\models\sql\__init__.py first seen with mtime 1717559443.9504194
File C:\Users\MARKtech\AppData\Local\Programs\Python\Python312\Lib\site-packages\django\dispatch\__init__.py first seen with mtime 1717559443.9972672
File C:\Users\MARKtech\AppData\Local\Programs\Python\Python312\Lib\site-packages\django\dispatch\__init__.py first seen with mtime 1717559443.9972672
File C:\Users\MARKtech\AppData\Local\Programs\Python\Python312\Lib\site-packages\django\contrib\auth\tokens.py first seen with mtime 1717559421.78611
File C:\Users\MARKtech\AppData\Local\Programs\Python\Python312\Lib\site-packages\django\contrib\auth\tokens.py first seen with mtime 1717559421.78611
File C:\Users\MARKtech\AppData\Local\Programs\Python\Python312\Lib\types.py first seen with mtime 1712674218.0
File C:\Users\MARKtech\AppData\Local\Programs\Python\Python312\Lib\types.py first seen with mtime 1712674218.0
File C:\Users\MARKtech\AppData\Local\Programs\Python\Python312\Lib\site-packages\django\contrib\auth\apps.py first seen with mtime 1717559421.6767423
File C:\Users\MARKtech\AppData\Local\Programs\Python\Python312\Lib\site-packages\django\contrib\auth\apps.py first seen with mtime 1717559421.6767423
File C:\Users\MARKtech\AppData\Local\Programs\Python\Python312\Lib\encodings\aliases.py first seen with mtime 1712674218.0
File C:\Users\MARKtech\AppData\Local\Programs\Python\Python312\Lib\encodings\aliases.py first seen with mtime 1712674218.0
File C:\Users\MARKtech\AppData\Local\Programs\Python\Python312\Lib\site-packages\django\template\loaders\__init__.py first seen with mtime 1717559445.3320777
File C:\Users\MARKtech\AppData\Local\Programs\Python\Python312\Lib\site-packages\django\template\loaders\__init__.py first seen with mtime 1717559445.3320777
File C:\Users\MARKtech\AppData\Local\Programs\Python\Python312\Lib\json\scanner.py first seen with mtime 1712674218.0
File C:\Users\MARKtech\AppData\Local\Programs\Python\Python312\Lib\json\scanner.py first seen with mtime 1712674218.0
File C:\Users\MARKtech\AppData\Local\Programs\Python\Python312\Lib\site-packages\django\contrib\messages\__init__.py first seen with mtime 1717559434.8595436
File C:\Users\MARKtech\AppData\Local\Programs\Python\Python312\Lib\site-packages\django\contrib\messages\__init__.py first seen with mtime 1717559434.8595436
File C:\Users\MARKtech\AppData\Local\Programs\Python\Python312\Lib\numbers.py first seen with mtime 1712674218.0
File C:\Users\MARKtech\AppData\Local\Programs\Python\Python312\Lib\numbers.py first seen with mtime 1712674218.0
File C:\Users\MARKtech\AppData\Local\Programs\Python\Python312\Lib\site-packages\django\db\backends\base\client.py first seen with mtime 1717559443.3252099
File C:\Users\MARKtech\AppData\Local\Programs\Python\Python312\Lib\site-packages\django\db\backends\base\client.py first seen with mtime 1717559443.3252099
File C:\Users\MARKtech\AppData\Local\Programs\Python\Python312\Lib\site-packages\django\core\serializers\base.py first seen with mtime 1717559443.2158494
File C:\Users\MARKtech\AppData\Local\Programs\Python\Python312\Lib\site-packages\django\core\serializers\base.py first seen with mtime 1717559443.2158494
File C:\Users\MARKtech\AppData\Local\Programs\Python\Python312\Lib\site-packages\django\db\models\fields\proxy.py first seen with mtime 1717559443.872257
File C:\Users\MARKtech\AppData\Local\Programs\Python\Python312\Lib\site-packages\django\db\models\fields\proxy.py first seen with mtime 1717559443.872257
File C:\Users\MARKtech\AppData\Local\Programs\Python\Python312\Lib\site-packages\django\utils\tree.py first seen with mtime 1717559446.3823192
File C:\Users\MARKtech\AppData\Local\Programs\Python\Python312\Lib\site-packages\django\utils\tree.py first seen with mtime 1717559446.3823192
File C:\Users\MARKtech\AppData\Local\Programs\Python\Python312\Lib\email\parser.py first seen with mtime 1712674218.0
File C:\Users\MARKtech\AppData\Local\Programs\Python\Python312\Lib\email\parser.py first seen with mtime 1712674218.0
File C:\Users\MARKtech\AppData\Local\Programs\Python\Python312\Lib\site-packages\django\db\models\base.py first seen with mtime 1717559443.7628896
File C:\Users\MARKtech\AppData\Local\Programs\Python\Python312\Lib\site-packages\django\db\models\base.py first seen with mtime 1717559443.7628896
File C:\Users\MARKtech\AppData\Local\Programs\Python\Python312\Lib\random.py first seen with mtime 1712674218.0
File C:\Users\MARKtech\AppData\Local\Programs\Python\Python312\Lib\random.py first seen with mtime 1712674218.0
File C:\Users\MARKtech\AppData\Local\Programs\Python\Python312\Lib\site-packages\django\utils\translation\reloader.py first seen with mtime 1717559446.413566
File C:\Users\MARKtech\AppData\Local\Programs\Python\Python312\Lib\site-packages\django\utils\translation\reloader.py first seen with mtime 1717559446.413566
File C:\Users\MARKtech\AppData\Local\Programs\Python\Python312\Lib\asyncio\format_helpers.py first seen with mtime 1712674218.0
File C:\Users\MARKtech\AppData\Local\Programs\Python\Python312\Lib\asyncio\format_helpers.py first seen with mtime 1712674218.0
File C:\Users\MARKtech\AppData\Local\Programs\Python\Python312\Lib\linecache.py first seen with mtime 1712674218.0
File C:\Users\MARKtech\AppData\Local\Programs\Python\Python312\Lib\linecache.py first seen with mtime 1712674218.0
File C:\Users\MARKtech\AppData\Local\Programs\Python\Python312\Lib\base64.py first seen with mtime 1712674218.0
File C:\Users\MARKtech\AppData\Local\Programs\Python\Python312\Lib\base64.py first seen with mtime 1712674218.0
File C:\Users\MARKtech\AppData\Local\Programs\Python\Python312\Lib\keyword.py first seen with mtime 1712674218.0
File C:\Users\MARKtech\AppData\Local\Programs\Python\Python312\Lib\keyword.py first seen with mtime 1712674218.0
File C:\Users\MARKtech\Desktop\django1\djangoapp\my_app\models\user.py first seen with mtime 1720796860.2880425
File C:\Users\MARKtech\Desktop\django1\djangoapp\my_app\models\user.py first seen with mtime 1720796860.2880425
File C:\Users\MARKtech\AppData\Local\Programs\Python\Python312\Lib\site-packages\django\db\backends\base\operations.py first seen with mtime 1717559443.3408375
File C:\Users\MARKtech\AppData\Local\Programs\Python\Python312\Lib\site-packages\django\db\backends\base\operations.py first seen with mtime 1717559443.3408375
File C:\Users\MARKtech\AppData\Local\Programs\Python\Python312\Lib\site-packages\django\template\engine.py first seen with mtime 1717559445.2070818
File C:\Users\MARKtech\AppData\Local\Programs\Python\Python312\Lib\site-packages\django\template\engine.py first seen with mtime 1717559445.2070818
File C:\Users\MARKtech\AppData\Local\Programs\Python\Python312\Lib\site-packages\django\dispatch\dispatcher.py first seen with mtime 1717559444.012919
File C:\Users\MARKtech\AppData\Local\Programs\Python\Python312\Lib\site-packages\django\dispatch\dispatcher.py first seen with mtime 1717559444.012919
File C:\Users\MARKtech\AppData\Local\Programs\Python\Python312\Lib\site-packages\django\middleware\http.py first seen with mtime 1717559445.116422
File C:\Users\MARKtech\AppData\Local\Programs\Python\Python312\Lib\site-packages\django\middleware\http.py first seen with mtime 1717559445.116422
File C:\Users\MARKtech\AppData\Local\Programs\Python\Python312\Lib\site-packages\django\core\files\storage\mixins.py first seen with mtime 1717559442.8695564
File C:\Users\MARKtech\AppData\Local\Programs\Python\Python312\Lib\site-packages\django\core\files\storage\mixins.py first seen with mtime 1717559442.8695564
File C:\Users\MARKtech\AppData\Local\Programs\Python\Python312\Lib\site-packages\django\views\__init__.py first seen with mtime 1717559446.4604385
File C:\Users\MARKtech\AppData\Local\Programs\Python\Python312\Lib\site-packages\django\views\__init__.py first seen with mtime 1717559446.4604385
File C:\Users\MARKtech\AppData\Local\Programs\Python\Python312\Lib\site-packages\colorama\__init__.py first seen with mtime 1716950678.7385638
File C:\Users\MARKtech\AppData\Local\Programs\Python\Python312\Lib\site-packages\colorama\__init__.py first seen with mtime 1716950678.7385638
File C:\Users\MARKtech\AppData\Local\Programs\Python\Python312\Lib\ctypes\_endian.py first seen with mtime 1712674218.0
File C:\Users\MARKtech\AppData\Local\Programs\Python\Python312\Lib\ctypes\_endian.py first seen with mtime 1712674218.0
File C:\Users\MARKtech\AppData\Local\Programs\Python\Python312\Lib\site-packages\django\urls\resolvers.py first seen with mtime 1717559445.5977015
File C:\Users\MARKtech\AppData\Local\Programs\Python\Python312\Lib\site-packages\django\urls\resolvers.py first seen with mtime 1717559445.5977015
File C:\Users\MARKtech\AppData\Local\Programs\Python\Python312\Lib\email\feedparser.py first seen with mtime 1712674218.0
File C:\Users\MARKtech\AppData\Local\Programs\Python\Python312\Lib\email\feedparser.py first seen with mtime 1712674218.0
File C:\Users\MARKtech\AppData\Local\Programs\Python\Python312\Lib\site-packages\django\db\backends\mysql\validation.py first seen with mtime 1717559443.4345853
File C:\Users\MARKtech\AppData\Local\Programs\Python\Python312\Lib\site-packages\django\db\backends\mysql\validation.py first seen with mtime 1717559443.4345853
File C:\Users\MARKtech\AppData\Local\Programs\Python\Python312\Lib\lzma.py first seen with mtime 1712674218.0
File C:\Users\MARKtech\AppData\Local\Programs\Python\Python312\Lib\lzma.py first seen with mtime 1712674218.0
File C:\Users\MARKtech\Desktop\django1\djangoapp\my_app\models\saved_school.py first seen with mtime 1722853994.9230196
File C:\Users\MARKtech\Desktop\django1\djangoapp\my_app\models\saved_school.py first seen with mtime 1722853994.9230196
File C:\Users\MARKtech\AppData\Local\Programs\Python\Python312\Lib\site-packages\django\core\files\base.py first seen with mtime 1717559442.7914426
File C:\Users\MARKtech\AppData\Local\Programs\Python\Python312\Lib\site-packages\django\core\files\base.py first seen with mtime 1717559442.7914426
File C:\Users\MARKtech\AppData\Local\Programs\Python\Python312\Lib\site-packages\MySQLdb\constants\CLIENT.py first seen with mtime 1720572393.3946962
File C:\Users\MARKtech\AppData\Local\Programs\Python\Python312\Lib\site-packages\MySQLdb\constants\CLIENT.py first seen with mtime 1720572393.3946962
File C:\Users\MARKtech\AppData\Local\Programs\Python\Python312\DLLs\_zoneinfo.pyd first seen with mtime 1712674262.0
File C:\Users\MARKtech\AppData\Local\Programs\Python\Python312\DLLs\_zoneinfo.pyd first seen with mtime 1712674262.0
File C:\Users\MARKtech\AppData\Local\Programs\Python\Python312\Lib\site-packages\django\utils\version.py first seen with mtime 1717559446.3823192
File C:\Users\MARKtech\AppData\Local\Programs\Python\Python312\Lib\site-packages\django\utils\version.py first seen with mtime 1717559446.3823192
File C:\Users\MARKtech\AppData\Local\Programs\Python\Python312\Lib\site-packages\django\template\library.py first seen with mtime 1717559445.222701
File C:\Users\MARKtech\AppData\Local\Programs\Python\Python312\Lib\site-packages\django\template\library.py first seen with mtime 1717559445.222701
File C:\Users\MARKtech\AppData\Local\Programs\Python\Python312\Lib\site-packages\django\template\utils.py first seen with mtime 1717559445.269575
File C:\Users\MARKtech\AppData\Local\Programs\Python\Python312\Lib\site-packages\django\template\utils.py first seen with mtime 1717559445.269575
File C:\Users\MARKtech\AppData\Local\Programs\Python\Python312\Lib\logging\__init__.py first seen with mtime 1712674218.0
File C:\Users\MARKtech\AppData\Local\Programs\Python\Python312\Lib\logging\__init__.py first seen with mtime 1712674218.0
File C:\Users\MARKtech\AppData\Local\Programs\Python\Python312\Lib\site-packages\django\contrib\messages\utils.py first seen with mtime 1717559434.906412
File C:\Users\MARKtech\AppData\Local\Programs\Python\Python312\Lib\site-packages\django\contrib\messages\utils.py first seen with mtime 1717559434.906412
File C:\Users\MARKtech\AppData\Local\Programs\Python\Python312\Lib\ast.py first seen with mtime 1712674218.0
File C:\Users\MARKtech\AppData\Local\Programs\Python\Python312\Lib\ast.py first seen with mtime 1712674218.0
File C:\Users\MARKtech\AppData\Local\Programs\Python\Python312\Lib\site-packages\colorama\winterm.py first seen with mtime 1716950678.8230374
File C:\Users\MARKtech\AppData\Local\Programs\Python\Python312\Lib\site-packages\colorama\winterm.py first seen with mtime 1716950678.8230374
File C:\Users\MARKtech\AppData\Local\Programs\Python\Python312\Lib\asyncio\constants.py first seen with mtime 1712674218.0
File C:\Users\MARKtech\AppData\Local\Programs\Python\Python312\Lib\asyncio\constants.py first seen with mtime 1712674218.0
File C:\Users\MARKtech\AppData\Local\Programs\Python\Python312\Lib\site-packages\django\db\models\fields\generated.py first seen with mtime 1717559443.8566413
File C:\Users\MARKtech\AppData\Local\Programs\Python\Python312\Lib\site-packages\django\db\models\fields\generated.py first seen with mtime 1717559443.8566413
File C:\Users\MARKtech\AppData\Local\Programs\Python\Python312\DLLs\_overlapped.pyd first seen with mtime 1712674262.0
File C:\Users\MARKtech\AppData\Local\Programs\Python\Python312\DLLs\_overlapped.pyd first seen with mtime 1712674262.0
File C:\Users\MARKtech\AppData\Local\Programs\Python\Python312\Lib\site-packages\django\urls\__init__.py first seen with mtime 1717559445.535201
File C:\Users\MARKtech\AppData\Local\Programs\Python\Python312\Lib\site-packages\django\urls\__init__.py first seen with mtime 1717559445.535201
File C:\Users\MARKtech\AppData\Local\Programs\Python\Python312\Lib\quopri.py first seen with mtime 1712674218.0
File C:\Users\MARKtech\AppData\Local\Programs\Python\Python312\Lib\quopri.py first seen with mtime 1712674218.0
File C:\Users\MARKtech\AppData\Local\Programs\Python\Python312\Lib\gzip.py first seen with mtime 1712674218.0
File C:\Users\MARKtech\AppData\Local\Programs\Python\Python312\Lib\gzip.py first seen with mtime 1712674218.0
File C:\Users\MARKtech\AppData\Local\Programs\Python\Python312\Lib\site-packages\django\db\backends\base\features.py first seen with mtime 1717559443.3408375
File C:\Users\MARKtech\AppData\Local\Programs\Python\Python312\Lib\site-packages\django\db\backends\base\features.py first seen with mtime 1717559443.3408375
File C:\Users\MARKtech\AppData\Local\Programs\Python\Python312\Lib\site-packages\sqlparse\sql.py first seen with mtime 1717559404.2601461
File C:\Users\MARKtech\AppData\Local\Programs\Python\Python312\Lib\site-packages\sqlparse\sql.py first seen with mtime 1717559404.2601461
File C:\Users\MARKtech\AppData\Local\Programs\Python\Python312\Lib\ipaddress.py first seen with mtime 1712674218.0
File C:\Users\MARKtech\AppData\Local\Programs\Python\Python312\Lib\ipaddress.py first seen with mtime 1712674218.0
File C:\Users\MARKtech\AppData\Local\Programs\Python\Python312\DLLs\_lzma.pyd first seen with mtime 1712674262.0
File C:\Users\MARKtech\AppData\Local\Programs\Python\Python312\DLLs\_lzma.pyd first seen with mtime 1712674262.0
File C:\Users\MARKtech\AppData\Local\Programs\Python\Python312\Lib\site-packages\django\forms\__init__.py first seen with mtime 1717559444.012919
File C:\Users\MARKtech\AppData\Local\Programs\Python\Python312\Lib\site-packages\django\forms\__init__.py first seen with mtime 1717559444.012919
File C:\Users\MARKtech\AppData\Local\Programs\Python\Python312\Lib\site-packages\django\urls\exceptions.py first seen with mtime 1717559445.5820954
File C:\Users\MARKtech\AppData\Local\Programs\Python\Python312\Lib\site-packages\django\urls\exceptions.py first seen with mtime 1717559445.5820954
File C:\Users\MARKtech\AppData\Local\Programs\Python\Python312\Lib\site-packages\django\core\checks\database.py first seen with mtime 1717559442.6976843
File C:\Users\MARKtech\AppData\Local\Programs\Python\Python312\Lib\site-packages\django\core\checks\database.py first seen with mtime 1717559442.6976843
File C:\Users\MARKtech\AppData\Local\Programs\Python\Python312\Lib\gettext.py first seen with mtime 1712674218.0
File C:\Users\MARKtech\AppData\Local\Programs\Python\Python312\Lib\gettext.py first seen with mtime 1712674218.0
File C:\Users\MARKtech\AppData\Local\Programs\Python\Python312\Lib\email\base64mime.py first seen with mtime 1712674218.0
File C:\Users\MARKtech\AppData\Local\Programs\Python\Python312\Lib\email\base64mime.py first seen with mtime 1712674218.0
File C:\Users\MARKtech\AppData\Local\Programs\Python\Python312\Lib\site-packages\django\utils\decorators.py first seen with mtime 1717559445.9275217
File C:\Users\MARKtech\AppData\Local\Programs\Python\Python312\Lib\site-packages\django\utils\decorators.py first seen with mtime 1717559445.9275217
File C:\Users\MARKtech\AppData\Local\Programs\Python\Python312\Lib\site-packages\django\core\validators.py first seen with mtime 1717559442.6039424
File C:\Users\MARKtech\AppData\Local\Programs\Python\Python312\Lib\site-packages\django\core\validators.py first seen with mtime 1717559442.6039424
File C:\Users\MARKtech\AppData\Local\Programs\Python\Python312\Lib\site-packages\sqlparse\cli.py first seen with mtime 1717559404.2132711
File C:\Users\MARKtech\AppData\Local\Programs\Python\Python312\Lib\site-packages\sqlparse\cli.py first seen with mtime 1717559404.2132711
File C:\Users\MARKtech\AppData\Local\Programs\Python\Python312\Lib\asyncio\base_tasks.py first seen with mtime 1712674218.0
File C:\Users\MARKtech\AppData\Local\Programs\Python\Python312\Lib\asyncio\base_tasks.py first seen with mtime 1712674218.0
File C:\Users\MARKtech\AppData\Local\Programs\Python\Python312\Lib\enum.py first seen with mtime 1712674218.0
File C:\Users\MARKtech\AppData\Local\Programs\Python\Python312\Lib\enum.py first seen with mtime 1712674218.0
File C:\Users\MARKtech\AppData\Local\Programs\Python\Python312\Lib\re\_casefix.py first seen with mtime 1712674218.0
File C:\Users\MARKtech\AppData\Local\Programs\Python\Python312\Lib\re\_casefix.py first seen with mtime 1712674218.0
File C:\Users\MARKtech\AppData\Local\Programs\Python\Python312\Lib\site-packages\django\core\wsgi.py first seen with mtime 1717559442.6039424
File C:\Users\MARKtech\AppData\Local\Programs\Python\Python312\Lib\site-packages\django\core\wsgi.py first seen with mtime 1717559442.6039424
File C:\Users\MARKtech\AppData\Local\Programs\Python\Python312\Lib\concurrent\futures\_base.py first seen with mtime 1712674218.0
File C:\Users\MARKtech\AppData\Local\Programs\Python\Python312\Lib\concurrent\futures\_base.py first seen with mtime 1712674218.0
File C:\Users\MARKtech\AppData\Local\Programs\Python\Python312\Lib\site-packages\django\contrib\contenttypes\fields.py first seen with mtime 1717559424.2777898
File C:\Users\MARKtech\AppData\Local\Programs\Python\Python312\Lib\site-packages\django\contrib\contenttypes\fields.py first seen with mtime 1717559424.2777898
File C:\Users\MARKtech\AppData\Local\Programs\Python\Python312\Lib\site-packages\sqlparse\filters\others.py first seen with mtime 1717559404.3395329
File C:\Users\MARKtech\AppData\Local\Programs\Python\Python312\Lib\site-packages\sqlparse\filters\others.py first seen with mtime 1717559404.3395329
File C:\Users\MARKtech\AppData\Local\Programs\Python\Python312\Lib\site-packages\django\core\files\storage\filesystem.py first seen with mtime 1717559442.85395
File C:\Users\MARKtech\AppData\Local\Programs\Python\Python312\Lib\site-packages\django\core\files\storage\filesystem.py first seen with mtime 1717559442.85395
File C:\Users\MARKtech\AppData\Local\Programs\Python\Python312\Lib\asyncio\proactor_events.py first seen with mtime 1712674218.0
File C:\Users\MARKtech\AppData\Local\Programs\Python\Python312\Lib\asyncio\proactor_events.py first seen with mtime 1712674218.0
File C:\Users\MARKtech\AppData\Local\Programs\Python\Python312\Lib\email\iterators.py first seen with mtime 1712674218.0
File C:\Users\MARKtech\AppData\Local\Programs\Python\Python312\Lib\email\iterators.py first seen with mtime 1712674218.0
File C:\Users\MARKtech\AppData\Local\Programs\Python\Python312\Lib\site-packages\sqlparse\engine\__init__.py first seen with mtime 1717559404.2862883
File C:\Users\MARKtech\AppData\Local\Programs\Python\Python312\Lib\site-packages\sqlparse\engine\__init__.py first seen with mtime 1717559404.2862883
File C:\Users\MARKtech\AppData\Local\Programs\Python\Python312\Lib\site-packages\django\contrib\staticfiles\management\commands\runserver.py first seen with mtime 1717559442.5258057
File C:\Users\MARKtech\AppData\Local\Programs\Python\Python312\Lib\site-packages\django\contrib\staticfiles\management\commands\runserver.py first seen with mtime 1717559442.5258057
File C:\Users\MARKtech\AppData\Local\Programs\Python\Python312\Lib\site-packages\django\db\models\expressions.py first seen with mtime 1717559443.7941315
File C:\Users\MARKtech\AppData\Local\Programs\Python\Python312\Lib\site-packages\django\db\models\expressions.py first seen with mtime 1717559443.7941315
File C:\Users\MARKtech\AppData\Local\Programs\Python\Python312\Lib\site-packages\django\urls\utils.py first seen with mtime 1717559445.5977015
File C:\Users\MARKtech\AppData\Local\Programs\Python\Python312\Lib\site-packages\django\urls\utils.py first seen with mtime 1717559445.5977015
File C:\Users\MARKtech\AppData\Local\Programs\Python\Python312\Lib\site-packages\django\contrib\staticfiles\management\__init__.py first seen with mtime 1717559442.5101793
File C:\Users\MARKtech\AppData\Local\Programs\Python\Python312\Lib\site-packages\django\contrib\staticfiles\management\__init__.py first seen with mtime 1717559442.5101793
File C:\Users\MARKtech\AppData\Local\Programs\Python\Python312\Lib\site-packages\django\conf\global_settings.py first seen with mtime 1717559409.0089877
File C:\Users\MARKtech\AppData\Local\Programs\Python\Python312\Lib\site-packages\django\conf\global_settings.py first seen with mtime 1717559409.0089877
File C:\Users\MARKtech\AppData\Local\Programs\Python\Python312\Lib\asyncio\events.py first seen with mtime 1712674218.0
File C:\Users\MARKtech\AppData\Local\Programs\Python\Python312\Lib\asyncio\events.py first seen with mtime 1712674218.0
File C:\Users\MARKtech\AppData\Local\Programs\Python\Python312\Lib\site-packages\django\contrib\messages\apps.py first seen with mtime 1717559434.8595436
File C:\Users\MARKtech\AppData\Local\Programs\Python\Python312\Lib\site-packages\django\contrib\messages\apps.py first seen with mtime 1717559434.8595436
File C:\Users\MARKtech\AppData\Local\Programs\Python\Python312\Lib\asyncio\coroutines.py first seen with mtime 1712674218.0
File C:\Users\MARKtech\AppData\Local\Programs\Python\Python312\Lib\asyncio\coroutines.py first seen with mtime 1712674218.0
File C:\Users\MARKtech\AppData\Local\Programs\Python\Python312\Lib\site-packages\django\core\checks\caches.py first seen with mtime 1717559442.682071
File C:\Users\MARKtech\AppData\Local\Programs\Python\Python312\Lib\site-packages\django\core\checks\caches.py first seen with mtime 1717559442.682071
File C:\Users\MARKtech\AppData\Local\Programs\Python\Python312\Lib\site-packages\django\forms\widgets.py first seen with mtime 1717559444.0753787
File C:\Users\MARKtech\AppData\Local\Programs\Python\Python312\Lib\site-packages\django\forms\widgets.py first seen with mtime 1717559444.0753787
File C:\Users\MARKtech\AppData\Local\Programs\Python\Python312\Lib\site-packages\django\views\generic\base.py first seen with mtime 1717559446.585439
File C:\Users\MARKtech\AppData\Local\Programs\Python\Python312\Lib\site-packages\django\views\generic\base.py first seen with mtime 1717559446.585439
File C:\Users\MARKtech\AppData\Local\Programs\Python\Python312\Lib\urllib\__init__.py first seen with mtime 1712674218.0
File C:\Users\MARKtech\AppData\Local\Programs\Python\Python312\Lib\urllib\__init__.py first seen with mtime 1712674218.0
File C:\Users\MARKtech\AppData\Local\Programs\Python\Python312\Lib\site-packages\django\db\models\functions\window.py first seen with mtime 1717559443.9504194
File C:\Users\MARKtech\AppData\Local\Programs\Python\Python312\Lib\site-packages\django\db\models\functions\window.py first seen with mtime 1717559443.9504194
File C:\Users\MARKtech\AppData\Local\Programs\Python\Python312\Lib\site-packages\django\middleware\__init__.py first seen with mtime 1717559445.0539308
File C:\Users\MARKtech\AppData\Local\Programs\Python\Python312\Lib\site-packages\django\middleware\__init__.py first seen with mtime 1717559445.0539308
File C:\Users\MARKtech\AppData\Local\Programs\Python\Python312\Lib\wsgiref\util.py first seen with mtime 1712674218.0
File C:\Users\MARKtech\AppData\Local\Programs\Python\Python312\Lib\wsgiref\util.py first seen with mtime 1712674218.0
File C:\Users\MARKtech\AppData\Local\Programs\Python\Python312\Lib\site-packages\django\contrib\contenttypes\checks.py first seen with mtime 1717559424.2621636
File C:\Users\MARKtech\AppData\Local\Programs\Python\Python312\Lib\site-packages\django\contrib\contenttypes\checks.py first seen with mtime 1717559424.2621636
File C:\Users\MARKtech\AppData\Local\Programs\Python\Python312\Lib\site-packages\django\contrib\messages\storage\__init__.py first seen with mtime 1717559434.906412
File C:\Users\MARKtech\AppData\Local\Programs\Python\Python312\Lib\site-packages\django\contrib\messages\storage\__init__.py first seen with mtime 1717559434.906412
File C:\Users\MARKtech\AppData\Local\Programs\Python\Python312\Lib\logging\handlers.py first seen with mtime 1712674218.0
File C:\Users\MARKtech\AppData\Local\Programs\Python\Python312\Lib\logging\handlers.py first seen with mtime 1712674218.0
File C:\Users\MARKtech\AppData\Local\Programs\Python\Python312\Lib\site-packages\django\contrib\contenttypes\apps.py first seen with mtime 1717559424.2621636
File C:\Users\MARKtech\AppData\Local\Programs\Python\Python312\Lib\site-packages\django\contrib\contenttypes\apps.py first seen with mtime 1717559424.2621636
File C:\Users\MARKtech\AppData\Local\Programs\Python\Python312\DLLs\_ssl.pyd first seen with mtime 1712674262.0
File C:\Users\MARKtech\AppData\Local\Programs\Python\Python312\DLLs\_ssl.pyd first seen with mtime 1712674262.0
File C:\Users\MARKtech\AppData\Local\Programs\Python\Python312\Lib\email\charset.py first seen with mtime 1712674218.0
File C:\Users\MARKtech\AppData\Local\Programs\Python\Python312\Lib\email\charset.py first seen with mtime 1712674218.0
File C:\Users\MARKtech\AppData\Local\Programs\Python\Python312\Lib\site-packages\django\http\response.py first seen with mtime 1717559445.0539308
File C:\Users\MARKtech\AppData\Local\Programs\Python\Python312\Lib\site-packages\django\http\response.py first seen with mtime 1717559445.0539308
File C:\Users\MARKtech\AppData\Local\Programs\Python\Python312\Lib\html\__init__.py first seen with mtime 1712674218.0
File C:\Users\MARKtech\AppData\Local\Programs\Python\Python312\Lib\html\__init__.py first seen with mtime 1712674218.0
File C:\Users\MARKtech\AppData\Local\Programs\Python\Python312\Lib\site-packages\sqlparse\keywords.py first seen with mtime 1717559404.2445195
File C:\Users\MARKtech\AppData\Local\Programs\Python\Python312\Lib\site-packages\sqlparse\keywords.py first seen with mtime 1717559404.2445195
File C:\Users\MARKtech\AppData\Local\Programs\Python\Python312\Lib\argparse.py first seen with mtime 1712674218.0
File C:\Users\MARKtech\AppData\Local\Programs\Python\Python312\Lib\argparse.py first seen with mtime 1712674218.0
File C:\Users\MARKtech\AppData\Local\Programs\Python\Python312\Lib\site-packages\django\contrib\admin\widgets.py first seen with mtime 1717559413.2592037
File C:\Users\MARKtech\AppData\Local\Programs\Python\Python312\Lib\site-packages\django\contrib\admin\widgets.py first seen with mtime 1717559413.2592037
File C:\Users\MARKtech\AppData\Local\Programs\Python\Python312\Lib\site-packages\django\contrib\contenttypes\__init__.py first seen with mtime 1717559424.246539
File C:\Users\MARKtech\AppData\Local\Programs\Python\Python312\Lib\site-packages\django\contrib\contenttypes\__init__.py first seen with mtime 1717559424.246539
File C:\Users\MARKtech\AppData\Local\Programs\Python\Python312\Lib\asyncio\base_futures.py first seen with mtime 1712674218.0
File C:\Users\MARKtech\AppData\Local\Programs\Python\Python312\Lib\asyncio\base_futures.py first seen with mtime 1712674218.0
File C:\Users\MARKtech\AppData\Local\Programs\Python\Python312\DLLs\select.pyd first seen with mtime 1712674262.0
File C:\Users\MARKtech\AppData\Local\Programs\Python\Python312\DLLs\select.pyd first seen with mtime 1712674262.0
File C:\Users\MARKtech\AppData\Local\Programs\Python\Python312\Lib\site-packages\django\core\checks\__init__.py first seen with mtime 1717559442.682071
File C:\Users\MARKtech\AppData\Local\Programs\Python\Python312\Lib\site-packages\django\core\checks\__init__.py first seen with mtime 1717559442.682071
File C:\Users\MARKtech\AppData\Local\Programs\Python\Python312\Lib\site-packages\django\utils\hashable.py first seen with mtime 1717559445.9900138
File C:\Users\MARKtech\AppData\Local\Programs\Python\Python312\Lib\site-packages\django\utils\hashable.py first seen with mtime 1717559445.9900138
File C:\Users\MARKtech\AppData\Local\Programs\Python\Python312\Lib\site-packages\django\db\backends\mysql\__init__.py first seen with mtime 1717559443.3877237
File C:\Users\MARKtech\AppData\Local\Programs\Python\Python312\Lib\site-packages\django\db\backends\mysql\__init__.py first seen with mtime 1717559443.3877237
File C:\Users\MARKtech\AppData\Local\Programs\Python\Python312\Lib\struct.py first seen with mtime 1712674218.0
File C:\Users\MARKtech\AppData\Local\Programs\Python\Python312\Lib\struct.py first seen with mtime 1712674218.0
File C:\Users\MARKtech\AppData\Local\Programs\Python\Python312\Lib\site-packages\django\contrib\sites\shortcuts.py first seen with mtime 1717559440.612231
File C:\Users\MARKtech\AppData\Local\Programs\Python\Python312\Lib\site-packages\django\contrib\sites\shortcuts.py first seen with mtime 1717559440.612231
File C:\Users\MARKtech\AppData\Local\Programs\Python\Python312\Lib\site-packages\django\contrib\staticfiles\apps.py first seen with mtime 1717559442.4457936
File C:\Users\MARKtech\AppData\Local\Programs\Python\Python312\Lib\site-packages\django\contrib\staticfiles\apps.py first seen with mtime 1717559442.4457936
File C:\Users\MARKtech\AppData\Local\Programs\Python\Python312\Lib\site-packages\django\contrib\admin\decorators.py first seen with mtime 1717559413.1810825
File C:\Users\MARKtech\AppData\Local\Programs\Python\Python312\Lib\site-packages\django\contrib\admin\decorators.py first seen with mtime 1717559413.1810825
File C:\Users\MARKtech\AppData\Local\Programs\Python\Python312\Lib\site-packages\django\views\i18n.py first seen with mtime 1717559446.491689
File C:\Users\MARKtech\AppData\Local\Programs\Python\Python312\Lib\site-packages\django\views\i18n.py first seen with mtime 1717559446.491689
File C:\Users\MARKtech\AppData\Local\Programs\Python\Python312\Lib\zoneinfo\_tzpath.py first seen with mtime 1712674218.0
File C:\Users\MARKtech\AppData\Local\Programs\Python\Python312\Lib\zoneinfo\_tzpath.py first seen with mtime 1712674218.0
File C:\Users\MARKtech\AppData\Local\Programs\Python\Python312\Lib\site-packages\django\core\management\color.py first seen with mtime 1717559442.9945984
File C:\Users\MARKtech\AppData\Local\Programs\Python\Python312\Lib\site-packages\django\core\management\color.py first seen with mtime 1717559442.9945984
File C:\Users\MARKtech\AppData\Local\Programs\Python\Python312\Lib\email\mime\base.py first seen with mtime 1712674218.0
File C:\Users\MARKtech\AppData\Local\Programs\Python\Python312\Lib\email\mime\base.py first seen with mtime 1712674218.0
File C:\Users\MARKtech\AppData\Local\Programs\Python\Python312\Lib\site-packages\django\utils\itercompat.py first seen with mtime 1717559446.0681512
File C:\Users\MARKtech\AppData\Local\Programs\Python\Python312\Lib\site-packages\django\utils\itercompat.py first seen with mtime 1717559446.0681512
File C:\Users\MARKtech\AppData\Local\Programs\Python\Python312\Lib\site-packages\django\templatetags\static.py first seen with mtime 1717559445.44145
File C:\Users\MARKtech\AppData\Local\Programs\Python\Python312\Lib\site-packages\django\templatetags\static.py first seen with mtime 1717559445.44145
File C:\Users\MARKtech\AppData\Local\Programs\Python\Python312\Lib\site-packages\django\contrib\staticfiles\handlers.py first seen with mtime 1717559442.4614036
File C:\Users\MARKtech\AppData\Local\Programs\Python\Python312\Lib\site-packages\django\contrib\staticfiles\handlers.py first seen with mtime 1717559442.4614036
File C:\Users\MARKtech\AppData\Local\Programs\Python\Python312\Lib\email\encoders.py first seen with mtime 1712674218.0
File C:\Users\MARKtech\AppData\Local\Programs\Python\Python312\Lib\email\encoders.py first seen with mtime 1712674218.0
File C:\Users\MARKtech\AppData\Local\Programs\Python\Python312\Lib\site-packages\django\core\signals.py first seen with mtime 1717559442.5884178
File C:\Users\MARKtech\AppData\Local\Programs\Python\Python312\Lib\site-packages\django\core\signals.py first seen with mtime 1717559442.5884178
File C:\Users\MARKtech\AppData\Local\Programs\Python\Python312\Lib\site-packages\django\contrib\messages\api.py first seen with mtime 1717559434.8595436
File C:\Users\MARKtech\AppData\Local\Programs\Python\Python312\Lib\site-packages\django\contrib\messages\api.py first seen with mtime 1717559434.8595436
File C:\Users\MARKtech\AppData\Local\Programs\Python\Python312\Lib\site-packages\django\db\migrations\operations\base.py first seen with mtime 1717559443.7160017
File C:\Users\MARKtech\AppData\Local\Programs\Python\Python312\Lib\site-packages\django\db\migrations\operations\base.py first seen with mtime 1717559443.7160017
File C:\Users\MARKtech\Desktop\django1\djangoapp\my_project\settings.py first seen with mtime 1722951274.434304
File C:\Users\MARKtech\Desktop\django1\djangoapp\my_project\settings.py first seen with mtime 1722951274.434304
File C:\Users\MARKtech\AppData\Local\Programs\Python\Python312\Lib\site-packages\django\db\migrations\__init__.py first seen with mtime 1717559443.6222577
File C:\Users\MARKtech\AppData\Local\Programs\Python\Python312\Lib\site-packages\django\db\migrations\__init__.py first seen with mtime 1717559443.6222577
File C:\Users\MARKtech\AppData\Local\Programs\Python\Python312\Lib\site-packages\django\middleware\csrf.py first seen with mtime 1717559445.085168
File C:\Users\MARKtech\AppData\Local\Programs\Python\Python312\Lib\site-packages\django\middleware\csrf.py first seen with mtime 1717559445.085168
File C:\Users\MARKtech\AppData\Local\Programs\Python\Python312\Lib\site-packages\django\db\models\functions\datetime.py first seen with mtime 1717559443.9191475
File C:\Users\MARKtech\AppData\Local\Programs\Python\Python312\Lib\site-packages\django\db\models\functions\datetime.py first seen with mtime 1717559443.9191475
File C:\Users\MARKtech\AppData\Local\Programs\Python\Python312\Lib\site-packages\sqlparse\filters\output.py first seen with mtime 1717559404.3395329
File C:\Users\MARKtech\AppData\Local\Programs\Python\Python312\Lib\site-packages\sqlparse\filters\output.py first seen with mtime 1717559404.3395329
File C:\Users\MARKtech\AppData\Local\Programs\Python\Python312\Lib\site-packages\django\contrib\auth\forms.py first seen with mtime 1717559421.7236245
File C:\Users\MARKtech\AppData\Local\Programs\Python\Python312\Lib\site-packages\django\contrib\auth\forms.py first seen with mtime 1717559421.7236245
File C:\Users\MARKtech\AppData\Local\Programs\Python\Python312\Lib\site-packages\django\contrib\admin\templatetags\admin_urls.py first seen with mtime 1717559419.3580394
File C:\Users\MARKtech\AppData\Local\Programs\Python\Python312\Lib\site-packages\django\contrib\admin\templatetags\admin_urls.py first seen with mtime 1717559419.3580394
File C:\Users\MARKtech\AppData\Local\Programs\Python\Python312\Lib\site-packages\sqlparse\filters\aligned_indent.py first seen with mtime 1717559404.333169
File C:\Users\MARKtech\AppData\Local\Programs\Python\Python312\Lib\site-packages\sqlparse\filters\aligned_indent.py first seen with mtime 1717559404.333169
File C:\Users\MARKtech\AppData\Local\Programs\Python\Python312\Lib\site-packages\django\core\mail\utils.py first seen with mtime 1717559442.9320974
File C:\Users\MARKtech\AppData\Local\Programs\Python\Python312\Lib\site-packages\django\core\mail\utils.py first seen with mtime 1717559442.9320974
File C:\Users\MARKtech\AppData\Local\Programs\Python\Python312\Lib\asyncio\sslproto.py first seen with mtime 1712674218.0
File C:\Users\MARKtech\AppData\Local\Programs\Python\Python312\Lib\asyncio\sslproto.py first seen with mtime 1712674218.0
File C:\Users\MARKtech\AppData\Local\Programs\Python\Python312\Lib\site-packages\django\utils\module_loading.py first seen with mtime 1717559446.2260652
File C:\Users\MARKtech\AppData\Local\Programs\Python\Python312\Lib\site-packages\django\utils\module_loading.py first seen with mtime 1717559446.2260652
File C:\Users\MARKtech\AppData\Local\Programs\Python\Python312\Lib\site-packages\django\db\models\query.py first seen with mtime 1717559443.8253806
File C:\Users\MARKtech\AppData\Local\Programs\Python\Python312\Lib\site-packages\django\db\models\query.py first seen with mtime 1717559443.8253806
File C:\Users\MARKtech\AppData\Local\Programs\Python\Python312\Lib\site-packages\django\template\loader.py first seen with mtime 1717559445.238321
File C:\Users\MARKtech\AppData\Local\Programs\Python\Python312\Lib\site-packages\django\template\loader.py first seen with mtime 1717559445.238321
File C:\Users\MARKtech\AppData\Local\Programs\Python\Python312\Lib\site-packages\django\utils\crypto.py first seen with mtime 1717559445.7243843
File C:\Users\MARKtech\AppData\Local\Programs\Python\Python312\Lib\site-packages\django\utils\crypto.py first seen with mtime 1717559445.7243843
File C:\Users\MARKtech\AppData\Local\Programs\Python\Python312\Lib\site-packages\django\contrib\admin\actions.py first seen with mtime 1717559413.1654828
File C:\Users\MARKtech\AppData\Local\Programs\Python\Python312\Lib\site-packages\django\contrib\admin\actions.py first seen with mtime 1717559413.1654828
File C:\Users\MARKtech\AppData\Local\Programs\Python\Python312\Lib\site-packages\django\template\exceptions.py first seen with mtime 1717559445.222701
File C:\Users\MARKtech\AppData\Local\Programs\Python\Python312\Lib\site-packages\django\template\exceptions.py first seen with mtime 1717559445.222701
File C:\Users\MARKtech\AppData\Local\Programs\Python\Python312\Lib\asyncio\streams.py first seen with mtime 1712674218.0
File C:\Users\MARKtech\AppData\Local\Programs\Python\Python312\Lib\asyncio\streams.py first seen with mtime 1712674218.0
File C:\Users\MARKtech\AppData\Local\Programs\Python\Python312\Lib\site-packages\django\views\generic\dates.py first seen with mtime 1717559446.6010633
File C:\Users\MARKtech\AppData\Local\Programs\Python\Python312\Lib\site-packages\django\views\generic\dates.py first seen with mtime 1717559446.6010633
File C:\Users\MARKtech\AppData\Local\Programs\Python\Python312\Lib\asyncio\trsock.py first seen with mtime 1712674218.0
File C:\Users\MARKtech\AppData\Local\Programs\Python\Python312\Lib\asyncio\trsock.py first seen with mtime 1712674218.0
File C:\Users\MARKtech\AppData\Local\Programs\Python\Python312\Lib\ssl.py first seen with mtime 1712674218.0
File C:\Users\MARKtech\AppData\Local\Programs\Python\Python312\Lib\ssl.py first seen with mtime 1712674218.0
File C:\Users\MARKtech\AppData\Local\Programs\Python\Python312\Lib\token.py first seen with mtime 1712674218.0
File C:\Users\MARKtech\AppData\Local\Programs\Python\Python312\Lib\token.py first seen with mtime 1712674218.0
File C:\Users\MARKtech\AppData\Local\Programs\Python\Python312\Lib\site-packages\sqlparse\filters\__init__.py first seen with mtime 1717559404.3175378
File C:\Users\MARKtech\AppData\Local\Programs\Python\Python312\Lib\site-packages\sqlparse\filters\__init__.py first seen with mtime 1717559404.3175378
File C:\Users\MARKtech\AppData\Local\Programs\Python\Python312\Lib\site-packages\django\utils\choices.py first seen with mtime 1717559445.7087955
File C:\Users\MARKtech\AppData\Local\Programs\Python\Python312\Lib\site-packages\django\utils\choices.py first seen with mtime 1717559445.7087955
File C:\Users\MARKtech\AppData\Local\Programs\Python\Python312\Lib\decimal.py first seen with mtime 1712674218.0
File C:\Users\MARKtech\AppData\Local\Programs\Python\Python312\Lib\decimal.py first seen with mtime 1712674218.0
File C:\Users\MARKtech\AppData\Local\Programs\Python\Python312\Lib\site-packages\django\core\checks\messages.py first seen with mtime 1717559442.7133262
File C:\Users\MARKtech\AppData\Local\Programs\Python\Python312\Lib\site-packages\django\core\checks\messages.py first seen with mtime 1717559442.7133262
File C:\Users\MARKtech\AppData\Local\Programs\Python\Python312\Lib\site-packages\django\db\utils.py first seen with mtime 1717559443.2783782
File C:\Users\MARKtech\AppData\Local\Programs\Python\Python312\Lib\site-packages\django\db\utils.py first seen with mtime 1717559443.2783782
File C:\Users\MARKtech\AppData\Local\Programs\Python\Python312\Lib\site-packages\django\contrib\sites\requests.py first seen with mtime 1717559440.612231
File C:\Users\MARKtech\AppData\Local\Programs\Python\Python312\Lib\site-packages\django\contrib\sites\requests.py first seen with mtime 1717559440.612231
File C:\Users\MARKtech\AppData\Local\Programs\Python\Python312\Lib\site-packages\django\db\models\sql\subqueries.py first seen with mtime 1717559443.9816403
File C:\Users\MARKtech\AppData\Local\Programs\Python\Python312\Lib\site-packages\django\db\models\sql\subqueries.py first seen with mtime 1717559443.9816403
File C:\Users\MARKtech\AppData\Local\Programs\Python\Python312\Lib\site-packages\django\contrib\auth\base_user.py first seen with mtime 1717559421.6923678
File C:\Users\MARKtech\AppData\Local\Programs\Python\Python312\Lib\site-packages\django\contrib\auth\base_user.py first seen with mtime 1717559421.6923678
File C:\Users\MARKtech\AppData\Local\Programs\Python\Python312\Lib\site-packages\django\views\generic\list.py first seen with mtime 1717559446.6166992
File C:\Users\MARKtech\AppData\Local\Programs\Python\Python312\Lib\site-packages\django\views\generic\list.py first seen with mtime 1717559446.6166992
File C:\Users\MARKtech\AppData\Local\Programs\Python\Python312\Lib\site-packages\django\contrib\messages\constants.py first seen with mtime 1717559434.8751545
File C:\Users\MARKtech\AppData\Local\Programs\Python\Python312\Lib\site-packages\django\contrib\messages\constants.py first seen with mtime 1717559434.8751545
File C:\Users\MARKtech\AppData\Local\Programs\Python\Python312\Lib\encodings\cp1252.py first seen with mtime 1712674218.0
File C:\Users\MARKtech\AppData\Local\Programs\Python\Python312\Lib\encodings\cp1252.py first seen with mtime 1712674218.0
File C:\Users\MARKtech\AppData\Local\Programs\Python\Python312\Lib\site-packages\django\apps\config.py first seen with mtime 1717559408.977733
File C:\Users\MARKtech\AppData\Local\Programs\Python\Python312\Lib\site-packages\django\apps\config.py first seen with mtime 1717559408.977733
File C:\Users\MARKtech\AppData\Local\Programs\Python\Python312\Lib\site-packages\django\db\models\fields\files.py first seen with mtime 1717559443.8566413
File C:\Users\MARKtech\AppData\Local\Programs\Python\Python312\Lib\site-packages\django\db\models\fields\files.py first seen with mtime 1717559443.8566413
File C:\Users\MARKtech\AppData\Local\Programs\Python\Python312\Lib\site-packages\django\db\backends\signals.py first seen with mtime 1717559443.2939568
File C:\Users\MARKtech\AppData\Local\Programs\Python\Python312\Lib\site-packages\django\db\backends\signals.py first seen with mtime 1717559443.2939568
File C:\Users\MARKtech\AppData\Local\Programs\Python\Python312\Lib\asyncio\log.py first seen with mtime 1712674218.0
File C:\Users\MARKtech\AppData\Local\Programs\Python\Python312\Lib\asyncio\log.py first seen with mtime 1712674218.0
File C:\Users\MARKtech\AppData\Local\Programs\Python\Python312\Lib\site-packages\MySQLdb\constants\__init__.py first seen with mtime 1720572393.425949
File C:\Users\MARKtech\AppData\Local\Programs\Python\Python312\Lib\site-packages\MySQLdb\constants\__init__.py first seen with mtime 1720572393.425949
File C:\Users\MARKtech\AppData\Local\Programs\Python\Python312\Lib\site-packages\django\contrib\auth\hashers.py first seen with mtime 1717559421.7392418
File C:\Users\MARKtech\AppData\Local\Programs\Python\Python312\Lib\site-packages\django\contrib\auth\hashers.py first seen with mtime 1717559421.7392418
File C:\Users\MARKtech\AppData\Local\Programs\Python\Python312\Lib\site-packages\django\core\files\storage\handler.py first seen with mtime 1717559442.85395
File C:\Users\MARKtech\AppData\Local\Programs\Python\Python312\Lib\site-packages\django\core\files\storage\handler.py first seen with mtime 1717559442.85395
File C:\Users\MARKtech\AppData\Local\Programs\Python\Python312\Lib\site-packages\django\views\defaults.py first seen with mtime 1717559446.491689
File C:\Users\MARKtech\AppData\Local\Programs\Python\Python312\Lib\site-packages\django\views\defaults.py first seen with mtime 1717559446.491689
File C:\Users\MARKtech\AppData\Local\Programs\Python\Python312\Lib\site-packages\django\db\models\enums.py first seen with mtime 1717559443.778548
File C:\Users\MARKtech\AppData\Local\Programs\Python\Python312\Lib\site-packages\django\db\models\enums.py first seen with mtime 1717559443.778548
File C:\Users\MARKtech\AppData\Local\Programs\Python\Python312\Lib\email\_parseaddr.py first seen with mtime 1712674218.0
File C:\Users\MARKtech\AppData\Local\Programs\Python\Python312\Lib\email\_parseaddr.py first seen with mtime 1712674218.0
File C:\Users\MARKtech\AppData\Local\Programs\Python\Python312\Lib\copyreg.py first seen with mtime 1712674218.0
File C:\Users\MARKtech\AppData\Local\Programs\Python\Python312\Lib\copyreg.py first seen with mtime 1712674218.0
File C:\Users\MARKtech\AppData\Local\Programs\Python\Python312\Lib\site-packages\django\contrib\staticfiles\checks.py first seen with mtime 1717559442.4614036
File C:\Users\MARKtech\AppData\Local\Programs\Python\Python312\Lib\site-packages\django\contrib\staticfiles\checks.py first seen with mtime 1717559442.4614036
File C:\Users\MARKtech\AppData\Local\Programs\Python\Python312\Lib\site-packages\django\core\handlers\__init__.py first seen with mtime 1717559442.8851998
File C:\Users\MARKtech\AppData\Local\Programs\Python\Python312\Lib\site-packages\django\core\handlers\__init__.py first seen with mtime 1717559442.8851998
File C:\Users\MARKtech\AppData\Local\Programs\Python\Python312\Lib\site-packages\django\forms\fields.py first seen with mtime 1717559444.0285244
File C:\Users\MARKtech\AppData\Local\Programs\Python\Python312\Lib\site-packages\django\forms\fields.py first seen with mtime 1717559444.0285244
File C:\Users\MARKtech\AppData\Local\Programs\Python\Python312\Lib\site-packages\django\contrib\admin\helpers.py first seen with mtime 1717559413.2123334
File C:\Users\MARKtech\AppData\Local\Programs\Python\Python312\Lib\site-packages\django\contrib\admin\helpers.py first seen with mtime 1717559413.2123334
File C:\Users\MARKtech\AppData\Local\Programs\Python\Python312\Lib\site-packages\django\contrib\staticfiles\utils.py first seen with mtime 1717559442.4945602
File C:\Users\MARKtech\AppData\Local\Programs\Python\Python312\Lib\site-packages\django\contrib\staticfiles\utils.py first seen with mtime 1717559442.4945602
File C:\Users\MARKtech\AppData\Local\Programs\Python\Python312\Lib\site-packages\django\utils\regex_helper.py first seen with mtime 1717559446.2417057
File C:\Users\MARKtech\AppData\Local\Programs\Python\Python312\Lib\site-packages\django\utils\regex_helper.py first seen with mtime 1717559446.2417057
File C:\Users\MARKtech\AppData\Local\Programs\Python\Python312\Lib\email\mime\text.py first seen with mtime 1712674218.0
File C:\Users\MARKtech\AppData\Local\Programs\Python\Python312\Lib\email\mime\text.py first seen with mtime 1712674218.0
File C:\Users\MARKtech\AppData\Local\Programs\Python\Python312\Lib\site-packages\django\contrib\sessions\__init__.py first seen with mtime 1717559438.982555
File C:\Users\MARKtech\AppData\Local\Programs\Python\Python312\Lib\site-packages\django\contrib\sessions\__init__.py first seen with mtime 1717559438.982555
File C:\Users\MARKtech\AppData\Local\Programs\Python\Python312\Lib\site-packages\django\views\decorators\debug.py first seen with mtime 1717559446.5385635
File C:\Users\MARKtech\AppData\Local\Programs\Python\Python312\Lib\site-packages\django\views\decorators\debug.py first seen with mtime 1717559446.5385635
File C:\Users\MARKtech\AppData\Local\Programs\Python\Python312\Lib\urllib\error.py first seen with mtime 1712674218.0
File C:\Users\MARKtech\AppData\Local\Programs\Python\Python312\Lib\urllib\error.py first seen with mtime 1712674218.0
File C:\Users\MARKtech\AppData\Local\Programs\Python\Python312\Lib\site-packages\django\contrib\staticfiles\finders.py first seen with mtime 1717559442.4614036
File C:\Users\MARKtech\AppData\Local\Programs\Python\Python312\Lib\site-packages\django\contrib\staticfiles\finders.py first seen with mtime 1717559442.4614036
File C:\Users\MARKtech\Desktop\django1\djangoapp\manage.py first seen with mtime 1718541499.0127552
File C:\Users\MARKtech\Desktop\django1\djangoapp\manage.py first seen with mtime 1718541499.0127552
File C:\Users\MARKtech\AppData\Local\Programs\Python\Python312\Lib\site-packages\django\db\backends\mysql\introspection.py first seen with mtime 1717559443.4189723
File C:\Users\MARKtech\AppData\Local\Programs\Python\Python312\Lib\site-packages\django\db\backends\mysql\introspection.py first seen with mtime 1717559443.4189723
File C:\Users\MARKtech\AppData\Local\Programs\Python\Python312\Lib\_compression.py first seen with mtime 1712674218.0
File C:\Users\MARKtech\AppData\Local\Programs\Python\Python312\Lib\_compression.py first seen with mtime 1712674218.0
File C:\Users\MARKtech\AppData\Local\Programs\Python\Python312\Lib\site-packages\django\core\files\uploadhandler.py first seen with mtime 1717559442.8226876
File C:\Users\MARKtech\AppData\Local\Programs\Python\Python312\Lib\site-packages\django\core\files\uploadhandler.py first seen with mtime 1717559442.8226876
File C:\Users\MARKtech\AppData\Local\Programs\Python\Python312\Lib\site-packages\django\db\migrations\exceptions.py first seen with mtime 1717559443.637887
File C:\Users\MARKtech\AppData\Local\Programs\Python\Python312\Lib\site-packages\django\db\migrations\exceptions.py first seen with mtime 1717559443.637887
File C:\Users\MARKtech\AppData\Local\Programs\Python\Python312\Lib\difflib.py first seen with mtime 1712674218.0
File C:\Users\MARKtech\AppData\Local\Programs\Python\Python312\Lib\difflib.py first seen with mtime 1712674218.0
File C:\Users\MARKtech\AppData\Local\Programs\Python\Python312\Lib\site-packages\django\db\models\fields\related_lookups.py first seen with mtime 1717559443.9035318
File C:\Users\MARKtech\AppData\Local\Programs\Python\Python312\Lib\site-packages\django\db\models\fields\related_lookups.py first seen with mtime 1717559443.9035318
File C:\Users\MARKtech\AppData\Local\Programs\Python\Python312\Lib\bz2.py first seen with mtime 1712674218.0
File C:\Users\MARKtech\AppData\Local\Programs\Python\Python312\Lib\bz2.py first seen with mtime 1712674218.0
File C:\Users\MARKtech\AppData\Local\Programs\Python\Python312\Lib\site-packages\django\apps\__init__.py first seen with mtime 1717559408.962111
File C:\Users\MARKtech\AppData\Local\Programs\Python\Python312\Lib\site-packages\django\apps\__init__.py first seen with mtime 1717559408.962111
File C:\Users\MARKtech\AppData\Local\Programs\Python\Python312\Lib\site-packages\django\core\checks\registry.py first seen with mtime 1717559442.7133262
File C:\Users\MARKtech\AppData\Local\Programs\Python\Python312\Lib\site-packages\django\core\checks\registry.py first seen with mtime 1717559442.7133262
File C:\Users\MARKtech\AppData\Local\Programs\Python\Python312\Lib\site-packages\colorama\win32.py first seen with mtime 1716950678.8125412
File C:\Users\MARKtech\AppData\Local\Programs\Python\Python312\Lib\site-packages\colorama\win32.py first seen with mtime 1716950678.8125412
File C:\Users\MARKtech\AppData\Local\Programs\Python\Python312\Lib\site-packages\django\__init__.py first seen with mtime 1717559408.9464862
File C:\Users\MARKtech\AppData\Local\Programs\Python\Python312\Lib\site-packages\django\__init__.py first seen with mtime 1717559408.9464862
File C:\Users\MARKtech\AppData\Local\Programs\Python\Python312\Lib\email\errors.py first seen with mtime 1712674218.0
File C:\Users\MARKtech\AppData\Local\Programs\Python\Python312\Lib\email\errors.py first seen with mtime 1712674218.0
File C:\Users\MARKtech\AppData\Local\Programs\Python\Python312\Lib\site-packages\django\urls\converters.py first seen with mtime 1717559445.5820954
File C:\Users\MARKtech\AppData\Local\Programs\Python\Python312\Lib\site-packages\django\urls\converters.py first seen with mtime 1717559445.5820954
File C:\Users\MARKtech\AppData\Local\Programs\Python\Python312\Lib\site-packages\django\forms\formsets.py first seen with mtime 1717559444.0441232
File C:\Users\MARKtech\AppData\Local\Programs\Python\Python312\Lib\site-packages\django\forms\formsets.py first seen with mtime 1717559444.0441232
File C:\Users\MARKtech\AppData\Local\Programs\Python\Python312\Lib\asyncio\subprocess.py first seen with mtime 1712674218.0
File C:\Users\MARKtech\AppData\Local\Programs\Python\Python312\Lib\asyncio\subprocess.py first seen with mtime 1712674218.0
File C:\Users\MARKtech\AppData\Local\Programs\Python\Python312\Lib\site-packages\MySQLdb\_exceptions.py first seen with mtime 1720572393.3336406
File C:\Users\MARKtech\AppData\Local\Programs\Python\Python312\Lib\site-packages\MySQLdb\_exceptions.py first seen with mtime 1720572393.3336406
File C:\Users\MARKtech\AppData\Local\Programs\Python\Python312\Lib\site-packages\django\core\cache\backends\base.py first seen with mtime 1717559442.6351814
File C:\Users\MARKtech\AppData\Local\Programs\Python\Python312\Lib\site-packages\django\core\cache\backends\base.py first seen with mtime 1717559442.6351814
File C:\Users\MARKtech\AppData\Local\Programs\Python\Python312\Lib\site-packages\django\utils\termcolors.py first seen with mtime 1717559446.2573166
File C:\Users\MARKtech\AppData\Local\Programs\Python\Python312\Lib\site-packages\django\utils\termcolors.py first seen with mtime 1717559446.2573166
File C:\Users\MARKtech\AppData\Local\Programs\Python\Python312\Lib\weakref.py first seen with mtime 1712674218.0
File C:\Users\MARKtech\AppData\Local\Programs\Python\Python312\Lib\weakref.py first seen with mtime 1712674218.0
File C:\Users\MARKtech\AppData\Local\Programs\Python\Python312\Lib\email\utils.py first seen with mtime 1712674218.0
File C:\Users\MARKtech\AppData\Local\Programs\Python\Python312\Lib\email\utils.py first seen with mtime 1712674218.0
File C:\Users\MARKtech\AppData\Local\Programs\Python\Python312\Lib\site-packages\django\db\migrations\operations\fields.py first seen with mtime 1717559443.7316587
File C:\Users\MARKtech\AppData\Local\Programs\Python\Python312\Lib\site-packages\django\db\migrations\operations\fields.py first seen with mtime 1717559443.7316587
File C:\Users\MARKtech\AppData\Local\Programs\Python\Python312\Lib\wsgiref\simple_server.py first seen with mtime 1712674218.0
File C:\Users\MARKtech\AppData\Local\Programs\Python\Python312\Lib\wsgiref\simple_server.py first seen with mtime 1712674218.0
File C:\Users\MARKtech\AppData\Local\Programs\Python\Python312\Lib\site-packages\django\middleware\security.py first seen with mtime 1717559445.132051
File C:\Users\MARKtech\AppData\Local\Programs\Python\Python312\Lib\site-packages\django\middleware\security.py first seen with mtime 1717559445.132051
File C:\Users\MARKtech\AppData\Local\Programs\Python\Python312\Lib\site-packages\MySQLdb\_mysql.cp312-win_amd64.pyd first seen with mtime 1720572393.363446
File C:\Users\MARKtech\AppData\Local\Programs\Python\Python312\Lib\site-packages\MySQLdb\_mysql.cp312-win_amd64.pyd first seen with mtime 1720572393.363446
File C:\Users\MARKtech\AppData\Local\Programs\Python\Python312\Lib\email\generator.py first seen with mtime 1712674218.0
File C:\Users\MARKtech\AppData\Local\Programs\Python\Python312\Lib\email\generator.py first seen with mtime 1712674218.0
File C:\Users\MARKtech\AppData\Local\Programs\Python\Python312\Lib\site-packages\django\contrib\contenttypes\management\__init__.py first seen with mtime 1717559427.9306452
File C:\Users\MARKtech\AppData\Local\Programs\Python\Python312\Lib\site-packages\django\contrib\contenttypes\management\__init__.py first seen with mtime 1717559427.9306452
File C:\Users\MARKtech\Desktop\django1\djangoapp\my_app\__init__.py first seen with mtime 1718542546.8786402
File C:\Users\MARKtech\Desktop\django1\djangoapp\my_app\__init__.py first seen with mtime 1718542546.8786402
File C:\Users\MARKtech\AppData\Local\Programs\Python\Python312\Lib\site-packages\django\db\models\sql\query.py first seen with mtime 1717559443.9816403
File C:\Users\MARKtech\AppData\Local\Programs\Python\Python312\Lib\site-packages\django\db\models\sql\query.py first seen with mtime 1717559443.9816403
File C:\Users\MARKtech\AppData\Local\Programs\Python\Python312\Lib\site-packages\django\core\cache\__init__.py first seen with mtime 1717559442.6195683
File C:\Users\MARKtech\AppData\Local\Programs\Python\Python312\Lib\site-packages\django\core\cache\__init__.py first seen with mtime 1717559442.6195683
File C:\Users\MARKtech\AppData\Local\Programs\Python\Python312\Lib\site-packages\django\db\models\constants.py first seen with mtime 1717559443.7628896
File C:\Users\MARKtech\AppData\Local\Programs\Python\Python312\Lib\site-packages\django\db\models\constants.py first seen with mtime 1717559443.7628896
File C:\Users\MARKtech\AppData\Local\Programs\Python\Python312\Lib\site-packages\django\middleware\cache.py first seen with mtime 1717559445.0695603
File C:\Users\MARKtech\AppData\Local\Programs\Python\Python312\Lib\site-packages\django\middleware\cache.py first seen with mtime 1717559445.0695603
File C:\Users\MARKtech\AppData\Local\Programs\Python\Python312\Lib\site-packages\django\contrib\admin\models.py first seen with mtime 1717559413.227956
File C:\Users\MARKtech\AppData\Local\Programs\Python\Python312\Lib\site-packages\django\contrib\admin\models.py first seen with mtime 1717559413.227956
File C:\Users\MARKtech\AppData\Local\Programs\Python\Python312\Lib\site-packages\asgiref\local.py first seen with mtime 1717559407.5040963
File C:\Users\MARKtech\AppData\Local\Programs\Python\Python312\Lib\site-packages\asgiref\local.py first seen with mtime 1717559407.5040963
File C:\Users\MARKtech\AppData\Local\Programs\Python\Python312\Lib\email\policy.py first seen with mtime 1712674218.0
File C:\Users\MARKtech\AppData\Local\Programs\Python\Python312\Lib\email\policy.py first seen with mtime 1712674218.0
File C:\Users\MARKtech\AppData\Local\Programs\Python\Python312\Lib\site-packages\django\core\mail\message.py first seen with mtime 1717559442.9164326
File C:\Users\MARKtech\AppData\Local\Programs\Python\Python312\Lib\site-packages\django\core\mail\message.py first seen with mtime 1717559442.9164326
File C:\Users\MARKtech\AppData\Local\Programs\Python\Python312\DLLs\_queue.pyd first seen with mtime 1712674262.0
File C:\Users\MARKtech\AppData\Local\Programs\Python\Python312\DLLs\_queue.pyd first seen with mtime 1712674262.0
File C:\Users\MARKtech\AppData\Local\Programs\Python\Python312\Lib\site-packages\django\contrib\admin\views\__init__.py first seen with mtime 1717559419.3736708
File C:\Users\MARKtech\AppData\Local\Programs\Python\Python312\Lib\site-packages\django\contrib\admin\views\__init__.py first seen with mtime 1717559419.3736708
File C:\Users\MARKtech\AppData\Local\Programs\Python\Python312\Lib\site-packages\django\template\backends\__init__.py first seen with mtime 1717559445.285213
File C:\Users\MARKtech\AppData\Local\Programs\Python\Python312\Lib\site-packages\django\template\backends\__init__.py first seen with mtime 1717559445.285213
File C:\Users\MARKtech\AppData\Local\Programs\Python\Python312\Lib\site-packages\MySQLdb\constants\FLAG.py first seen with mtime 1720572393.425949
File C:\Users\MARKtech\AppData\Local\Programs\Python\Python312\Lib\site-packages\MySQLdb\constants\FLAG.py first seen with mtime 1720572393.425949
File C:\Users\MARKtech\AppData\Local\Programs\Python\Python312\Lib\site-packages\MySQLdb\times.py first seen with mtime 1720572393.3946962
File C:\Users\MARKtech\AppData\Local\Programs\Python\Python312\Lib\site-packages\MySQLdb\times.py first seen with mtime 1720572393.3946962
File C:\Users\MARKtech\AppData\Local\Programs\Python\Python312\Lib\dis.py first seen with mtime 1712674218.0
File C:\Users\MARKtech\AppData\Local\Programs\Python\Python312\Lib\dis.py first seen with mtime 1712674218.0
File C:\Users\MARKtech\AppData\Local\Programs\Python\Python312\Lib\site-packages\django\templatetags\i18n.py first seen with mtime 1717559445.4258249
File C:\Users\MARKtech\AppData\Local\Programs\Python\Python312\Lib\site-packages\django\templatetags\i18n.py first seen with mtime 1717559445.4258249
File C:\Users\MARKtech\AppData\Local\Programs\Python\Python312\Lib\site-packages\django\core\files\storage\memory.py first seen with mtime 1717559442.8695564
File C:\Users\MARKtech\AppData\Local\Programs\Python\Python312\Lib\site-packages\django\core\files\storage\memory.py first seen with mtime 1717559442.8695564
File C:\Users\MARKtech\AppData\Local\Programs\Python\Python312\Lib\site-packages\django\core\checks\security\__init__.py first seen with mtime 1717559442.760224
File C:\Users\MARKtech\AppData\Local\Programs\Python\Python312\Lib\site-packages\django\core\checks\security\__init__.py first seen with mtime 1717559442.760224
File C:\Users\MARKtech\AppData\Local\Programs\Python\Python312\Lib\site-packages\django\urls\base.py first seen with mtime 1717559445.5508375
File C:\Users\MARKtech\AppData\Local\Programs\Python\Python312\Lib\site-packages\django\urls\base.py first seen with mtime 1717559445.5508375
File C:\Users\MARKtech\AppData\Local\Programs\Python\Python312\Lib\hmac.py first seen with mtime 1712674218.0
File C:\Users\MARKtech\AppData\Local\Programs\Python\Python312\Lib\hmac.py first seen with mtime 1712674218.0
File C:\Users\MARKtech\AppData\Local\Programs\Python\Python312\Lib\site-packages\django\db\backends\base\__init__.py first seen with mtime 1717559443.3095856
File C:\Users\MARKtech\AppData\Local\Programs\Python\Python312\Lib\site-packages\django\db\backends\base\__init__.py first seen with mtime 1717559443.3095856
File C:\Users\MARKtech\AppData\Local\Programs\Python\Python312\Lib\site-packages\django\core\checks\model_checks.py first seen with mtime 1717559442.7133262
File C:\Users\MARKtech\AppData\Local\Programs\Python\Python312\Lib\site-packages\django\core\checks\model_checks.py first seen with mtime 1717559442.7133262
File C:\Users\MARKtech\AppData\Local\Programs\Python\Python312\Lib\site-packages\django\db\models\deletion.py first seen with mtime 1717559443.778548
File C:\Users\MARKtech\AppData\Local\Programs\Python\Python312\Lib\site-packages\django\db\models\deletion.py first seen with mtime 1717559443.778548
File C:\Users\MARKtech\AppData\Local\Programs\Python\Python312\Lib\site-packages\django\http\multipartparser.py first seen with mtime 1717559445.0382962
File C:\Users\MARKtech\AppData\Local\Programs\Python\Python312\Lib\site-packages\django\http\multipartparser.py first seen with mtime 1717559445.0382962
File C:\Users\MARKtech\AppData\Local\Programs\Python\Python312\Lib\site-packages\django\db\backends\mysql\features.py first seen with mtime 1717559443.4189723
File C:\Users\MARKtech\AppData\Local\Programs\Python\Python312\Lib\site-packages\django\db\backends\mysql\features.py first seen with mtime 1717559443.4189723
File C:\Users\MARKtech\AppData\Local\Programs\Python\Python312\Lib\asyncio\protocols.py first seen with mtime 1712674218.0
File C:\Users\MARKtech\AppData\Local\Programs\Python\Python312\Lib\asyncio\protocols.py first seen with mtime 1712674218.0
File C:\Users\MARKtech\AppData\Local\Programs\Python\Python312\Lib\_compat_pickle.py first seen with mtime 1712674218.0
File C:\Users\MARKtech\AppData\Local\Programs\Python\Python312\Lib\_compat_pickle.py first seen with mtime 1712674218.0
File C:\Users\MARKtech\AppData\Local\Programs\Python\Python312\Lib\site-packages\django\db\models\signals.py first seen with mtime 1717559443.8410084
File C:\Users\MARKtech\AppData\Local\Programs\Python\Python312\Lib\site-packages\django\db\models\signals.py first seen with mtime 1717559443.8410084
File C:\Users\MARKtech\AppData\Local\Programs\Python\Python312\Lib\site-packages\django\contrib\auth\__init__.py first seen with mtime 1717559421.6611066
File C:\Users\MARKtech\AppData\Local\Programs\Python\Python312\Lib\site-packages\django\contrib\auth\__init__.py first seen with mtime 1717559421.6611066
File C:\Users\MARKtech\AppData\Local\Programs\Python\Python312\Lib\site-packages\django\utils\dateformat.py first seen with mtime 1717559445.7556365
File C:\Users\MARKtech\AppData\Local\Programs\Python\Python312\Lib\site-packages\django\utils\dateformat.py first seen with mtime 1717559445.7556365
File C:\Users\MARKtech\AppData\Local\Programs\Python\Python312\Lib\site-packages\django\db\migrations\operations\__init__.py first seen with mtime 1717559443.7160017
File C:\Users\MARKtech\AppData\Local\Programs\Python\Python312\Lib\site-packages\django\db\migrations\operations\__init__.py first seen with mtime 1717559443.7160017
File C:\Users\MARKtech\AppData\Local\Programs\Python\Python312\Lib\site-packages\django\forms\forms.py first seen with mtime 1717559444.0285244
File C:\Users\MARKtech\AppData\Local\Programs\Python\Python312\Lib\site-packages\django\forms\forms.py first seen with mtime 1717559444.0285244
File C:\Users\MARKtech\AppData\Local\Programs\Python\Python312\Lib\pprint.py first seen with mtime 1712674218.0
File C:\Users\MARKtech\AppData\Local\Programs\Python\Python312\Lib\pprint.py first seen with mtime 1712674218.0
File C:\Users\MARKtech\AppData\Local\Programs\Python\Python312\Lib\site-packages\django\views\generic\detail.py first seen with mtime 1717559446.6010633
File C:\Users\MARKtech\AppData\Local\Programs\Python\Python312\Lib\site-packages\django\views\generic\detail.py first seen with mtime 1717559446.6010633
File C:\Users\MARKtech\AppData\Local\Programs\Python\Python312\Lib\site-packages\django\core\checks\compatibility\django_4_0.py first seen with mtime 1717559442.744578
File C:\Users\MARKtech\AppData\Local\Programs\Python\Python312\Lib\site-packages\django\core\checks\compatibility\django_4_0.py first seen with mtime 1717559442.744578
File C:\Users\MARKtech\AppData\Local\Programs\Python\Python312\Lib\site-packages\django\db\models\fields\mixins.py first seen with mtime 1717559443.872257
File C:\Users\MARKtech\AppData\Local\Programs\Python\Python312\Lib\site-packages\django\db\models\fields\mixins.py first seen with mtime 1717559443.872257
File C:\Users\MARKtech\AppData\Local\Programs\Python\Python312\Lib\site-packages\django\template\response.py first seen with mtime 1717559445.2539608
File C:\Users\MARKtech\AppData\Local\Programs\Python\Python312\Lib\site-packages\django\template\response.py first seen with mtime 1717559445.2539608
File C:\Users\MARKtech\AppData\Local\Programs\Python\Python312\Lib\site-packages\django\utils\deprecation.py first seen with mtime 1717559445.9275217
File C:\Users\MARKtech\AppData\Local\Programs\Python\Python312\Lib\site-packages\django\utils\deprecation.py first seen with mtime 1717559445.9275217
File C:\Users\MARKtech\AppData\Local\Programs\Python\Python312\Lib\site-packages\django\core\checks\async_checks.py first seen with mtime 1717559442.682071
File C:\Users\MARKtech\AppData\Local\Programs\Python\Python312\Lib\site-packages\django\core\checks\async_checks.py first seen with mtime 1717559442.682071
File C:\Users\MARKtech\AppData\Local\Programs\Python\Python312\Lib\site-packages\django\db\backends\mysql\operations.py first seen with mtime 1717559443.4345853
File C:\Users\MARKtech\AppData\Local\Programs\Python\Python312\Lib\site-packages\django\db\backends\mysql\operations.py first seen with mtime 1717559443.4345853
File C:\Users\MARKtech\AppData\Local\Programs\Python\Python312\Lib\encodings\__init__.py first seen with mtime 1712674218.0
File C:\Users\MARKtech\AppData\Local\Programs\Python\Python312\Lib\encodings\__init__.py first seen with mtime 1712674218.0
File C:\Users\MARKtech\AppData\Local\Programs\Python\Python312\Lib\site-packages\django\conf\urls\__init__.py first seen with mtime 1717559413.1029587
File C:\Users\MARKtech\AppData\Local\Programs\Python\Python312\Lib\site-packages\django\conf\urls\__init__.py first seen with mtime 1717559413.1029587
File C:\Users\MARKtech\AppData\Local\Programs\Python\Python312\Lib\site-packages\django\contrib\auth\checks.py first seen with mtime 1717559421.6923678
File C:\Users\MARKtech\AppData\Local\Programs\Python\Python312\Lib\site-packages\django\contrib\auth\checks.py first seen with mtime 1717559421.6923678
File C:\Users\MARKtech\AppData\Local\Programs\Python\Python312\Lib\site-packages\django\contrib\staticfiles\views.py first seen with mtime 1717559442.4945602
File C:\Users\MARKtech\AppData\Local\Programs\Python\Python312\Lib\site-packages\django\contrib\staticfiles\views.py first seen with mtime 1717559442.4945602
File C:\Users\MARKtech\AppData\Local\Programs\Python\Python312\Lib\fnmatch.py first seen with mtime 1712674218.0
File C:\Users\MARKtech\AppData\Local\Programs\Python\Python312\Lib\fnmatch.py first seen with mtime 1712674218.0
File C:\Users\MARKtech\AppData\Local\Programs\Python\Python312\Lib\site-packages\django\template\loader_tags.py first seen with mtime 1717559445.238321
File C:\Users\MARKtech\AppData\Local\Programs\Python\Python312\Lib\site-packages\django\template\loader_tags.py first seen with mtime 1717559445.238321
File C:\Users\MARKtech\AppData\Local\Programs\Python\Python312\Lib\site-packages\django\db\models\query_utils.py first seen with mtime 1717559443.8253806
File C:\Users\MARKtech\AppData\Local\Programs\Python\Python312\Lib\site-packages\django\db\models\query_utils.py first seen with mtime 1717559443.8253806
File C:\Users\MARKtech\AppData\Local\Programs\Python\Python312\Lib\site-packages\MySQLdb\constants\FIELD_TYPE.py first seen with mtime 1720572393.4103205
File C:\Users\MARKtech\AppData\Local\Programs\Python\Python312\Lib\site-packages\MySQLdb\constants\FIELD_TYPE.py first seen with mtime 1720572393.4103205
File C:\Users\MARKtech\AppData\Local\Programs\Python\Python312\Lib\site-packages\django\contrib\admin\templatetags\base.py first seen with mtime 1717559419.3580394
File C:\Users\MARKtech\AppData\Local\Programs\Python\Python312\Lib\site-packages\django\contrib\admin\templatetags\base.py first seen with mtime 1717559419.3580394
File C:\Users\MARKtech\AppData\Local\Programs\Python\Python312\Lib\importlib\__init__.py first seen with mtime 1712674218.0
File C:\Users\MARKtech\AppData\Local\Programs\Python\Python312\Lib\importlib\__init__.py first seen with mtime 1712674218.0
File C:\Users\MARKtech\AppData\Local\Programs\Python\Python312\Lib\site-packages\django\db\backends\mysql\client.py first seen with mtime 1717559443.4033368
File C:\Users\MARKtech\AppData\Local\Programs\Python\Python312\Lib\site-packages\django\db\backends\mysql\client.py first seen with mtime 1717559443.4033368
File C:\Users\MARKtech\AppData\Local\Programs\Python\Python312\Lib\site-packages\django\contrib\admin\templatetags\log.py first seen with mtime 1717559419.3736708
File C:\Users\MARKtech\AppData\Local\Programs\Python\Python312\Lib\site-packages\django\contrib\admin\templatetags\log.py first seen with mtime 1717559419.3736708
File C:\Users\MARKtech\AppData\Local\Programs\Python\Python312\Lib\site-packages\django\contrib\auth\decorators.py first seen with mtime 1717559421.7236245
File C:\Users\MARKtech\AppData\Local\Programs\Python\Python312\Lib\site-packages\django\contrib\auth\decorators.py first seen with mtime 1717559421.7236245
File C:\Users\MARKtech\AppData\Local\Programs\Python\Python312\Lib\site-packages\django\core\management\commands\runserver.py first seen with mtime 1717559443.122096
File C:\Users\MARKtech\AppData\Local\Programs\Python\Python312\Lib\site-packages\django\core\management\commands\runserver.py first seen with mtime 1717559443.122096
File C:\Users\MARKtech\AppData\Local\Programs\Python\Python312\Lib\queue.py first seen with mtime 1712674218.0
File C:\Users\MARKtech\AppData\Local\Programs\Python\Python312\Lib\queue.py first seen with mtime 1712674218.0
File C:\Users\MARKtech\AppData\Local\Programs\Python\Python312\Lib\tempfile.py first seen with mtime 1712674218.0
File C:\Users\MARKtech\AppData\Local\Programs\Python\Python312\Lib\tempfile.py first seen with mtime 1712674218.0
File C:\Users\MARKtech\AppData\Local\Programs\Python\Python312\Lib\wsgiref\__init__.py first seen with mtime 1712674218.0
File C:\Users\MARKtech\AppData\Local\Programs\Python\Python312\Lib\wsgiref\__init__.py first seen with mtime 1712674218.0
File C:\Users\MARKtech\AppData\Local\Programs\Python\Python312\Lib\site-packages\django\templatetags\l10n.py first seen with mtime 1717559445.44145
File C:\Users\MARKtech\AppData\Local\Programs\Python\Python312\Lib\site-packages\django\templatetags\l10n.py first seen with mtime 1717559445.44145
File C:\Users\MARKtech\AppData\Local\Programs\Python\Python312\Lib\email\mime\multipart.py first seen with mtime 1712674218.0
File C:\Users\MARKtech\AppData\Local\Programs\Python\Python312\Lib\email\mime\multipart.py first seen with mtime 1712674218.0
File C:\Users\MARKtech\AppData\Local\Programs\Python\Python312\Lib\http\__init__.py first seen with mtime 1712674218.0
File C:\Users\MARKtech\AppData\Local\Programs\Python\Python312\Lib\http\__init__.py first seen with mtime 1712674218.0
File C:\Users\MARKtech\AppData\Local\Programs\Python\Python312\Lib\site-packages\django\db\models\indexes.py first seen with mtime 1717559443.7941315
File C:\Users\MARKtech\AppData\Local\Programs\Python\Python312\Lib\site-packages\django\db\models\indexes.py first seen with mtime 1717559443.7941315
File C:\Users\MARKtech\AppData\Local\Programs\Python\Python312\Lib\calendar.py first seen with mtime 1712674218.0
File C:\Users\MARKtech\AppData\Local\Programs\Python\Python312\Lib\calendar.py first seen with mtime 1712674218.0
File C:\Users\MARKtech\AppData\Local\Programs\Python\Python312\Lib\site-packages\django\db\models\fields\related.py first seen with mtime 1717559443.8878822
File C:\Users\MARKtech\AppData\Local\Programs\Python\Python312\Lib\site-packages\django\db\models\fields\related.py first seen with mtime 1717559443.8878822
File C:\Users\MARKtech\AppData\Local\Programs\Python\Python312\Lib\json\encoder.py first seen with mtime 1712674218.0
File C:\Users\MARKtech\AppData\Local\Programs\Python\Python312\Lib\json\encoder.py first seen with mtime 1712674218.0
File C:\Users\MARKtech\Desktop\django1\djangoapp\my_app\models\school.py first seen with mtime 1722925578.6177933
File C:\Users\MARKtech\Desktop\django1\djangoapp\my_app\models\school.py first seen with mtime 1722925578.6177933
File C:\Users\MARKtech\AppData\Local\Programs\Python\Python312\Lib\reprlib.py first seen with mtime 1712674218.0
File C:\Users\MARKtech\AppData\Local\Programs\Python\Python312\Lib\reprlib.py first seen with mtime 1712674218.0
File C:\Users\MARKtech\AppData\Local\Programs\Python\Python312\Lib\site-packages\django\db\migrations\operations\special.py first seen with mtime 1717559443.7316587
File C:\Users\MARKtech\AppData\Local\Programs\Python\Python312\Lib\site-packages\django\db\migrations\operations\special.py first seen with mtime 1717559443.7316587
File C:\Users\MARKtech\AppData\Local\Programs\Python\Python312\Lib\asyncio\threads.py first seen with mtime 1712674218.0
File C:\Users\MARKtech\AppData\Local\Programs\Python\Python312\Lib\asyncio\threads.py first seen with mtime 1712674218.0
File C:\Users\MARKtech\AppData\Local\Programs\Python\Python312\Lib\concurrent\__init__.py first seen with mtime 1712674218.0
File C:\Users\MARKtech\AppData\Local\Programs\Python\Python312\Lib\concurrent\__init__.py first seen with mtime 1712674218.0
File C:\Users\MARKtech\AppData\Local\Programs\Python\Python312\Lib\site-packages\sqlparse\exceptions.py first seen with mtime 1717559404.2288928
File C:\Users\MARKtech\AppData\Local\Programs\Python\Python312\Lib\site-packages\sqlparse\exceptions.py first seen with mtime 1717559404.2288928
File C:\Users\MARKtech\AppData\Local\Programs\Python\Python312\Lib\site-packages\MySQLdb\converters.py first seen with mtime 1720572393.3790674
File C:\Users\MARKtech\AppData\Local\Programs\Python\Python312\Lib\site-packages\MySQLdb\converters.py first seen with mtime 1720572393.3790674
File C:\Users\MARKtech\AppData\Local\Programs\Python\Python312\Lib\ctypes\wintypes.py first seen with mtime 1712674218.0
File C:\Users\MARKtech\AppData\Local\Programs\Python\Python312\Lib\ctypes\wintypes.py first seen with mtime 1712674218.0
File C:\Users\MARKtech\AppData\Local\Programs\Python\Python312\Lib\urllib\parse.py first seen with mtime 1712674218.0
File C:\Users\MARKtech\AppData\Local\Programs\Python\Python312\Lib\urllib\parse.py first seen with mtime 1712674218.0
File C:\Users\MARKtech\AppData\Local\Programs\Python\Python312\Lib\opcode.py first seen with mtime 1712674218.0
File C:\Users\MARKtech\AppData\Local\Programs\Python\Python312\Lib\opcode.py first seen with mtime 1712674218.0
File C:\Users\MARKtech\AppData\Local\Programs\Python\Python312\Lib\site-packages\asgiref\sync.py first seen with mtime 1717559407.521963
File C:\Users\MARKtech\AppData\Local\Programs\Python\Python312\Lib\site-packages\asgiref\sync.py first seen with mtime 1717559407.521963
File C:\Users\MARKtech\AppData\Local\Programs\Python\Python312\Lib\site-packages\django\db\models\functions\mixins.py first seen with mtime 1717559443.934756
File C:\Users\MARKtech\AppData\Local\Programs\Python\Python312\Lib\site-packages\django\db\models\functions\mixins.py first seen with mtime 1717559443.934756
File C:\Users\MARKtech\AppData\Local\Programs\Python\Python312\Lib\site-packages\django\db\models\sql\where.py first seen with mtime 1717559443.9972672
File C:\Users\MARKtech\AppData\Local\Programs\Python\Python312\Lib\site-packages\django\db\models\sql\where.py first seen with mtime 1717559443.9972672
File C:\Users\MARKtech\AppData\Local\Programs\Python\Python312\Lib\shutil.py first seen with mtime 1712674218.0
File C:\Users\MARKtech\AppData\Local\Programs\Python\Python312\Lib\shutil.py first seen with mtime 1712674218.0
File C:\Users\MARKtech\AppData\Local\Programs\Python\Python312\Lib\site-packages\django\utils\http.py first seen with mtime 1717559446.0056458
File C:\Users\MARKtech\AppData\Local\Programs\Python\Python312\Lib\site-packages\django\utils\http.py first seen with mtime 1717559446.0056458
File C:\Users\MARKtech\AppData\Local\Programs\Python\Python312\Lib\site-packages\django\db\models\options.py first seen with mtime 1717559443.8253806
File C:\Users\MARKtech\AppData\Local\Programs\Python\Python312\Lib\site-packages\django\db\models\options.py first seen with mtime 1717559443.8253806
File C:\Users\MARKtech\AppData\Local\Programs\Python\Python312\Lib\threading.py first seen with mtime 1712674218.0
File C:\Users\MARKtech\AppData\Local\Programs\Python\Python312\Lib\threading.py first seen with mtime 1712674218.0
File C:\Users\MARKtech\AppData\Local\Programs\Python\Python312\Lib\encodings\utf_8.py first seen with mtime 1712674218.0
File C:\Users\MARKtech\AppData\Local\Programs\Python\Python312\Lib\encodings\utf_8.py first seen with mtime 1712674218.0
File C:\Users\MARKtech\AppData\Local\Programs\Python\Python312\Lib\site-packages\django\contrib\sessions\middleware.py first seen with mtime 1717559439.0138035
File C:\Users\MARKtech\AppData\Local\Programs\Python\Python312\Lib\site-packages\django\contrib\sessions\middleware.py first seen with mtime 1717559439.0138035
File C:\Users\MARKtech\AppData\Local\Programs\Python\Python312\Lib\site-packages\asgiref\__init__.py first seen with mtime 1717559407.488507
File C:\Users\MARKtech\AppData\Local\Programs\Python\Python312\Lib\site-packages\asgiref\__init__.py first seen with mtime 1717559407.488507
File C:\Users\MARKtech\AppData\Local\Programs\Python\Python312\Lib\site-packages\django\contrib\admin\filters.py first seen with mtime 1717559413.196721
File C:\Users\MARKtech\AppData\Local\Programs\Python\Python312\Lib\site-packages\django\contrib\admin\filters.py first seen with mtime 1717559413.196721
File C:\Users\MARKtech\AppData\Local\Programs\Python\Python312\Lib\site-packages\django\db\models\functions\comparison.py first seen with mtime 1717559443.9191475
File C:\Users\MARKtech\AppData\Local\Programs\Python\Python312\Lib\site-packages\django\db\models\functions\comparison.py first seen with mtime 1717559443.9191475
File C:\Users\MARKtech\AppData\Local\Programs\Python\Python312\Lib\asyncio\base_subprocess.py first seen with mtime 1712674218.0
File C:\Users\MARKtech\AppData\Local\Programs\Python\Python312\Lib\asyncio\base_subprocess.py first seen with mtime 1712674218.0
File C:\Users\MARKtech\AppData\Local\Programs\Python\Python312\Lib\site-packages\django\template\smartif.py first seen with mtime 1717559445.269575
File C:\Users\MARKtech\AppData\Local\Programs\Python\Python312\Lib\site-packages\django\template\smartif.py first seen with mtime 1717559445.269575
File C:\Users\MARKtech\AppData\Local\Programs\Python\Python312\Lib\asyncio\windows_events.py first seen with mtime 1712674218.0
File C:\Users\MARKtech\AppData\Local\Programs\Python\Python312\Lib\asyncio\windows_events.py first seen with mtime 1712674218.0
File C:\Users\MARKtech\AppData\Local\Programs\Python\Python312\Lib\asyncio\selector_events.py first seen with mtime 1712674218.0
File C:\Users\MARKtech\AppData\Local\Programs\Python\Python312\Lib\asyncio\selector_events.py first seen with mtime 1712674218.0
File C:\Users\MARKtech\AppData\Local\Programs\Python\Python312\Lib\site-packages\django\conf\__init__.py first seen with mtime 1717559408.993359
File C:\Users\MARKtech\AppData\Local\Programs\Python\Python312\Lib\site-packages\django\conf\__init__.py first seen with mtime 1717559408.993359
File C:\Users\MARKtech\AppData\Local\Programs\Python\Python312\Lib\site-packages\colorama\ansi.py first seen with mtime 1716950678.788718
File C:\Users\MARKtech\AppData\Local\Programs\Python\Python312\Lib\site-packages\colorama\ansi.py first seen with mtime 1716950678.788718
File C:\Users\MARKtech\AppData\Local\Programs\Python\Python312\Lib\wsgiref\handlers.py first seen with mtime 1712674218.0
File C:\Users\MARKtech\AppData\Local\Programs\Python\Python312\Lib\wsgiref\handlers.py first seen with mtime 1712674218.0
File C:\Users\MARKtech\AppData\Local\Programs\Python\Python312\Lib\email\_header_value_parser.py first seen with mtime 1712674218.0
File C:\Users\MARKtech\AppData\Local\Programs\Python\Python312\Lib\email\_header_value_parser.py first seen with mtime 1712674218.0
File C:\Users\MARKtech\AppData\Local\Programs\Python\Python312\Lib\site-packages\django\utils\encoding.py first seen with mtime 1717559445.9431427
File C:\Users\MARKtech\AppData\Local\Programs\Python\Python312\Lib\site-packages\django\utils\encoding.py first seen with mtime 1717559445.9431427
File C:\Users\MARKtech\AppData\Local\Programs\Python\Python312\Lib\urllib\request.py first seen with mtime 1712674218.0
File C:\Users\MARKtech\AppData\Local\Programs\Python\Python312\Lib\urllib\request.py first seen with mtime 1712674218.0
File C:\Users\MARKtech\AppData\Local\Programs\Python\Python312\Lib\site-packages\django\contrib\admin\checks.py first seen with mtime 1717559413.1810825
File C:\Users\MARKtech\AppData\Local\Programs\Python\Python312\Lib\site-packages\django\contrib\admin\checks.py first seen with mtime 1717559413.1810825
File C:\Users\MARKtech\AppData\Local\Programs\Python\Python312\Lib\site-packages\django\db\models\functions\math.py first seen with mtime 1717559443.934756
File C:\Users\MARKtech\AppData\Local\Programs\Python\Python312\Lib\site-packages\django\db\models\functions\math.py first seen with mtime 1717559443.934756
File C:\Users\MARKtech\AppData\Local\Programs\Python\Python312\Lib\tokenize.py first seen with mtime 1712674218.0
File C:\Users\MARKtech\AppData\Local\Programs\Python\Python312\Lib\tokenize.py first seen with mtime 1712674218.0
File C:\Users\MARKtech\AppData\Local\Programs\Python\Python312\Lib\site-packages\django\utils\timezone.py first seen with mtime 1717559446.3666942
File C:\Users\MARKtech\AppData\Local\Programs\Python\Python312\Lib\site-packages\django\utils\timezone.py first seen with mtime 1717559446.3666942
File C:\Users\MARKtech\AppData\Local\Programs\Python\Python312\Lib\wsgiref\headers.py first seen with mtime 1712674218.0
File C:\Users\MARKtech\AppData\Local\Programs\Python\Python312\Lib\wsgiref\headers.py first seen with mtime 1712674218.0
File C:\Users\MARKtech\AppData\Local\Programs\Python\Python312\Lib\uuid.py first seen with mtime 1712674218.0
File C:\Users\MARKtech\AppData\Local\Programs\Python\Python312\Lib\uuid.py first seen with mtime 1712674218.0
File C:\Users\MARKtech\AppData\Local\Programs\Python\Python312\Lib\site-packages\django\db\migrations\utils.py first seen with mtime 1717559443.7003872
File C:\Users\MARKtech\AppData\Local\Programs\Python\Python312\Lib\site-packages\django\db\migrations\utils.py first seen with mtime 1717559443.7003872
File C:\Users\MARKtech\AppData\Local\Programs\Python\Python312\Lib\typing.py first seen with mtime 1712674218.0
File C:\Users\MARKtech\AppData\Local\Programs\Python\Python312\Lib\typing.py first seen with mtime 1712674218.0
File C:\Users\MARKtech\AppData\Local\Programs\Python\Python312\Lib\http\client.py first seen with mtime 1712674218.0
File C:\Users\MARKtech\AppData\Local\Programs\Python\Python312\Lib\http\client.py first seen with mtime 1712674218.0
File C:\Users\MARKtech\AppData\Local\Programs\Python\Python312\Lib\site-packages\django\templatetags\tz.py first seen with mtime 1717559445.4570775
File C:\Users\MARKtech\AppData\Local\Programs\Python\Python312\Lib\site-packages\django\templatetags\tz.py first seen with mtime 1717559445.4570775
File C:\Users\MARKtech\AppData\Local\Programs\Python\Python312\Lib\site-packages\colorama\ansitowin32.py first seen with mtime 1716950678.7957165
File C:\Users\MARKtech\AppData\Local\Programs\Python\Python312\Lib\site-packages\colorama\ansitowin32.py first seen with mtime 1716950678.7957165
File C:\Users\MARKtech\AppData\Local\Programs\Python\Python312\Lib\site-packages\django\core\handlers\base.py first seen with mtime 1717559442.8851998
File C:\Users\MARKtech\AppData\Local\Programs\Python\Python312\Lib\site-packages\django\core\handlers\base.py first seen with mtime 1717559442.8851998
File C:\Users\MARKtech\AppData\Local\Programs\Python\Python312\Lib\site-packages\django\contrib\__init__.py first seen with mtime 1717559413.1342309
File C:\Users\MARKtech\AppData\Local\Programs\Python\Python312\Lib\site-packages\django\contrib\__init__.py first seen with mtime 1717559413.1342309
File C:\Users\MARKtech\AppData\Local\Programs\Python\Python312\Lib\re\_compiler.py first seen with mtime 1712674218.0
File C:\Users\MARKtech\AppData\Local\Programs\Python\Python312\Lib\re\_compiler.py first seen with mtime 1712674218.0
File C:\Users\MARKtech\AppData\Local\Programs\Python\Python312\Lib\site-packages\django\core\checks\security\sessions.py first seen with mtime 1717559442.7758102
File C:\Users\MARKtech\AppData\Local\Programs\Python\Python312\Lib\site-packages\django\core\checks\security\sessions.py first seen with mtime 1717559442.7758102
File C:\Users\MARKtech\AppData\Local\Programs\Python\Python312\Lib\site-packages\django\contrib\sessions\backends\__init__.py first seen with mtime 1717559439.0450435
File C:\Users\MARKtech\AppData\Local\Programs\Python\Python312\Lib\site-packages\django\contrib\sessions\backends\__init__.py first seen with mtime 1717559439.0450435
File C:\Users\MARKtech\Desktop\django1\djangoapp\my_project\__init__.py first seen with mtime 1717559612.1295936
File C:\Users\MARKtech\Desktop\django1\djangoapp\my_project\__init__.py first seen with mtime 1717559612.1295936
File C:\Users\MARKtech\AppData\Local\Programs\Python\Python312\Lib\site-packages\django\utils\numberformat.py first seen with mtime 1717559446.2260652
File C:\Users\MARKtech\AppData\Local\Programs\Python\Python312\Lib\site-packages\django\utils\numberformat.py first seen with mtime 1717559446.2260652
File C:\Users\MARKtech\AppData\Local\Programs\Python\Python312\Lib\email\__init__.py first seen with mtime 1712674218.0
File C:\Users\MARKtech\AppData\Local\Programs\Python\Python312\Lib\email\__init__.py first seen with mtime 1712674218.0
File C:\Users\MARKtech\AppData\Local\Programs\Python\Python312\Lib\site-packages\django\template\base.py first seen with mtime 1717559445.1758318
File C:\Users\MARKtech\AppData\Local\Programs\Python\Python312\Lib\site-packages\django\template\base.py first seen with mtime 1717559445.1758318
File C:\Users\MARKtech\AppData\Local\Programs\Python\Python312\Lib\contextvars.py first seen with mtime 1712674218.0
File C:\Users\MARKtech\AppData\Local\Programs\Python\Python312\Lib\contextvars.py first seen with mtime 1712674218.0
File C:\Users\MARKtech\AppData\Local\Programs\Python\Python312\Lib\site-packages\django\core\cache\utils.py first seen with mtime 1717559442.6195683
File C:\Users\MARKtech\AppData\Local\Programs\Python\Python312\Lib\site-packages\django\core\cache\utils.py first seen with mtime 1717559442.6195683
File C:\Users\MARKtech\AppData\Local\Programs\Python\Python312\Lib\site-packages\django\core\handlers\wsgi.py first seen with mtime 1717559442.9008212
File C:\Users\MARKtech\AppData\Local\Programs\Python\Python312\Lib\site-packages\django\core\handlers\wsgi.py first seen with mtime 1717559442.9008212
File C:\Users\MARKtech\Desktop\django1\djangoapp\my_app\views.py first seen with mtime 1722951377.2263508
File C:\Users\MARKtech\Desktop\django1\djangoapp\my_app\views.py first seen with mtime 1722951377.2263508
File C:\Users\MARKtech\AppData\Local\Programs\Python\Python312\Lib\site-packages\django\db\models\functions\text.py first seen with mtime 1717559443.934756
File C:\Users\MARKtech\AppData\Local\Programs\Python\Python312\Lib\site-packages\django\db\models\functions\text.py first seen with mtime 1717559443.934756
File C:\Users\MARKtech\AppData\Local\Programs\Python\Python312\Lib\site-packages\django\utils\datastructures.py first seen with mtime 1717559445.7400148
File C:\Users\MARKtech\AppData\Local\Programs\Python\Python312\Lib\site-packages\django\utils\datastructures.py first seen with mtime 1717559445.7400148
File C:\Users\MARKtech\AppData\Local\Programs\Python\Python312\Lib\operator.py first seen with mtime 1712674218.0
File C:\Users\MARKtech\AppData\Local\Programs\Python\Python312\Lib\operator.py first seen with mtime 1712674218.0
File C:\Users\MARKtech\AppData\Local\Programs\Python\Python312\Lib\dataclasses.py first seen with mtime 1712674218.0
File C:\Users\MARKtech\AppData\Local\Programs\Python\Python312\Lib\dataclasses.py first seen with mtime 1712674218.0
File C:\Users\MARKtech\AppData\Local\Programs\Python\Python312\Lib\site-packages\django\shortcuts.py first seen with mtime 1717559408.962111
File C:\Users\MARKtech\AppData\Local\Programs\Python\Python312\Lib\site-packages\django\shortcuts.py first seen with mtime 1717559408.962111
File C:\Users\MARKtech\AppData\Local\Programs\Python\Python312\Lib\site-packages\django\core\__init__.py first seen with mtime 1717559442.541433
File C:\Users\MARKtech\AppData\Local\Programs\Python\Python312\Lib\site-packages\django\core\__init__.py first seen with mtime 1717559442.541433
File C:\Users\MARKtech\AppData\Local\Programs\Python\Python312\Lib\site-packages\sqlparse\__init__.py first seen with mtime 1717559404.197659
File C:\Users\MARKtech\AppData\Local\Programs\Python\Python312\Lib\site-packages\sqlparse\__init__.py first seen with mtime 1717559404.197659
File C:\Users\MARKtech\AppData\Local\Programs\Python\Python312\Lib\email\_policybase.py first seen with mtime 1712674218.0
File C:\Users\MARKtech\AppData\Local\Programs\Python\Python312\Lib\email\_policybase.py first seen with mtime 1712674218.0
File C:\Users\MARKtech\AppData\Local\Programs\Python\Python312\Lib\site-packages\django\views\decorators\__init__.py first seen with mtime 1717559446.5073252
File C:\Users\MARKtech\AppData\Local\Programs\Python\Python312\Lib\site-packages\django\views\decorators\__init__.py first seen with mtime 1717559446.5073252
File C:\Users\MARKtech\AppData\Local\Programs\Python\Python312\Lib\site-packages\django\views\static.py first seen with mtime 1717559446.5073252
File C:\Users\MARKtech\AppData\Local\Programs\Python\Python312\Lib\site-packages\django\views\static.py first seen with mtime 1717559446.5073252
File C:\Users\MARKtech\AppData\Local\Programs\Python\Python312\Lib\site-packages\django\core\management\commands\__init__.py first seen with mtime 1717559443.028344
File C:\Users\MARKtech\AppData\Local\Programs\Python\Python312\Lib\site-packages\django\core\management\commands\__init__.py first seen with mtime 1717559443.028344
File C:\Users\MARKtech\AppData\Local\Programs\Python\Python312\Lib\site-packages\django\utils\ipv6.py first seen with mtime 1717559446.0212638
File C:\Users\MARKtech\AppData\Local\Programs\Python\Python312\Lib\site-packages\django\utils\ipv6.py first seen with mtime 1717559446.0212638
File C:\Users\MARKtech\AppData\Local\Programs\Python\Python312\Lib\http\server.py first seen with mtime 1712674218.0
File C:\Users\MARKtech\AppData\Local\Programs\Python\Python312\Lib\http\server.py first seen with mtime 1712674218.0
File C:\Users\MARKtech\AppData\Local\Programs\Python\Python312\Lib\site-packages\django\utils\translation\trans_real.py first seen with mtime 1717559446.444809
File C:\Users\MARKtech\AppData\Local\Programs\Python\Python312\Lib\site-packages\django\utils\translation\trans_real.py first seen with mtime 1717559446.444809
File C:\Users\MARKtech\AppData\Local\Programs\Python\Python312\DLLs\_wmi.pyd first seen with mtime 1712674262.0
File C:\Users\MARKtech\AppData\Local\Programs\Python\Python312\DLLs\_wmi.pyd first seen with mtime 1712674262.0
File C:\Users\MARKtech\AppData\Local\Programs\Python\Python312\Lib\site-packages\django\utils\timesince.py first seen with mtime 1717559446.3666942
File C:\Users\MARKtech\AppData\Local\Programs\Python\Python312\Lib\site-packages\django\utils\timesince.py first seen with mtime 1717559446.3666942
File C:\Users\MARKtech\AppData\Local\Programs\Python\Python312\Lib\collections\__init__.py first seen with mtime 1712674218.0
File C:\Users\MARKtech\AppData\Local\Programs\Python\Python312\Lib\collections\__init__.py first seen with mtime 1712674218.0
File C:\Users\MARKtech\AppData\Local\Programs\Python\Python312\Lib\site-packages\django\db\models\aggregates.py first seen with mtime 1717559443.7472694
File C:\Users\MARKtech\AppData\Local\Programs\Python\Python312\Lib\site-packages\django\db\models\aggregates.py first seen with mtime 1717559443.7472694
File C:\Users\MARKtech\AppData\Local\Programs\Python\Python312\Lib\asyncio\transports.py first seen with mtime 1712674218.0
File C:\Users\MARKtech\AppData\Local\Programs\Python\Python312\Lib\asyncio\transports.py first seen with mtime 1712674218.0
File C:\Users\MARKtech\AppData\Local\Programs\Python\Python312\Lib\site-packages\django\core\checks\compatibility\__init__.py first seen with mtime 1717559442.744578
File C:\Users\MARKtech\AppData\Local\Programs\Python\Python312\Lib\site-packages\django\core\checks\compatibility\__init__.py first seen with mtime 1717559442.744578
File C:\Users\MARKtech\AppData\Local\Programs\Python\Python312\Lib\site-packages\django\utils\dates.py first seen with mtime 1717559445.911903
File C:\Users\MARKtech\AppData\Local\Programs\Python\Python312\Lib\site-packages\django\utils\dates.py first seen with mtime 1717559445.911903
File C:\Users\MARKtech\AppData\Local\Programs\Python\Python312\Lib\site-packages\django\core\cache\backends\__init__.py first seen with mtime 1717559442.6195683
File C:\Users\MARKtech\AppData\Local\Programs\Python\Python312\Lib\site-packages\django\core\cache\backends\__init__.py first seen with mtime 1717559442.6195683
File C:\Users\MARKtech\AppData\Local\Programs\Python\Python312\Lib\site-packages\django\core\checks\translation.py first seen with mtime 1717559442.7289417
File C:\Users\MARKtech\AppData\Local\Programs\Python\Python312\Lib\site-packages\django\core\checks\translation.py first seen with mtime 1717559442.7289417
File C:\Users\MARKtech\AppData\Local\Programs\Python\Python312\Lib\hashlib.py first seen with mtime 1712674218.0
File C:\Users\MARKtech\AppData\Local\Programs\Python\Python312\Lib\hashlib.py first seen with mtime 1712674218.0
File C:\Users\MARKtech\AppData\Local\Programs\Python\Python312\Lib\site-packages\django\template\context.py first seen with mtime 1717559445.1758318
File C:\Users\MARKtech\AppData\Local\Programs\Python\Python312\Lib\site-packages\django\template\context.py first seen with mtime 1717559445.1758318
File C:\Users\MARKtech\AppData\Local\Programs\Python\Python312\Lib\site-packages\django\views\decorators\http.py first seen with mtime 1717559446.5698366
File C:\Users\MARKtech\AppData\Local\Programs\Python\Python312\Lib\site-packages\django\views\decorators\http.py first seen with mtime 1717559446.5698366
File C:\Users\MARKtech\AppData\Local\Programs\Python\Python312\Lib\site-packages\sqlparse\engine\filter_stack.py first seen with mtime 1717559404.2862883
File C:\Users\MARKtech\AppData\Local\Programs\Python\Python312\Lib\site-packages\sqlparse\engine\filter_stack.py first seen with mtime 1717559404.2862883
File C:\Users\MARKtech\AppData\Local\Programs\Python\Python312\Lib\functools.py first seen with mtime 1712674218.0
File C:\Users\MARKtech\AppData\Local\Programs\Python\Python312\Lib\functools.py first seen with mtime 1712674218.0
File C:\Users\MARKtech\AppData\Local\Programs\Python\Python312\Lib\glob.py first seen with mtime 1712674218.0
File C:\Users\MARKtech\AppData\Local\Programs\Python\Python312\Lib\glob.py first seen with mtime 1712674218.0
File C:\Users\MARKtech\AppData\Local\Programs\Python\Python312\Lib\site-packages\sqlparse\engine\grouping.py first seen with mtime 1717559404.3019133
File C:\Users\MARKtech\AppData\Local\Programs\Python\Python312\Lib\site-packages\sqlparse\engine\grouping.py first seen with mtime 1717559404.3019133
File C:\Users\MARKtech\AppData\Local\Programs\Python\Python312\Lib\site-packages\django\core\serializers\python.py first seen with mtime 1717559443.2314663
File C:\Users\MARKtech\AppData\Local\Programs\Python\Python312\Lib\site-packages\django\core\serializers\python.py first seen with mtime 1717559443.2314663
File C:\Users\MARKtech\AppData\Local\Programs\Python\Python312\Lib\site-packages\django\core\files\__init__.py first seen with mtime 1717559442.7914426
File C:\Users\MARKtech\AppData\Local\Programs\Python\Python312\Lib\site-packages\django\core\files\__init__.py first seen with mtime 1717559442.7914426
File C:\Users\MARKtech\AppData\Local\Programs\Python\Python312\Lib\site-packages\django\core\signing.py first seen with mtime 1717559442.6039424
File C:\Users\MARKtech\AppData\Local\Programs\Python\Python312\Lib\site-packages\django\core\signing.py first seen with mtime 1717559442.6039424
File C:\Users\MARKtech\AppData\Local\Programs\Python\Python312\Lib\site-packages\django\core\paginator.py first seen with mtime 1717559442.5884178
File C:\Users\MARKtech\AppData\Local\Programs\Python\Python312\Lib\site-packages\django\core\paginator.py first seen with mtime 1717559442.5884178
File C:\Users\MARKtech\AppData\Local\Programs\Python\Python312\Lib\site-packages\django\forms\boundfield.py first seen with mtime 1717559444.0285244
File C:\Users\MARKtech\AppData\Local\Programs\Python\Python312\Lib\site-packages\django\forms\boundfield.py first seen with mtime 1717559444.0285244
File C:\Users\MARKtech\AppData\Local\Programs\Python\Python312\Lib\site-packages\django\contrib\auth\management\__init__.py first seen with mtime 1717559423.6390004
File C:\Users\MARKtech\AppData\Local\Programs\Python\Python312\Lib\site-packages\django\contrib\auth\management\__init__.py first seen with mtime 1717559423.6390004
File C:\Users\MARKtech\AppData\Local\Programs\Python\Python312\Lib\site-packages\django\core\exceptions.py first seen with mtime 1717559442.557068
File C:\Users\MARKtech\AppData\Local\Programs\Python\Python312\Lib\site-packages\django\core\exceptions.py first seen with mtime 1717559442.557068
File C:\Users\MARKtech\AppData\Local\Programs\Python\Python312\Lib\site-packages\django\core\files\temp.py first seen with mtime 1717559442.8226876
File C:\Users\MARKtech\AppData\Local\Programs\Python\Python312\Lib\site-packages\django\core\files\temp.py first seen with mtime 1717559442.8226876
File C:\Users\MARKtech\AppData\Local\Programs\Python\Python312\Lib\site-packages\django\utils\asyncio.py first seen with mtime 1717559445.6445718
File C:\Users\MARKtech\AppData\Local\Programs\Python\Python312\Lib\site-packages\django\utils\asyncio.py first seen with mtime 1717559445.6445718
File C:\Users\MARKtech\AppData\Local\Programs\Python\Python312\Lib\site-packages\django\conf\locale\__init__.py first seen with mtime 1717559409.0714984
File C:\Users\MARKtech\AppData\Local\Programs\Python\Python312\Lib\site-packages\django\conf\locale\__init__.py first seen with mtime 1717559409.0714984
File C:\Users\MARKtech\AppData\Local\Programs\Python\Python312\Lib\site-packages\django\core\cache\backends\filebased.py first seen with mtime 1717559442.6508381
File C:\Users\MARKtech\AppData\Local\Programs\Python\Python312\Lib\site-packages\django\core\cache\backends\filebased.py first seen with mtime 1717559442.6508381
File C:\Users\MARKtech\AppData\Local\Programs\Python\Python312\Lib\contextlib.py first seen with mtime 1712674218.0
File C:\Users\MARKtech\AppData\Local\Programs\Python\Python312\Lib\contextlib.py first seen with mtime 1712674218.0
File C:\Users\MARKtech\AppData\Local\Programs\Python\Python312\Lib\site-packages\django\views\decorators\csrf.py first seen with mtime 1717559446.5385635
File C:\Users\MARKtech\AppData\Local\Programs\Python\Python312\Lib\site-packages\django\views\decorators\csrf.py first seen with mtime 1717559446.5385635
File C:\Users\MARKtech\AppData\Local\Programs\Python\Python312\Lib\site-packages\django\utils\__init__.py first seen with mtime 1717559445.6133184
File C:\Users\MARKtech\AppData\Local\Programs\Python\Python312\Lib\site-packages\django\utils\__init__.py first seen with mtime 1717559445.6133184
File C:\Users\MARKtech\AppData\Local\Programs\Python\Python312\Lib\site-packages\django\db\__init__.py first seen with mtime 1717559443.262735
File C:\Users\MARKtech\AppData\Local\Programs\Python\Python312\Lib\site-packages\django\db\__init__.py first seen with mtime 1717559443.262735
File C:\Users\MARKtech\AppData\Local\Programs\Python\Python312\Lib\site-packages\django\core\files\storage\__init__.py first seen with mtime 1717559442.838323
File C:\Users\MARKtech\AppData\Local\Programs\Python\Python312\Lib\site-packages\django\core\files\storage\__init__.py first seen with mtime 1717559442.838323
File C:\Users\MARKtech\AppData\Local\Programs\Python\Python312\Lib\secrets.py first seen with mtime 1712674218.0
File C:\Users\MARKtech\AppData\Local\Programs\Python\Python312\Lib\secrets.py first seen with mtime 1712674218.0
File C:\Users\MARKtech\AppData\Local\Programs\Python\Python312\Lib\site-packages\django\utils\dateparse.py first seen with mtime 1717559445.7556365
File C:\Users\MARKtech\AppData\Local\Programs\Python\Python312\Lib\site-packages\django\utils\dateparse.py first seen with mtime 1717559445.7556365
File C:\Users\MARKtech\AppData\Local\Programs\Python\Python312\Lib\site-packages\django\db\models\fields\related_descriptors.py first seen with mtime 1717559443.8878822
File C:\Users\MARKtech\AppData\Local\Programs\Python\Python312\Lib\site-packages\django\db\models\fields\related_descriptors.py first seen with mtime 1717559443.8878822
File C:\Users\MARKtech\AppData\Local\Programs\Python\Python312\Lib\re\__init__.py first seen with mtime 1712674218.0
File C:\Users\MARKtech\AppData\Local\Programs\Python\Python312\Lib\re\__init__.py first seen with mtime 1712674218.0
File C:\Users\MARKtech\AppData\Local\Programs\Python\Python312\Lib\site-packages\sqlparse\lexer.py first seen with mtime 1717559404.2601461
File C:\Users\MARKtech\AppData\Local\Programs\Python\Python312\Lib\site-packages\sqlparse\lexer.py first seen with mtime 1717559404.2601461
File C:\Users\MARKtech\AppData\Local\Programs\Python\Python312\Lib\site-packages\django\template\defaulttags.py first seen with mtime 1717559445.2070818
File C:\Users\MARKtech\AppData\Local\Programs\Python\Python312\Lib\site-packages\django\template\defaulttags.py first seen with mtime 1717559445.2070818
File C:\Users\MARKtech\AppData\Local\Programs\Python\Python312\Lib\site-packages\django\db\models\utils.py first seen with mtime 1717559443.8410084
File C:\Users\MARKtech\AppData\Local\Programs\Python\Python312\Lib\site-packages\django\db\models\utils.py first seen with mtime 1717559443.8410084
File C:\Users\MARKtech\AppData\Local\Programs\Python\Python312\Lib\site-packages\django\contrib\auth\models.py first seen with mtime 1717559421.7548585
File C:\Users\MARKtech\AppData\Local\Programs\Python\Python312\Lib\site-packages\django\contrib\auth\models.py first seen with mtime 1717559421.7548585
File C:\Users\MARKtech\AppData\Local\Programs\Python\Python312\Lib\email\_encoded_words.py first seen with mtime 1712674218.0
File C:\Users\MARKtech\AppData\Local\Programs\Python\Python312\Lib\email\_encoded_words.py first seen with mtime 1712674218.0
File C:\Users\MARKtech\AppData\Local\Programs\Python\Python312\Lib\site-packages\django\conf\urls\static.py first seen with mtime 1717559413.1342309
File C:\Users\MARKtech\AppData\Local\Programs\Python\Python312\Lib\site-packages\django\conf\urls\static.py first seen with mtime 1717559413.1342309
File C:\Users\MARKtech\AppData\Local\Programs\Python\Python312\Lib\asyncio\windows_utils.py first seen with mtime 1712674218.0
File C:\Users\MARKtech\AppData\Local\Programs\Python\Python312\Lib\asyncio\windows_utils.py first seen with mtime 1712674218.0
File C:\Users\MARKtech\AppData\Local\Programs\Python\Python312\Lib\asyncio\__init__.py first seen with mtime 1712674218.0
File C:\Users\MARKtech\AppData\Local\Programs\Python\Python312\Lib\asyncio\__init__.py first seen with mtime 1712674218.0
File C:\Users\MARKtech\AppData\Local\Programs\Python\Python312\Lib\site-packages\django\contrib\auth\admin.py first seen with mtime 1717559421.6611066
File C:\Users\MARKtech\AppData\Local\Programs\Python\Python312\Lib\site-packages\django\contrib\auth\admin.py first seen with mtime 1717559421.6611066
File C:\Users\MARKtech\AppData\Local\Programs\Python\Python312\Lib\importlib\_abc.py first seen with mtime 1712674218.0
File C:\Users\MARKtech\AppData\Local\Programs\Python\Python312\Lib\importlib\_abc.py first seen with mtime 1712674218.0
File C:\Users\MARKtech\AppData\Local\Programs\Python\Python312\Lib\socketserver.py first seen with mtime 1712674218.0
File C:\Users\MARKtech\AppData\Local\Programs\Python\Python312\Lib\socketserver.py first seen with mtime 1712674218.0
File C:\Users\MARKtech\AppData\Local\Programs\Python\Python312\Lib\site-packages\django\utils\inspect.py first seen with mtime 1717559446.0056458
File C:\Users\MARKtech\AppData\Local\Programs\Python\Python312\Lib\site-packages\django\utils\inspect.py first seen with mtime 1717559446.0056458
File C:\Users\MARKtech\AppData\Local\Programs\Python\Python312\Lib\email\mime\__init__.py first seen with mtime 1712674218.0
File C:\Users\MARKtech\AppData\Local\Programs\Python\Python312\Lib\email\mime\__init__.py first seen with mtime 1712674218.0
File C:\Users\MARKtech\AppData\Local\Programs\Python\Python312\Lib\email\headerregistry.py first seen with mtime 1712674218.0
File C:\Users\MARKtech\AppData\Local\Programs\Python\Python312\Lib\email\headerregistry.py first seen with mtime 1712674218.0
File C:\Users\MARKtech\AppData\Local\Programs\Python\Python312\Lib\site-packages\django\core\files\move.py first seen with mtime 1717559442.807063
File C:\Users\MARKtech\AppData\Local\Programs\Python\Python312\Lib\site-packages\django\core\files\move.py first seen with mtime 1717559442.807063
File C:\Users\MARKtech\AppData\Local\Programs\Python\Python312\Lib\site-packages\MySQLdb\__init__.py first seen with mtime 1720572393.3149865
File C:\Users\MARKtech\AppData\Local\Programs\Python\Python312\Lib\site-packages\MySQLdb\__init__.py first seen with mtime 1720572393.3149865
File C:\Users\MARKtech\AppData\Local\Programs\Python\Python312\Lib\concurrent\futures\__init__.py first seen with mtime 1712674218.0
File C:\Users\MARKtech\AppData\Local\Programs\Python\Python312\Lib\concurrent\futures\__init__.py first seen with mtime 1712674218.0
File C:\Users\MARKtech\AppData\Local\Programs\Python\Python312\Lib\site-packages\sqlparse\tokens.py first seen with mtime 1717559404.275766
File C:\Users\MARKtech\AppData\Local\Programs\Python\Python312\Lib\site-packages\sqlparse\tokens.py first seen with mtime 1717559404.275766
File C:\Users\MARKtech\AppData\Local\Programs\Python\Python312\Lib\site-packages\django\core\checks\files.py first seen with mtime 1717559442.6976843
File C:\Users\MARKtech\AppData\Local\Programs\Python\Python312\Lib\site-packages\django\core\checks\files.py first seen with mtime 1717559442.6976843
File C:\Users\MARKtech\AppData\Local\Programs\Python\Python312\Lib\site-packages\django\contrib\admin\views\main.py first seen with mtime 1717559419.4048932
File C:\Users\MARKtech\AppData\Local\Programs\Python\Python312\Lib\site-packages\django\contrib\admin\views\main.py first seen with mtime 1717559419.4048932
File C:\Users\MARKtech\AppData\Local\Programs\Python\Python312\Lib\asyncio\timeouts.py first seen with mtime 1712674218.0
File C:\Users\MARKtech\AppData\Local\Programs\Python\Python312\Lib\asyncio\timeouts.py first seen with mtime 1712674218.0
File C:\Users\MARKtech\AppData\Local\Programs\Python\Python312\Lib\site-packages\django\contrib\sessions\models.py first seen with mtime 1717559439.0294101
File C:\Users\MARKtech\AppData\Local\Programs\Python\Python312\Lib\site-packages\django\contrib\sessions\models.py first seen with mtime 1717559439.0294101
File C:\Users\MARKtech\AppData\Local\Programs\Python\Python312\Lib\site-packages\django\contrib\admin\exceptions.py first seen with mtime 1717559413.196721
File C:\Users\MARKtech\AppData\Local\Programs\Python\Python312\Lib\site-packages\django\contrib\admin\exceptions.py first seen with mtime 1717559413.196721
File C:\Users\MARKtech\AppData\Local\Programs\Python\Python312\Lib\site-packages\django\views\decorators\common.py first seen with mtime 1717559446.5385635
File C:\Users\MARKtech\AppData\Local\Programs\Python\Python312\Lib\site-packages\django\views\decorators\common.py first seen with mtime 1717559446.5385635
File C:\Users\MARKtech\AppData\Local\Programs\Python\Python312\Lib\site-packages\sqlparse\formatter.py first seen with mtime 1717559404.2445195
File C:\Users\MARKtech\AppData\Local\Programs\Python\Python312\Lib\site-packages\sqlparse\formatter.py first seen with mtime 1717559404.2445195
File C:\Users\MARKtech\AppData\Local\Programs\Python\Python312\Lib\site-packages\django\http\request.py first seen with mtime 1717559445.0382962
File C:\Users\MARKtech\AppData\Local\Programs\Python\Python312\Lib\site-packages\django\http\request.py first seen with mtime 1717559445.0382962
File C:\Users\MARKtech\AppData\Local\Programs\Python\Python312\Lib\site-packages\django\contrib\admin\templatetags\admin_list.py first seen with mtime 1717559419.342414
File C:\Users\MARKtech\AppData\Local\Programs\Python\Python312\Lib\site-packages\django\contrib\admin\templatetags\admin_list.py first seen with mtime 1717559419.342414
File C:\Users\MARKtech\AppData\Local\Programs\Python\Python312\Lib\site-packages\django\db\backends\base\schema.py first seen with mtime 1717559443.3564713
File C:\Users\MARKtech\AppData\Local\Programs\Python\Python312\Lib\site-packages\django\db\backends\base\schema.py first seen with mtime 1717559443.3564713
File C:\Users\MARKtech\AppData\Local\Programs\Python\Python312\Lib\heapq.py first seen with mtime 1712674218.0
File C:\Users\MARKtech\AppData\Local\Programs\Python\Python312\Lib\heapq.py first seen with mtime 1712674218.0
File C:\Users\MARKtech\AppData\Local\Programs\Python\Python312\Lib\site-packages\django\contrib\admin\__init__.py first seen with mtime 1717559413.1498327
File C:\Users\MARKtech\AppData\Local\Programs\Python\Python312\Lib\site-packages\django\contrib\admin\__init__.py first seen with mtime 1717559413.1498327
File C:\Users\MARKtech\AppData\Local\Programs\Python\Python312\Lib\site-packages\django\db\models\lookups.py first seen with mtime 1717559443.809761
File C:\Users\MARKtech\AppData\Local\Programs\Python\Python312\Lib\site-packages\django\db\models\lookups.py first seen with mtime 1717559443.809761
File C:\Users\MARKtech\AppData\Local\Programs\Python\Python312\Lib\site-packages\django\utils\_os.py first seen with mtime 1717559445.6289515
File C:\Users\MARKtech\AppData\Local\Programs\Python\Python312\Lib\site-packages\django\utils\_os.py first seen with mtime 1717559445.6289515
File C:\Users\MARKtech\AppData\Local\Programs\Python\Python312\Lib\site-packages\django\db\backends\base\base.py first seen with mtime 1717559443.3252099
File C:\Users\MARKtech\AppData\Local\Programs\Python\Python312\Lib\site-packages\django\db\backends\base\base.py first seen with mtime 1717559443.3252099
File C:\Users\MARKtech\AppData\Local\Programs\Python\Python312\DLLs\_socket.pyd first seen with mtime 1712674262.0
File C:\Users\MARKtech\AppData\Local\Programs\Python\Python312\DLLs\_socket.pyd first seen with mtime 1712674262.0
File C:\Users\MARKtech\AppData\Local\Programs\Python\Python312\Lib\site-packages\django\core\files\storage\base.py first seen with mtime 1717559442.85395
File C:\Users\MARKtech\AppData\Local\Programs\Python\Python312\Lib\site-packages\django\core\files\storage\base.py first seen with mtime 1717559442.85395
File C:\Users\MARKtech\AppData\Local\Programs\Python\Python312\Lib\urllib\response.py first seen with mtime 1712674218.0
File C:\Users\MARKtech\AppData\Local\Programs\Python\Python312\Lib\urllib\response.py first seen with mtime 1712674218.0
File C:\Users\MARKtech\AppData\Local\Programs\Python\Python312\Lib\site-packages\django\db\models\__init__.py first seen with mtime 1717559443.7472694
File C:\Users\MARKtech\AppData\Local\Programs\Python\Python312\Lib\site-packages\django\db\models\__init__.py first seen with mtime 1717559443.7472694
File C:\Users\MARKtech\AppData\Local\Programs\Python\Python312\DLLs\_asyncio.pyd first seen with mtime 1712674262.0
File C:\Users\MARKtech\AppData\Local\Programs\Python\Python312\DLLs\_asyncio.pyd first seen with mtime 1712674262.0
File C:\Users\MARKtech\AppData\Local\Programs\Python\Python312\Lib\site-packages\django\contrib\staticfiles\management\commands\__init__.py first seen with mtime 1717559442.5101793
File C:\Users\MARKtech\AppData\Local\Programs\Python\Python312\Lib\site-packages\django\contrib\staticfiles\management\commands\__init__.py first seen with mtime 1717559442.5101793
File C:\Users\MARKtech\AppData\Local\Programs\Python\Python312\Lib\site-packages\sqlparse\filters\reindent.py first seen with mtime 1717559404.3551812
File C:\Users\MARKtech\AppData\Local\Programs\Python\Python312\Lib\site-packages\sqlparse\filters\reindent.py first seen with mtime 1717559404.3551812
File C:\Users\MARKtech\AppData\Local\Programs\Python\Python312\Lib\site-packages\django\db\transaction.py first seen with mtime 1717559443.2783782
File C:\Users\MARKtech\AppData\Local\Programs\Python\Python312\Lib\site-packages\django\db\transaction.py first seen with mtime 1717559443.2783782
File C:\Users\MARKtech\AppData\Local\Programs\Python\Python312\Lib\site-packages\django\utils\translation\__init__.py first seen with mtime 1717559446.413566
File C:\Users\MARKtech\AppData\Local\Programs\Python\Python312\Lib\site-packages\django\utils\translation\__init__.py first seen with mtime 1717559446.413566
File C:\Users\MARKtech\AppData\Local\Programs\Python\Python312\Lib\site-packages\django\db\models\sql\datastructures.py first seen with mtime 1717559443.9660232
File C:\Users\MARKtech\AppData\Local\Programs\Python\Python312\Lib\site-packages\django\db\models\sql\datastructures.py first seen with mtime 1717559443.9660232
File C:\Users\MARKtech\AppData\Local\Programs\Python\Python312\Lib\site-packages\django\db\backends\utils.py first seen with mtime 1717559443.3095856
File C:\Users\MARKtech\AppData\Local\Programs\Python\Python312\Lib\site-packages\django\db\backends\utils.py first seen with mtime 1717559443.3095856
File C:\Users\MARKtech\AppData\Local\Programs\Python\Python312\Lib\site-packages\django\core\files\locks.py first seen with mtime 1717559442.807063
File C:\Users\MARKtech\AppData\Local\Programs\Python\Python312\Lib\site-packages\django\core\files\locks.py first seen with mtime 1717559442.807063
File C:\Users\MARKtech\AppData\Local\Programs\Python\Python312\Lib\datetime.py first seen with mtime 1712674218.0
File C:\Users\MARKtech\AppData\Local\Programs\Python\Python312\Lib\datetime.py first seen with mtime 1712674218.0
File C:\Users\MARKtech\AppData\Local\Programs\Python\Python312\Lib\copy.py first seen with mtime 1712674218.0
File C:\Users\MARKtech\AppData\Local\Programs\Python\Python312\Lib\copy.py first seen with mtime 1712674218.0
File C:\Users\MARKtech\AppData\Local\Programs\Python\Python312\Lib\asyncio\taskgroups.py first seen with mtime 1712674218.0
File C:\Users\MARKtech\AppData\Local\Programs\Python\Python312\Lib\asyncio\taskgroups.py first seen with mtime 1712674218.0
File C:\Users\MARKtech\AppData\Local\Programs\Python\Python312\Lib\site-packages\django\core\checks\security\base.py first seen with mtime 1717559442.760224
File C:\Users\MARKtech\AppData\Local\Programs\Python\Python312\Lib\site-packages\django\core\checks\security\base.py first seen with mtime 1717559442.760224
File C:\Users\MARKtech\AppData\Local\Programs\Python\Python312\Lib\selectors.py first seen with mtime 1712674218.0
File C:\Users\MARKtech\AppData\Local\Programs\Python\Python312\Lib\selectors.py first seen with mtime 1712674218.0
File C:\Users\MARKtech\AppData\Local\Programs\Python\Python312\Lib\zoneinfo\_common.py first seen with mtime 1712674218.0
File C:\Users\MARKtech\AppData\Local\Programs\Python\Python312\Lib\zoneinfo\_common.py first seen with mtime 1712674218.0
File C:\Users\MARKtech\AppData\Local\Programs\Python\Python312\Lib\site-packages\django\http\cookie.py first seen with mtime 1717559445.0226762
File C:\Users\MARKtech\AppData\Local\Programs\Python\Python312\Lib\site-packages\django\http\cookie.py first seen with mtime 1717559445.0226762
File C:\Users\MARKtech\AppData\Local\Programs\Python\Python312\DLLs\_uuid.pyd first seen with mtime 1712674262.0
File C:\Users\MARKtech\AppData\Local\Programs\Python\Python312\DLLs\_uuid.pyd first seen with mtime 1712674262.0
File C:\Users\MARKtech\AppData\Local\Programs\Python\Python312\Lib\site-packages\django\utils\log.py first seen with mtime 1717559446.2104435
File C:\Users\MARKtech\AppData\Local\Programs\Python\Python312\Lib\site-packages\django\utils\log.py first seen with mtime 1717559446.2104435
File C:\Users\MARKtech\AppData\Local\Programs\Python\Python312\Lib\string.py first seen with mtime 1712674218.0
File C:\Users\MARKtech\AppData\Local\Programs\Python\Python312\Lib\string.py first seen with mtime 1712674218.0
File C:\Users\MARKtech\AppData\Local\Programs\Python\Python312\Lib\site-packages\django\db\models\sql\constants.py first seen with mtime 1717559443.9660232
File C:\Users\MARKtech\AppData\Local\Programs\Python\Python312\Lib\site-packages\django\db\models\sql\constants.py first seen with mtime 1717559443.9660232
File C:\Users\MARKtech\AppData\Local\Programs\Python\Python312\Lib\html\parser.py first seen with mtime 1712674218.0
File C:\Users\MARKtech\AppData\Local\Programs\Python\Python312\Lib\html\parser.py first seen with mtime 1712674218.0
File C:\Users\MARKtech\AppData\Local\Programs\Python\Python312\DLLs\_ctypes.pyd first seen with mtime 1712674262.0
File C:\Users\MARKtech\AppData\Local\Programs\Python\Python312\DLLs\_ctypes.pyd first seen with mtime 1712674262.0
File C:\Users\MARKtech\AppData\Local\Programs\Python\Python312\Lib\site-packages\django\urls\conf.py first seen with mtime 1717559445.566472
File C:\Users\MARKtech\AppData\Local\Programs\Python\Python312\Lib\site-packages\django\urls\conf.py first seen with mtime 1717559445.566472
File C:\Users\MARKtech\AppData\Local\Programs\Python\Python312\Lib\site-packages\django\utils\functional.py first seen with mtime 1717559445.9743893
File C:\Users\MARKtech\AppData\Local\Programs\Python\Python312\Lib\site-packages\django\utils\functional.py first seen with mtime 1717559445.9743893
File C:\Users\MARKtech\AppData\Local\Programs\Python\Python312\Lib\site-packages\sqlparse\engine\statement_splitter.py first seen with mtime 1717559404.3019133
File C:\Users\MARKtech\AppData\Local\Programs\Python\Python312\Lib\site-packages\sqlparse\engine\statement_splitter.py first seen with mtime 1717559404.3019133
File C:\Users\MARKtech\AppData\Local\Programs\Python\Python312\Lib\site-packages\sqlparse\filters\tokens.py first seen with mtime 1717559404.3707829
File C:\Users\MARKtech\AppData\Local\Programs\Python\Python312\Lib\site-packages\sqlparse\filters\tokens.py first seen with mtime 1717559404.3707829
File C:\Users\MARKtech\Desktop\django1\djangoapp\my_app\forms.py first seen with mtime 1722591363.8735147
File C:\Users\MARKtech\Desktop\django1\djangoapp\my_app\forms.py first seen with mtime 1722591363.8735147
File C:\Users\MARKtech\AppData\Local\Programs\Python\Python312\Lib\site-packages\django\db\models\fields\reverse_related.py first seen with mtime 1717559443.9035318
File C:\Users\MARKtech\AppData\Local\Programs\Python\Python312\Lib\site-packages\django\db\models\fields\reverse_related.py first seen with mtime 1717559443.9035318
File C:\Users\MARKtech\AppData\Local\Programs\Python\Python312\Lib\site-packages\django\db\backends\__init__.py first seen with mtime 1717559443.2939568
File C:\Users\MARKtech\AppData\Local\Programs\Python\Python312\Lib\site-packages\django\db\backends\__init__.py first seen with mtime 1717559443.2939568
File C:\Users\MARKtech\AppData\Local\Programs\Python\Python312\Lib\site-packages\django\core\checks\security\csrf.py first seen with mtime 1717559442.7758102
File C:\Users\MARKtech\AppData\Local\Programs\Python\Python312\Lib\site-packages\django\core\checks\security\csrf.py first seen with mtime 1717559442.7758102
File C:\Users\MARKtech\AppData\Local\Programs\Python\Python312\Lib\site-packages\django\template\loaders\cached.py first seen with mtime 1717559445.378946
File C:\Users\MARKtech\AppData\Local\Programs\Python\Python312\Lib\site-packages\django\template\loaders\cached.py first seen with mtime 1717559445.378946
File C:\Users\MARKtech\AppData\Local\Programs\Python\Python312\Lib\site-packages\django\contrib\sessions\base_session.py first seen with mtime 1717559438.9982069
File C:\Users\MARKtech\AppData\Local\Programs\Python\Python312\Lib\site-packages\django\contrib\sessions\base_session.py first seen with mtime 1717559438.9982069
File C:\Users\MARKtech\AppData\Local\Programs\Python\Python312\Lib\site-packages\django\utils\text.py first seen with mtime 1717559446.3511038
File C:\Users\MARKtech\AppData\Local\Programs\Python\Python312\Lib\site-packages\django\utils\text.py first seen with mtime 1717559446.3511038
File C:\Users\MARKtech\AppData\Local\Programs\Python\Python312\Lib\pickle.py first seen with mtime 1712674218.0
File C:\Users\MARKtech\AppData\Local\Programs\Python\Python312\Lib\pickle.py first seen with mtime 1712674218.0
File C:\Users\MARKtech\AppData\Local\Programs\Python\Python312\Lib\site-packages\django\db\backends\ddl_references.py first seen with mtime 1717559443.2939568
File C:\Users\MARKtech\AppData\Local\Programs\Python\Python312\Lib\site-packages\django\db\backends\ddl_references.py first seen with mtime 1717559443.2939568
File C:\Users\MARKtech\AppData\Local\Programs\Python\Python312\Lib\subprocess.py first seen with mtime 1712674218.0
File C:\Users\MARKtech\AppData\Local\Programs\Python\Python312\Lib\subprocess.py first seen with mtime 1712674218.0
File C:\Users\MARKtech\AppData\Local\Programs\Python\Python312\Lib\site-packages\django\utils\connection.py first seen with mtime 1717559445.7243843
File C:\Users\MARKtech\AppData\Local\Programs\Python\Python312\Lib\site-packages\django\utils\connection.py first seen with mtime 1717559445.7243843
File C:\Users\MARKtech\AppData\Local\Programs\Python\Python312\Lib\site-packages\django\utils\deconstruct.py first seen with mtime 1717559445.911903
File C:\Users\MARKtech\AppData\Local\Programs\Python\Python312\Lib\site-packages\django\utils\deconstruct.py first seen with mtime 1717559445.911903
File C:\Users\MARKtech\AppData\Local\Programs\Python\Python312\Lib\socket.py first seen with mtime 1712674218.0
File C:\Users\MARKtech\AppData\Local\Programs\Python\Python312\Lib\socket.py first seen with mtime 1712674218.0
File C:\Users\MARKtech\AppData\Local\Programs\Python\Python312\Lib\site-packages\django\utils\safestring.py first seen with mtime 1717559446.2417057
File C:\Users\MARKtech\AppData\Local\Programs\Python\Python312\Lib\site-packages\django\utils\safestring.py first seen with mtime 1717559446.2417057
File C:\Users\MARKtech\AppData\Local\Programs\Python\Python312\DLLs\_bz2.pyd first seen with mtime 1712674262.0
File C:\Users\MARKtech\AppData\Local\Programs\Python\Python312\DLLs\_bz2.pyd first seen with mtime 1712674262.0
File C:\Users\MARKtech\AppData\Local\Programs\Python\Python312\DLLs\_hashlib.pyd first seen with mtime 1712674262.0
File C:\Users\MARKtech\AppData\Local\Programs\Python\Python312\DLLs\_hashlib.pyd first seen with mtime 1712674262.0
File C:\Users\MARKtech\AppData\Local\Programs\Python\Python312\Lib\site-packages\django\contrib\admin\utils.py first seen with mtime 1717559413.2592037
File C:\Users\MARKtech\AppData\Local\Programs\Python\Python312\Lib\site-packages\django\contrib\admin\utils.py first seen with mtime 1717559413.2592037
File C:\Users\MARKtech\AppData\Local\Programs\Python\Python312\Lib\nturl2path.py first seen with mtime 1712674218.0
File C:\Users\MARKtech\AppData\Local\Programs\Python\Python312\Lib\nturl2path.py first seen with mtime 1712674218.0
File C:\Users\MARKtech\AppData\Local\Programs\Python\Python312\Lib\site-packages\django\db\models\constraints.py first seen with mtime 1717559443.7628896
File C:\Users\MARKtech\AppData\Local\Programs\Python\Python312\Lib\site-packages\django\db\models\constraints.py first seen with mtime 1717559443.7628896
File C:\Users\MARKtech\AppData\Local\Programs\Python\Python312\Lib\site-packages\django\forms\utils.py first seen with mtime 1717559444.0597532
File C:\Users\MARKtech\AppData\Local\Programs\Python\Python312\Lib\site-packages\django\forms\utils.py first seen with mtime 1717559444.0597532
File C:\Users\MARKtech\AppData\Local\Programs\Python\Python312\Lib\site-packages\django\db\models\fields\json.py first seen with mtime 1717559443.872257
File C:\Users\MARKtech\AppData\Local\Programs\Python\Python312\Lib\site-packages\django\db\models\fields\json.py first seen with mtime 1717559443.872257
File C:\Users\MARKtech\AppData\Local\Programs\Python\Python312\Lib\site-packages\django\template\defaultfilters.py first seen with mtime 1717559445.1914506
File C:\Users\MARKtech\AppData\Local\Programs\Python\Python312\Lib\site-packages\django\template\defaultfilters.py first seen with mtime 1717559445.1914506
File C:\Users\MARKtech\AppData\Local\Programs\Python\Python312\Lib\signal.py first seen with mtime 1712674218.0
File C:\Users\MARKtech\AppData\Local\Programs\Python\Python312\Lib\signal.py first seen with mtime 1712674218.0
File C:\Users\MARKtech\AppData\Local\Programs\Python\Python312\Lib\site-packages\sqlparse\utils.py first seen with mtime 1717559404.275766
File C:\Users\MARKtech\AppData\Local\Programs\Python\Python312\Lib\site-packages\sqlparse\utils.py first seen with mtime 1717559404.275766
File C:\Users\MARKtech\AppData\Local\Programs\Python\Python312\Lib\site-packages\django\template\loaders\base.py first seen with mtime 1717559445.378946
File C:\Users\MARKtech\AppData\Local\Programs\Python\Python312\Lib\site-packages\django\template\loaders\base.py first seen with mtime 1717559445.378946
File C:\Users\MARKtech\AppData\Local\Programs\Python\Python312\Lib\site-packages\django\template\backends\django.py first seen with mtime 1717559445.3008256
File C:\Users\MARKtech\AppData\Local\Programs\Python\Python312\Lib\site-packages\django\template\backends\django.py first seen with mtime 1717559445.3008256
File C:\Users\MARKtech\AppData\Local\Programs\Python\Python312\Lib\site-packages\django\core\mail\__init__.py first seen with mtime 1717559442.9164326
File C:\Users\MARKtech\AppData\Local\Programs\Python\Python312\Lib\site-packages\django\core\mail\__init__.py first seen with mtime 1717559442.9164326
File C:\Users\MARKtech\AppData\Local\Programs\Python\Python312\Lib\site-packages\django\db\migrations\state.py first seen with mtime 1717559443.7003872
File C:\Users\MARKtech\AppData\Local\Programs\Python\Python312\Lib\site-packages\django\db\migrations\state.py first seen with mtime 1717559443.7003872
File C:\Users\MARKtech\AppData\Local\Programs\Python\Python312\Lib\site-packages\django\core\serializers\__init__.py first seen with mtime 1717559443.200222
File C:\Users\MARKtech\AppData\Local\Programs\Python\Python312\Lib\site-packages\django\core\serializers\__init__.py first seen with mtime 1717559443.200222
File C:\Users\MARKtech\AppData\Local\Programs\Python\Python312\Lib\site-packages\django\template\loaders\filesystem.py first seen with mtime 1717559445.3945768
File C:\Users\MARKtech\AppData\Local\Programs\Python\Python312\Lib\site-packages\django\template\loaders\filesystem.py first seen with mtime 1717559445.3945768
File C:\Users\MARKtech\AppData\Local\Programs\Python\Python312\Lib\asyncio\mixins.py first seen with mtime 1712674218.0
File C:\Users\MARKtech\AppData\Local\Programs\Python\Python312\Lib\asyncio\mixins.py first seen with mtime 1712674218.0
File C:\Users\MARKtech\AppData\Local\Programs\Python\Python312\Lib\site-packages\django\db\backends\base\creation.py first seen with mtime 1717559443.3252099
File C:\Users\MARKtech\AppData\Local\Programs\Python\Python312\Lib\site-packages\django\db\backends\base\creation.py first seen with mtime 1717559443.3252099
File C:\Users\MARKtech\AppData\Local\Programs\Python\Python312\Lib\email\quoprimime.py first seen with mtime 1712674218.0
File C:\Users\MARKtech\AppData\Local\Programs\Python\Python312\Lib\email\quoprimime.py first seen with mtime 1712674218.0
File C:\Users\MARKtech\AppData\Local\Programs\Python\Python312\Lib\locale.py first seen with mtime 1712674218.0
File C:\Users\MARKtech\AppData\Local\Programs\Python\Python312\Lib\locale.py first seen with mtime 1712674218.0
File C:\Users\MARKtech\AppData\Local\Programs\Python\Python312\Lib\asyncio\tasks.py first seen with mtime 1712674218.0
File C:\Users\MARKtech\AppData\Local\Programs\Python\Python312\Lib\asyncio\tasks.py first seen with mtime 1712674218.0
File C:\Users\MARKtech\AppData\Local\Programs\Python\Python312\Lib\re\_constants.py first seen with mtime 1712674218.0
File C:\Users\MARKtech\AppData\Local\Programs\Python\Python312\Lib\re\_constants.py first seen with mtime 1712674218.0
File C:\Users\MARKtech\AppData\Local\Programs\Python\Python312\Lib\site-packages\django\contrib\admin\templatetags\__init__.py first seen with mtime 1717559419.342414
File C:\Users\MARKtech\AppData\Local\Programs\Python\Python312\Lib\site-packages\django\contrib\admin\templatetags\__init__.py first seen with mtime 1717559419.342414
File C:\Users\MARKtech\AppData\Local\Programs\Python\Python312\Lib\asyncio\queues.py first seen with mtime 1712674218.0
File C:\Users\MARKtech\AppData\Local\Programs\Python\Python312\Lib\asyncio\queues.py first seen with mtime 1712674218.0
File C:\Users\MARKtech\AppData\Local\Programs\Python\Python312\Lib\site-packages\django\utils\lorem_ipsum.py first seen with mtime 1717559446.2104435
File C:\Users\MARKtech\AppData\Local\Programs\Python\Python312\Lib\site-packages\django\utils\lorem_ipsum.py first seen with mtime 1717559446.2104435
File C:\Users\MARKtech\AppData\Local\Programs\Python\Python312\Lib\site-packages\sqlparse\filters\right_margin.py first seen with mtime 1717559404.3707829
File C:\Users\MARKtech\AppData\Local\Programs\Python\Python312\Lib\site-packages\sqlparse\filters\right_margin.py first seen with mtime 1717559404.3707829
File C:\Users\MARKtech\AppData\Local\Programs\Python\Python312\Lib\pkgutil.py first seen with mtime 1712674218.0
File C:\Users\MARKtech\AppData\Local\Programs\Python\Python312\Lib\pkgutil.py first seen with mtime 1712674218.0
File C:\Users\MARKtech\AppData\Local\Programs\Python\Python312\Lib\site-packages\django\views\generic\edit.py first seen with mtime 1717559446.6166992
File C:\Users\MARKtech\AppData\Local\Programs\Python\Python312\Lib\site-packages\django\views\generic\edit.py first seen with mtime 1717559446.6166992
File C:\Users\MARKtech\AppData\Local\Programs\Python\Python312\Lib\site-packages\django\core\files\utils.py first seen with mtime 1717559442.838323
File C:\Users\MARKtech\AppData\Local\Programs\Python\Python312\Lib\site-packages\django\core\files\utils.py first seen with mtime 1717559442.838323
File C:\Users\MARKtech\AppData\Local\Programs\Python\Python312\Lib\site-packages\django\utils\duration.py first seen with mtime 1717559445.9431427
File C:\Users\MARKtech\AppData\Local\Programs\Python\Python312\Lib\site-packages\django\utils\duration.py first seen with mtime 1717559445.9431427
File C:\Users\MARKtech\AppData\Local\Programs\Python\Python312\Lib\site-packages\django\template\loaders\app_directories.py first seen with mtime 1717559445.3320777
File C:\Users\MARKtech\AppData\Local\Programs\Python\Python312\Lib\site-packages\django\template\loaders\app_directories.py first seen with mtime 1717559445.3320777
File C:\Users\MARKtech\AppData\Local\Programs\Python\Python312\Lib\platform.py first seen with mtime 1712674218.0
File C:\Users\MARKtech\AppData\Local\Programs\Python\Python312\Lib\platform.py first seen with mtime 1712674218.0
File C:\Users\MARKtech\Desktop\django1\djangoapp\my_app\templates\index.html first seen with mtime 1722585943.1797862
File C:\Users\MARKtech\Desktop\django1\djangoapp\my_app\templates\index.html first seen with mtime 1722585943.1797862
File C:\Users\MARKtech\Desktop\django1\djangoapp\my_app\templates\show_schools.html first seen with mtime 1722025068.032542
File C:\Users\MARKtech\Desktop\django1\djangoapp\my_app\templates\show_schools.html first seen with mtime 1722025068.032542
File C:\Users\MARKtech\Desktop\django1\djangoapp\my_app\templates\try.html first seen with mtime 1722934225.1949027
File C:\Users\MARKtech\Desktop\django1\djangoapp\my_app\templates\try.html first seen with mtime 1722934225.1949027
File C:\Users\MARKtech\Desktop\django1\djangoapp\my_app\templates\user_page.html first seen with mtime 1722934583.0754774
File C:\Users\MARKtech\Desktop\django1\djangoapp\my_app\templates\user_page.html first seen with mtime 1722934583.0754774
File C:\Users\MARKtech\AppData\Local\Programs\Python\Python312\Lib\site-packages\django\contrib\messages\middleware.py first seen with mtime 1717559434.890782
File C:\Users\MARKtech\AppData\Local\Programs\Python\Python312\Lib\site-packages\django\contrib\messages\middleware.py first seen with mtime 1717559434.890782
File C:\Users\MARKtech\AppData\Local\Programs\Python\Python312\Lib\site-packages\django\middleware\clickjacking.py first seen with mtime 1717559445.0695603
File C:\Users\MARKtech\AppData\Local\Programs\Python\Python312\Lib\site-packages\django\middleware\clickjacking.py first seen with mtime 1717559445.0695603
File C:\Users\MARKtech\AppData\Local\Programs\Python\Python312\Lib\site-packages\django\contrib\sessions\backends\base.py first seen with mtime 1717559439.0450435
File C:\Users\MARKtech\AppData\Local\Programs\Python\Python312\Lib\site-packages\django\contrib\sessions\backends\base.py first seen with mtime 1717559439.0450435
File C:\Users\MARKtech\AppData\Local\Programs\Python\Python312\Lib\site-packages\django\contrib\admin\migrations\0002_logentry_remove_auto_add.py first seen with mtime 1717559417.7730713
File C:\Users\MARKtech\AppData\Local\Programs\Python\Python312\Lib\site-packages\django\contrib\admin\migrations\0002_logentry_remove_auto_add.py first seen with mtime 1717559417.7730713
File C:\Users\MARKtech\AppData\Local\Programs\Python\Python312\Lib\site-packages\django\db\models\sql\compiler.py first seen with mtime 1717559443.9660232
File C:\Users\MARKtech\AppData\Local\Programs\Python\Python312\Lib\site-packages\django\db\models\sql\compiler.py first seen with mtime 1717559443.9660232
File C:\Users\MARKtech\AppData\Local\Programs\Python\Python312\Lib\site-packages\django\contrib\sessions\migrations\0001_initial.py first seen with mtime 1717559440.534085
File C:\Users\MARKtech\AppData\Local\Programs\Python\Python312\Lib\site-packages\django\contrib\sessions\migrations\0001_initial.py first seen with mtime 1717559440.534085
File C:\Users\MARKtech\AppData\Local\Programs\Python\Python312\Lib\site-packages\django\contrib\sessions\exceptions.py first seen with mtime 1717559439.0138035
File C:\Users\MARKtech\AppData\Local\Programs\Python\Python312\Lib\site-packages\django\contrib\sessions\exceptions.py first seen with mtime 1717559439.0138035
File C:\Users\MARKtech\AppData\Local\Programs\Python\Python312\Lib\site-packages\django\contrib\auth\migrations\0005_alter_user_last_login_null.py first seen with mtime 1717559423.68586
File C:\Users\MARKtech\AppData\Local\Programs\Python\Python312\Lib\site-packages\django\contrib\auth\migrations\0005_alter_user_last_login_null.py first seen with mtime 1717559423.68586
File C:\Users\MARKtech\AppData\Local\Programs\Python\Python312\Lib\site-packages\MySQLdb\connections.py first seen with mtime 1720572393.3790674
File C:\Users\MARKtech\AppData\Local\Programs\Python\Python312\Lib\site-packages\MySQLdb\connections.py first seen with mtime 1720572393.3790674
File C:\Users\MARKtech\AppData\Local\Programs\Python\Python312\Lib\site-packages\django\contrib\auth\migrations\__init__.py first seen with mtime 1717559424.1215475
File C:\Users\MARKtech\AppData\Local\Programs\Python\Python312\Lib\site-packages\django\contrib\auth\migrations\__init__.py first seen with mtime 1717559424.1215475
File C:\Users\MARKtech\AppData\Local\Programs\Python\Python312\Lib\stringprep.py first seen with mtime 1712674218.0
File C:\Users\MARKtech\AppData\Local\Programs\Python\Python312\Lib\stringprep.py first seen with mtime 1712674218.0
File C:\Users\MARKtech\AppData\Local\Programs\Python\Python312\Lib\site-packages\django\contrib\auth\migrations\0011_update_proxy_permissions.py first seen with mtime 1717559423.7171125
File C:\Users\MARKtech\AppData\Local\Programs\Python\Python312\Lib\site-packages\django\contrib\auth\migrations\0011_update_proxy_permissions.py first seen with mtime 1717559423.7171125
File C:\Users\MARKtech\AppData\Local\Programs\Python\Python312\Lib\site-packages\django\contrib\auth\migrations\0009_alter_user_last_name_max_length.py first seen with mtime 1717559423.7015083
File C:\Users\MARKtech\AppData\Local\Programs\Python\Python312\Lib\site-packages\django\contrib\auth\migrations\0009_alter_user_last_name_max_length.py first seen with mtime 1717559423.7015083
File C:\Users\MARKtech\AppData\Local\Programs\Python\Python312\Lib\site-packages\django\contrib\auth\migrations\0008_alter_user_username_max_length.py first seen with mtime 1717559423.7015083
File C:\Users\MARKtech\AppData\Local\Programs\Python\Python312\Lib\site-packages\django\contrib\auth\migrations\0008_alter_user_username_max_length.py first seen with mtime 1717559423.7015083
File C:\Users\MARKtech\AppData\Local\Programs\Python\Python312\Lib\site-packages\django\contrib\auth\migrations\0003_alter_user_email_max_length.py first seen with mtime 1717559423.6702511
File C:\Users\MARKtech\AppData\Local\Programs\Python\Python312\Lib\site-packages\django\contrib\auth\migrations\0003_alter_user_email_max_length.py first seen with mtime 1717559423.6702511
File C:\Users\MARKtech\AppData\Local\Programs\Python\Python312\Lib\site-packages\django\middleware\common.py first seen with mtime 1717559445.085168
File C:\Users\MARKtech\AppData\Local\Programs\Python\Python312\Lib\site-packages\django\middleware\common.py first seen with mtime 1717559445.085168
File C:\Users\MARKtech\AppData\Local\Programs\Python\Python312\Lib\site-packages\django\contrib\auth\migrations\0006_require_contenttypes_0002.py first seen with mtime 1717559423.68586
File C:\Users\MARKtech\AppData\Local\Programs\Python\Python312\Lib\site-packages\django\contrib\auth\migrations\0006_require_contenttypes_0002.py first seen with mtime 1717559423.68586
File C:\Users\MARKtech\AppData\Local\Programs\Python\Python312\Lib\site-packages\django\contrib\sessions\backends\db.py first seen with mtime 1717559439.076288
File C:\Users\MARKtech\AppData\Local\Programs\Python\Python312\Lib\site-packages\django\contrib\sessions\backends\db.py first seen with mtime 1717559439.076288
File C:\Users\MARKtech\Desktop\django1\djangoapp\my_app\migrations\__init__.py first seen with mtime 1722858414.6326637
File C:\Users\MARKtech\Desktop\django1\djangoapp\my_app\migrations\__init__.py first seen with mtime 1722858414.6326637
File C:\Users\MARKtech\AppData\Local\Programs\Python\Python312\Lib\site-packages\django\contrib\auth\migrations\0004_alter_user_username_opts.py first seen with mtime 1717559423.6702511
File C:\Users\MARKtech\AppData\Local\Programs\Python\Python312\Lib\site-packages\django\contrib\auth\migrations\0004_alter_user_username_opts.py first seen with mtime 1717559423.6702511
File C:\Users\MARKtech\AppData\Local\Programs\Python\Python312\Lib\site-packages\MySQLdb\cursors.py first seen with mtime 1720572393.3790674
File C:\Users\MARKtech\AppData\Local\Programs\Python\Python312\Lib\site-packages\MySQLdb\cursors.py first seen with mtime 1720572393.3790674
File C:\Users\MARKtech\AppData\Local\Programs\Python\Python312\Lib\site-packages\django\db\migrations\recorder.py first seen with mtime 1717559443.6847548
File C:\Users\MARKtech\AppData\Local\Programs\Python\Python312\Lib\site-packages\django\db\migrations\recorder.py first seen with mtime 1717559443.6847548
File C:\Users\MARKtech\AppData\Local\Programs\Python\Python312\Lib\site-packages\django\contrib\contenttypes\migrations\0001_initial.py first seen with mtime 1717559427.9618993
File C:\Users\MARKtech\AppData\Local\Programs\Python\Python312\Lib\site-packages\django\contrib\contenttypes\migrations\0001_initial.py first seen with mtime 1717559427.9618993
File C:\Users\MARKtech\AppData\Local\Programs\Python\Python312\Lib\site-packages\django\contrib\admin\migrations\__init__.py first seen with mtime 1717559417.788731
File C:\Users\MARKtech\AppData\Local\Programs\Python\Python312\Lib\site-packages\django\contrib\admin\migrations\__init__.py first seen with mtime 1717559417.788731
File C:\Users\MARKtech\AppData\Local\Programs\Python\Python312\Lib\site-packages\django\contrib\sessions\migrations\__init__.py first seen with mtime 1717559440.534085
File C:\Users\MARKtech\AppData\Local\Programs\Python\Python312\Lib\site-packages\django\contrib\sessions\migrations\__init__.py first seen with mtime 1717559440.534085
File C:\Users\MARKtech\AppData\Local\Programs\Python\Python312\Lib\site-packages\django\contrib\admin\migrations\0001_initial.py first seen with mtime 1717559417.7730713
File C:\Users\MARKtech\AppData\Local\Programs\Python\Python312\Lib\site-packages\django\contrib\admin\migrations\0001_initial.py first seen with mtime 1717559417.7730713
File C:\Users\MARKtech\Desktop\django1\djangoapp\my_project\wsgi.py first seen with mtime 1718541499.086702
File C:\Users\MARKtech\Desktop\django1\djangoapp\my_project\wsgi.py first seen with mtime 1718541499.086702
File C:\Users\MARKtech\AppData\Local\Programs\Python\Python312\Lib\site-packages\django\contrib\auth\migrations\0002_alter_permission_name_max_length.py first seen with mtime 1717559423.6702511
File C:\Users\MARKtech\AppData\Local\Programs\Python\Python312\Lib\site-packages\django\contrib\auth\migrations\0002_alter_permission_name_max_length.py first seen with mtime 1717559423.6702511
File C:\Users\MARKtech\AppData\Local\Programs\Python\Python312\Lib\site-packages\django\contrib\auth\migrations\0001_initial.py first seen with mtime 1717559423.6546204
File C:\Users\MARKtech\AppData\Local\Programs\Python\Python312\Lib\site-packages\django\contrib\auth\migrations\0001_initial.py first seen with mtime 1717559423.6546204
File C:\Users\MARKtech\AppData\Local\Programs\Python\Python312\Lib\site-packages\django\views\csrf.py first seen with mtime 1717559446.4604385
File C:\Users\MARKtech\AppData\Local\Programs\Python\Python312\Lib\site-packages\django\views\csrf.py first seen with mtime 1717559446.4604385
File C:\Users\MARKtech\AppData\Local\Programs\Python\Python312\Lib\site-packages\django\contrib\contenttypes\migrations\0002_remove_content_type_name.py first seen with mtime 1717559427.9618993
File C:\Users\MARKtech\AppData\Local\Programs\Python\Python312\Lib\site-packages\django\contrib\contenttypes\migrations\0002_remove_content_type_name.py first seen with mtime 1717559427.9618993
File C:\Users\MARKtech\Desktop\django1\djangoapp\my_app\migrations\0001_initial.py first seen with mtime 1722858415.1038563
File C:\Users\MARKtech\Desktop\django1\djangoapp\my_app\migrations\0001_initial.py first seen with mtime 1722858415.1038563
File C:\Users\MARKtech\AppData\Local\Programs\Python\Python312\Lib\site-packages\django\core\cache\backends\locmem.py first seen with mtime 1717559442.6508381
File C:\Users\MARKtech\AppData\Local\Programs\Python\Python312\Lib\site-packages\django\core\cache\backends\locmem.py first seen with mtime 1717559442.6508381
File C:\Users\MARKtech\AppData\Local\Programs\Python\Python312\Lib\site-packages\django\db\migrations\graph.py first seen with mtime 1717559443.6535227
File C:\Users\MARKtech\AppData\Local\Programs\Python\Python312\Lib\site-packages\django\db\migrations\graph.py first seen with mtime 1717559443.6535227
File C:\Users\MARKtech\AppData\Local\Programs\Python\Python312\Lib\site-packages\django\db\backends\mysql\compiler.py first seen with mtime 1717559443.4033368
File C:\Users\MARKtech\AppData\Local\Programs\Python\Python312\Lib\site-packages\django\db\backends\mysql\compiler.py first seen with mtime 1717559443.4033368
File C:\Users\MARKtech\AppData\Local\Programs\Python\Python312\Lib\site-packages\django\contrib\auth\migrations\0012_alter_user_first_name_max_length.py first seen with mtime 1717559423.7327404
File C:\Users\MARKtech\AppData\Local\Programs\Python\Python312\Lib\site-packages\django\contrib\auth\migrations\0012_alter_user_first_name_max_length.py first seen with mtime 1717559423.7327404
File C:\Users\MARKtech\AppData\Local\Programs\Python\Python312\Lib\site-packages\django\contrib\auth\migrations\0007_alter_validators_add_error_messages.py first seen with mtime 1717559423.7015083
File C:\Users\MARKtech\AppData\Local\Programs\Python\Python312\Lib\site-packages\django\contrib\auth\migrations\0007_alter_validators_add_error_messages.py first seen with mtime 1717559423.7015083
File C:\Users\MARKtech\AppData\Local\Programs\Python\Python312\Lib\encodings\idna.py first seen with mtime 1712674218.0
File C:\Users\MARKtech\AppData\Local\Programs\Python\Python312\Lib\encodings\idna.py first seen with mtime 1712674218.0
File C:\Users\MARKtech\AppData\Local\Programs\Python\Python312\Lib\site-packages\django\db\migrations\executor.py first seen with mtime 1717559443.6535227
File C:\Users\MARKtech\AppData\Local\Programs\Python\Python312\Lib\site-packages\django\db\migrations\executor.py first seen with mtime 1717559443.6535227
File C:\Users\MARKtech\AppData\Local\Programs\Python\Python312\Lib\site-packages\django\db\migrations\loader.py first seen with mtime 1717559443.6535227
File C:\Users\MARKtech\AppData\Local\Programs\Python\Python312\Lib\site-packages\django\db\migrations\loader.py first seen with mtime 1717559443.6535227
File C:\Users\MARKtech\AppData\Local\Programs\Python\Python312\Lib\site-packages\django\contrib\admin\migrations\0003_logentry_add_action_flag_choices.py first seen with mtime 1717559417.788731
File C:\Users\MARKtech\AppData\Local\Programs\Python\Python312\Lib\site-packages\django\contrib\admin\migrations\0003_logentry_add_action_flag_choices.py first seen with mtime 1717559417.788731
File C:\Users\MARKtech\AppData\Local\Programs\Python\Python312\Lib\site-packages\django\contrib\auth\migrations\0010_alter_group_name_max_length.py first seen with mtime 1717559423.7171125
File C:\Users\MARKtech\AppData\Local\Programs\Python\Python312\Lib\site-packages\django\contrib\auth\migrations\0010_alter_group_name_max_length.py first seen with mtime 1717559423.7171125
File C:\Users\MARKtech\AppData\Local\Programs\Python\Python312\Lib\site-packages\django\contrib\contenttypes\migrations\__init__.py first seen with mtime 1717559427.9618993
File C:\Users\MARKtech\AppData\Local\Programs\Python\Python312\Lib\site-packages\django\contrib\contenttypes\migrations\__init__.py first seen with mtime 1717559427.9618993
(0.188) 
                SELECT VERSION(),
                       @@sql_mode,
                       @@default_storage_engine,
                       @@sql_auto_is_null,
                       @@lower_case_table_names,
                       CONVERT_TZ('2001-01-01 01:00:00', 'UTC', 'UTC') IS NOT NULL
            ; args=None; alias=default
(0.188) 
                SELECT VERSION(),
                       @@sql_mode,
                       @@default_storage_engine,
                       @@sql_auto_is_null,
                       @@lower_case_table_names,
                       CONVERT_TZ('2001-01-01 01:00:00', 'UTC', 'UTC') IS NOT NULL
            ; args=None; alias=default
(0.000) SET SESSION TRANSACTION ISOLATION LEVEL READ COMMITTED; args=None; alias=default
(0.000) SET SESSION TRANSACTION ISOLATION LEVEL READ COMMITTED; args=None; alias=default
(0.000) SELECT `django_session`.`session_key`, `django_session`.`session_data`, `django_session`.`expire_date` FROM `django_session` WHERE (`django_session`.`expire_date` > '2024-08-06 13:36:32.875164' AND `django_session`.`session_key` = '8v9di7iu9s39hqzfmlm3cpxqf3dj6tpf') LIMIT 21; args=('2024-08-06 13:36:32.875164', '8v9di7iu9s39hqzfmlm3cpxqf3dj6tpf'); alias=default
(0.000) SELECT `django_session`.`session_key`, `django_session`.`session_data`, `django_session`.`expire_date` FROM `django_session` WHERE (`django_session`.`expire_date` > '2024-08-06 13:36:32.875164' AND `django_session`.`session_key` = '8v9di7iu9s39hqzfmlm3cpxqf3dj6tpf') LIMIT 21; args=('2024-08-06 13:36:32.875164', '8v9di7iu9s39hqzfmlm3cpxqf3dj6tpf'); alias=default
(0.000) SELECT `my_app_customuser`.`id`, `my_app_customuser`.`password`, `my_app_customuser`.`last_login`, `my_app_customuser`.`is_superuser`, `my_app_customuser`.`username`, `my_app_customuser`.`email`, `my_app_customuser`.`is_active`, `my_app_customuser`.`is_staff` FROM `my_app_customuser` WHERE `my_app_customuser`.`id` = 1 LIMIT 21; args=(1,); alias=default
(0.000) SELECT `my_app_customuser`.`id`, `my_app_customuser`.`password`, `my_app_customuser`.`last_login`, `my_app_customuser`.`is_superuser`, `my_app_customuser`.`username`, `my_app_customuser`.`email`, `my_app_customuser`.`is_active`, `my_app_customuser`.`is_staff` FROM `my_app_customuser` WHERE `my_app_customuser`.`id` = 1 LIMIT 21; args=(1,); alias=default
(0.078) SELECT `my_app_school`.`id`, `my_app_school`.`name`, `my_app_school`.`acceptance_rate`, `my_app_school`.`country`, `my_app_school`.`website` FROM `my_app_school`; args=(); alias=default
(0.078) SELECT `my_app_school`.`id`, `my_app_school`.`name`, `my_app_school`.`acceptance_rate`, `my_app_school`.`country`, `my_app_school`.`website` FROM `my_app_school`; args=(); alias=default
"GET /user_page/ HTTP/1.1" 200 19924
"GET /user_page/ HTTP/1.1" 200 19924
"GET /static/user_MySQL_API.js HTTP/1.1" 304 0
"GET /static/user_MySQL_API.js HTTP/1.1" 304 0
(0.000) SET SESSION TRANSACTION ISOLATION LEVEL READ COMMITTED; args=None; alias=default
(0.000) SET SESSION TRANSACTION ISOLATION LEVEL READ COMMITTED; args=None; alias=default
(0.000) SELECT `django_session`.`session_key`, `django_session`.`session_data`, `django_session`.`expire_date` FROM `django_session` WHERE (`django_session`.`expire_date` > '2024-08-06 13:36:33.559370' AND `django_session`.`session_key` = '8v9di7iu9s39hqzfmlm3cpxqf3dj6tpf') LIMIT 21; args=('2024-08-06 13:36:33.559370', '8v9di7iu9s39hqzfmlm3cpxqf3dj6tpf'); alias=default
(0.000) SELECT `django_session`.`session_key`, `django_session`.`session_data`, `django_session`.`expire_date` FROM `django_session` WHERE (`django_session`.`expire_date` > '2024-08-06 13:36:33.559370' AND `django_session`.`session_key` = '8v9di7iu9s39hqzfmlm3cpxqf3dj6tpf') LIMIT 21; args=('2024-08-06 13:36:33.559370', '8v9di7iu9s39hqzfmlm3cpxqf3dj6tpf'); alias=default
(0.093) SELECT `my_app_customuser`.`id`, `my_app_customuser`.`password`, `my_app_customuser`.`last_login`, `my_app_customuser`.`is_superuser`, `my_app_customuser`.`username`, `my_app_customuser`.`email`, `my_app_customuser`.`is_active`, `my_app_customuser`.`is_staff` FROM `my_app_customuser` WHERE `my_app_customuser`.`id` = 1 LIMIT 21; args=(1,); alias=default
(0.093) SELECT `my_app_customuser`.`id`, `my_app_customuser`.`password`, `my_app_customuser`.`last_login`, `my_app_customuser`.`is_superuser`, `my_app_customuser`.`username`, `my_app_customuser`.`email`, `my_app_customuser`.`is_active`, `my_app_customuser`.`is_staff` FROM `my_app_customuser` WHERE `my_app_customuser`.`id` = 1 LIMIT 21; args=(1,); alias=default
(0.282) SELECT `my_app_savedschool`.`id`, `my_app_savedschool`.`user_id`, `my_app_savedschool`.`school_id`, `my_app_savedschool`.`saved_at` FROM `my_app_savedschool` WHERE `my_app_savedschool`.`user_id` = 1; args=(1,); alias=default
(0.282) SELECT `my_app_savedschool`.`id`, `my_app_savedschool`.`user_id`, `my_app_savedschool`.`school_id`, `my_app_savedschool`.`saved_at` FROM `my_app_savedschool` WHERE `my_app_savedschool`.`user_id` = 1; args=(1,); alias=default
"GET /api/saved_schools/ HTTP/1.1" 200 2
"GET /api/saved_schools/ HTTP/1.1" 200 2
File C:\Users\MARKtech\AppData\Local\Programs\Python\Python312\Lib\site-packages\django\contrib\staticfiles\storage.py first seen with mtime 1717559442.4770758
File C:\Users\MARKtech\AppData\Local\Programs\Python\Python312\Lib\site-packages\django\contrib\staticfiles\storage.py first seen with mtime 1717559442.4770758
File C:\Users\MARKtech\AppData\Local\Programs\Python\Python312\Lib\site-packages\django\contrib\messages\context_processors.py first seen with mtime 1717559434.8751545
File C:\Users\MARKtech\AppData\Local\Programs\Python\Python312\Lib\site-packages\django\contrib\messages\context_processors.py first seen with mtime 1717559434.8751545
File C:\Users\MARKtech\AppData\Local\Programs\Python\Python312\Lib\site-packages\django\template\context_processors.py first seen with mtime 1717559445.1914506
File C:\Users\MARKtech\AppData\Local\Programs\Python\Python312\Lib\site-packages\django\template\context_processors.py first seen with mtime 1717559445.1914506
File C:\Users\MARKtech\AppData\Local\Programs\Python\Python312\Lib\site-packages\django\contrib\messages\storage\cookie.py first seen with mtime 1717559434.9220262
File C:\Users\MARKtech\AppData\Local\Programs\Python\Python312\Lib\site-packages\django\contrib\messages\storage\cookie.py first seen with mtime 1717559434.9220262
File C:\Users\MARKtech\AppData\Local\Programs\Python\Python312\Lib\site-packages\django\contrib\messages\storage\fallback.py first seen with mtime 1717559434.9376664
File C:\Users\MARKtech\AppData\Local\Programs\Python\Python312\Lib\site-packages\django\contrib\messages\storage\fallback.py first seen with mtime 1717559434.9376664
File C:\Users\MARKtech\AppData\Local\Programs\Python\Python312\Lib\site-packages\django\contrib\sessions\serializers.py first seen with mtime 1717559439.0294101
File C:\Users\MARKtech\AppData\Local\Programs\Python\Python312\Lib\site-packages\django\contrib\sessions\serializers.py first seen with mtime 1717559439.0294101
File C:\Users\MARKtech\AppData\Local\Programs\Python\Python312\Lib\site-packages\django\contrib\auth\context_processors.py first seen with mtime 1717559421.7079852
File C:\Users\MARKtech\AppData\Local\Programs\Python\Python312\Lib\site-packages\django\contrib\auth\context_processors.py first seen with mtime 1717559421.7079852
File C:\Users\MARKtech\AppData\Local\Programs\Python\Python312\Lib\site-packages\django\contrib\messages\storage\session.py first seen with mtime 1717559434.9376664
File C:\Users\MARKtech\AppData\Local\Programs\Python\Python312\Lib\site-packages\django\contrib\messages\storage\session.py first seen with mtime 1717559434.9376664
File C:\Users\MARKtech\AppData\Local\Programs\Python\Python312\Lib\site-packages\django\conf\locale\en\__init__.py first seen with mtime 1717559409.7025502
File C:\Users\MARKtech\AppData\Local\Programs\Python\Python312\Lib\site-packages\django\conf\locale\en\__init__.py first seen with mtime 1717559409.7025502
File C:\Users\MARKtech\AppData\Local\Programs\Python\Python312\Lib\site-packages\django\conf\locale\en\formats.py first seen with mtime 1717559409.7025502
File C:\Users\MARKtech\AppData\Local\Programs\Python\Python312\Lib\site-packages\django\conf\locale\en\formats.py first seen with mtime 1717559409.7025502
(0.000) SET SESSION TRANSACTION ISOLATION LEVEL READ COMMITTED; args=None; alias=default
(0.000) SET SESSION TRANSACTION ISOLATION LEVEL READ COMMITTED; args=None; alias=default
(0.031) SELECT `my_app_school`.`id`, `my_app_school`.`name`, `my_app_school`.`acceptance_rate`, `my_app_school`.`country`, `my_app_school`.`website` FROM `my_app_school`; args=(); alias=default
(0.031) SELECT `my_app_school`.`id`, `my_app_school`.`name`, `my_app_school`.`acceptance_rate`, `my_app_school`.`country`, `my_app_school`.`website` FROM `my_app_school`; args=(); alias=default
"GET /api/schools/ HTTP/1.1" 200 4153
"GET /api/schools/ HTTP/1.1" 200 4153
(0.000) SET SESSION TRANSACTION ISOLATION LEVEL READ COMMITTED; args=None; alias=default
(0.000) SET SESSION TRANSACTION ISOLATION LEVEL READ COMMITTED; args=None; alias=default
(0.000) SELECT `django_session`.`session_key`, `django_session`.`session_data`, `django_session`.`expire_date` FROM `django_session` WHERE (`django_session`.`expire_date` > '2024-08-06 13:37:45.523553' AND `django_session`.`session_key` = '8v9di7iu9s39hqzfmlm3cpxqf3dj6tpf') LIMIT 21; args=('2024-08-06 13:37:45.523553', '8v9di7iu9s39hqzfmlm3cpxqf3dj6tpf'); alias=default
(0.000) SELECT `django_session`.`session_key`, `django_session`.`session_data`, `django_session`.`expire_date` FROM `django_session` WHERE (`django_session`.`expire_date` > '2024-08-06 13:37:45.523553' AND `django_session`.`session_key` = '8v9di7iu9s39hqzfmlm3cpxqf3dj6tpf') LIMIT 21; args=('2024-08-06 13:37:45.523553', '8v9di7iu9s39hqzfmlm3cpxqf3dj6tpf'); alias=default
(0.000) SELECT `my_app_customuser`.`id`, `my_app_customuser`.`password`, `my_app_customuser`.`last_login`, `my_app_customuser`.`is_superuser`, `my_app_customuser`.`username`, `my_app_customuser`.`email`, `my_app_customuser`.`is_active`, `my_app_customuser`.`is_staff` FROM `my_app_customuser` WHERE `my_app_customuser`.`id` = 1 LIMIT 21; args=(1,); alias=default
(0.000) SELECT `my_app_customuser`.`id`, `my_app_customuser`.`password`, `my_app_customuser`.`last_login`, `my_app_customuser`.`is_superuser`, `my_app_customuser`.`username`, `my_app_customuser`.`email`, `my_app_customuser`.`is_active`, `my_app_customuser`.`is_staff` FROM `my_app_customuser` WHERE `my_app_customuser`.`id` = 1 LIMIT 21; args=(1,); alias=default
(0.047) SELECT `my_app_school`.`id`, `my_app_school`.`name`, `my_app_school`.`acceptance_rate`, `my_app_school`.`country`, `my_app_school`.`website` FROM `my_app_school` WHERE `my_app_school`.`id` = 7 LIMIT 21; args=(7,); alias=default
(0.047) SELECT `my_app_school`.`id`, `my_app_school`.`name`, `my_app_school`.`acceptance_rate`, `my_app_school`.`country`, `my_app_school`.`website` FROM `my_app_school` WHERE `my_app_school`.`id` = 7 LIMIT 21; args=(7,); alias=default
Exception: 'CustomUser' object has no attribute 'saved_schools'
Internal Server Error: /save_school/
Internal Server Error: /save_school/
"POST /save_school/ HTTP/1.1" 500 65
"POST /save_school/ HTTP/1.1" 500 65
(0.000) SET SESSION TRANSACTION ISOLATION LEVEL READ COMMITTED; args=None; alias=default
(0.000) SET SESSION TRANSACTION ISOLATION LEVEL READ COMMITTED; args=None; alias=default
(0.032) SELECT `django_session`.`session_key`, `django_session`.`session_data`, `django_session`.`expire_date` FROM `django_session` WHERE (`django_session`.`expire_date` > '2024-08-06 13:37:45.709827' AND `django_session`.`session_key` = '8v9di7iu9s39hqzfmlm3cpxqf3dj6tpf') LIMIT 21; args=('2024-08-06 13:37:45.709827', '8v9di7iu9s39hqzfmlm3cpxqf3dj6tpf'); alias=default
(0.032) SELECT `django_session`.`session_key`, `django_session`.`session_data`, `django_session`.`expire_date` FROM `django_session` WHERE (`django_session`.`expire_date` > '2024-08-06 13:37:45.709827' AND `django_session`.`session_key` = '8v9di7iu9s39hqzfmlm3cpxqf3dj6tpf') LIMIT 21; args=('2024-08-06 13:37:45.709827', '8v9di7iu9s39hqzfmlm3cpxqf3dj6tpf'); alias=default
(0.015) SELECT `my_app_customuser`.`id`, `my_app_customuser`.`password`, `my_app_customuser`.`last_login`, `my_app_customuser`.`is_superuser`, `my_app_customuser`.`username`, `my_app_customuser`.`email`, `my_app_customuser`.`is_active`, `my_app_customuser`.`is_staff` FROM `my_app_customuser` WHERE `my_app_customuser`.`id` = 1 LIMIT 21; args=(1,); alias=default
(0.015) SELECT `my_app_customuser`.`id`, `my_app_customuser`.`password`, `my_app_customuser`.`last_login`, `my_app_customuser`.`is_superuser`, `my_app_customuser`.`username`, `my_app_customuser`.`email`, `my_app_customuser`.`is_active`, `my_app_customuser`.`is_staff` FROM `my_app_customuser` WHERE `my_app_customuser`.`id` = 1 LIMIT 21; args=(1,); alias=default
(0.000) SELECT `my_app_savedschool`.`id`, `my_app_savedschool`.`user_id`, `my_app_savedschool`.`school_id`, `my_app_savedschool`.`saved_at` FROM `my_app_savedschool` WHERE `my_app_savedschool`.`user_id` = 1; args=(1,); alias=default
(0.000) SELECT `my_app_savedschool`.`id`, `my_app_savedschool`.`user_id`, `my_app_savedschool`.`school_id`, `my_app_savedschool`.`saved_at` FROM `my_app_savedschool` WHERE `my_app_savedschool`.`user_id` = 1; args=(1,); alias=default
"GET /api/saved_schools/ HTTP/1.1" 200 2
"GET /api/saved_schools/ HTTP/1.1" 200 2
(0.000) SET SESSION TRANSACTION ISOLATION LEVEL READ COMMITTED; args=None; alias=default
(0.000) SET SESSION TRANSACTION ISOLATION LEVEL READ COMMITTED; args=None; alias=default
(0.000) SELECT `django_session`.`session_key`, `django_session`.`session_data`, `django_session`.`expire_date` FROM `django_session` WHERE (`django_session`.`expire_date` > '2024-08-06 13:38:28.805588' AND `django_session`.`session_key` = '8v9di7iu9s39hqzfmlm3cpxqf3dj6tpf') LIMIT 21; args=('2024-08-06 13:38:28.805588', '8v9di7iu9s39hqzfmlm3cpxqf3dj6tpf'); alias=default
(0.000) SELECT `django_session`.`session_key`, `django_session`.`session_data`, `django_session`.`expire_date` FROM `django_session` WHERE (`django_session`.`expire_date` > '2024-08-06 13:38:28.805588' AND `django_session`.`session_key` = '8v9di7iu9s39hqzfmlm3cpxqf3dj6tpf') LIMIT 21; args=('2024-08-06 13:38:28.805588', '8v9di7iu9s39hqzfmlm3cpxqf3dj6tpf'); alias=default
(0.000) SELECT `my_app_customuser`.`id`, `my_app_customuser`.`password`, `my_app_customuser`.`last_login`, `my_app_customuser`.`is_superuser`, `my_app_customuser`.`username`, `my_app_customuser`.`email`, `my_app_customuser`.`is_active`, `my_app_customuser`.`is_staff` FROM `my_app_customuser` WHERE `my_app_customuser`.`id` = 1 LIMIT 21; args=(1,); alias=default
(0.000) SELECT `my_app_customuser`.`id`, `my_app_customuser`.`password`, `my_app_customuser`.`last_login`, `my_app_customuser`.`is_superuser`, `my_app_customuser`.`username`, `my_app_customuser`.`email`, `my_app_customuser`.`is_active`, `my_app_customuser`.`is_staff` FROM `my_app_customuser` WHERE `my_app_customuser`.`id` = 1 LIMIT 21; args=(1,); alias=default
(0.000) SELECT `my_app_school`.`id`, `my_app_school`.`name`, `my_app_school`.`acceptance_rate`, `my_app_school`.`country`, `my_app_school`.`website` FROM `my_app_school`; args=(); alias=default
(0.000) SELECT `my_app_school`.`id`, `my_app_school`.`name`, `my_app_school`.`acceptance_rate`, `my_app_school`.`country`, `my_app_school`.`website` FROM `my_app_school`; args=(); alias=default
"GET /user_page/ HTTP/1.1" 200 19924
"GET /user_page/ HTTP/1.1" 200 19924
(0.016) SET SESSION TRANSACTION ISOLATION LEVEL READ COMMITTED; args=None; alias=default
(0.016) SET SESSION TRANSACTION ISOLATION LEVEL READ COMMITTED; args=None; alias=default
(0.000) SELECT `django_session`.`session_key`, `django_session`.`session_data`, `django_session`.`expire_date` FROM `django_session` WHERE (`django_session`.`expire_date` > '2024-08-06 13:38:29.549807' AND `django_session`.`session_key` = '8v9di7iu9s39hqzfmlm3cpxqf3dj6tpf') LIMIT 21; args=('2024-08-06 13:38:29.549807', '8v9di7iu9s39hqzfmlm3cpxqf3dj6tpf'); alias=default
(0.000) SELECT `django_session`.`session_key`, `django_session`.`session_data`, `django_session`.`expire_date` FROM `django_session` WHERE (`django_session`.`expire_date` > '2024-08-06 13:38:29.549807' AND `django_session`.`session_key` = '8v9di7iu9s39hqzfmlm3cpxqf3dj6tpf') LIMIT 21; args=('2024-08-06 13:38:29.549807', '8v9di7iu9s39hqzfmlm3cpxqf3dj6tpf'); alias=default
(0.000) SELECT `my_app_customuser`.`id`, `my_app_customuser`.`password`, `my_app_customuser`.`last_login`, `my_app_customuser`.`is_superuser`, `my_app_customuser`.`username`, `my_app_customuser`.`email`, `my_app_customuser`.`is_active`, `my_app_customuser`.`is_staff` FROM `my_app_customuser` WHERE `my_app_customuser`.`id` = 1 LIMIT 21; args=(1,); alias=default
(0.000) SELECT `my_app_customuser`.`id`, `my_app_customuser`.`password`, `my_app_customuser`.`last_login`, `my_app_customuser`.`is_superuser`, `my_app_customuser`.`username`, `my_app_customuser`.`email`, `my_app_customuser`.`is_active`, `my_app_customuser`.`is_staff` FROM `my_app_customuser` WHERE `my_app_customuser`.`id` = 1 LIMIT 21; args=(1,); alias=default
(0.000) SELECT `my_app_savedschool`.`id`, `my_app_savedschool`.`user_id`, `my_app_savedschool`.`school_id`, `my_app_savedschool`.`saved_at` FROM `my_app_savedschool` WHERE `my_app_savedschool`.`user_id` = 1; args=(1,); alias=default
(0.000) SELECT `my_app_savedschool`.`id`, `my_app_savedschool`.`user_id`, `my_app_savedschool`.`school_id`, `my_app_savedschool`.`saved_at` FROM `my_app_savedschool` WHERE `my_app_savedschool`.`user_id` = 1; args=(1,); alias=default
"GET /api/saved_schools/ HTTP/1.1" 200 2
"GET /api/saved_schools/ HTTP/1.1" 200 2
(0.000) SET SESSION TRANSACTION ISOLATION LEVEL READ COMMITTED; args=None; alias=default
(0.000) SET SESSION TRANSACTION ISOLATION LEVEL READ COMMITTED; args=None; alias=default
(0.000) SELECT `my_app_school`.`id`, `my_app_school`.`name`, `my_app_school`.`acceptance_rate`, `my_app_school`.`country`, `my_app_school`.`website` FROM `my_app_school`; args=(); alias=default
(0.000) SELECT `my_app_school`.`id`, `my_app_school`.`name`, `my_app_school`.`acceptance_rate`, `my_app_school`.`country`, `my_app_school`.`website` FROM `my_app_school`; args=(); alias=default
"GET /api/schools/ HTTP/1.1" 200 4153
"GET /api/schools/ HTTP/1.1" 200 4153
(0.000) SET SESSION TRANSACTION ISOLATION LEVEL READ COMMITTED; args=None; alias=default
(0.000) SET SESSION TRANSACTION ISOLATION LEVEL READ COMMITTED; args=None; alias=default
(0.000) SELECT `django_session`.`session_key`, `django_session`.`session_data`, `django_session`.`expire_date` FROM `django_session` WHERE (`django_session`.`expire_date` > '2024-08-06 13:38:45.046741' AND `django_session`.`session_key` = '8v9di7iu9s39hqzfmlm3cpxqf3dj6tpf') LIMIT 21; args=('2024-08-06 13:38:45.046741', '8v9di7iu9s39hqzfmlm3cpxqf3dj6tpf'); alias=default
(0.000) SELECT `django_session`.`session_key`, `django_session`.`session_data`, `django_session`.`expire_date` FROM `django_session` WHERE (`django_session`.`expire_date` > '2024-08-06 13:38:45.046741' AND `django_session`.`session_key` = '8v9di7iu9s39hqzfmlm3cpxqf3dj6tpf') LIMIT 21; args=('2024-08-06 13:38:45.046741', '8v9di7iu9s39hqzfmlm3cpxqf3dj6tpf'); alias=default
(0.000) SELECT `my_app_customuser`.`id`, `my_app_customuser`.`password`, `my_app_customuser`.`last_login`, `my_app_customuser`.`is_superuser`, `my_app_customuser`.`username`, `my_app_customuser`.`email`, `my_app_customuser`.`is_active`, `my_app_customuser`.`is_staff` FROM `my_app_customuser` WHERE `my_app_customuser`.`id` = 1 LIMIT 21; args=(1,); alias=default
(0.000) SELECT `my_app_customuser`.`id`, `my_app_customuser`.`password`, `my_app_customuser`.`last_login`, `my_app_customuser`.`is_superuser`, `my_app_customuser`.`username`, `my_app_customuser`.`email`, `my_app_customuser`.`is_active`, `my_app_customuser`.`is_staff` FROM `my_app_customuser` WHERE `my_app_customuser`.`id` = 1 LIMIT 21; args=(1,); alias=default
(0.078) SELECT `my_app_school`.`id`, `my_app_school`.`name`, `my_app_school`.`acceptance_rate`, `my_app_school`.`country`, `my_app_school`.`website` FROM `my_app_school` WHERE `my_app_school`.`id` = 7 LIMIT 21; args=(7,); alias=default
(0.078) SELECT `my_app_school`.`id`, `my_app_school`.`name`, `my_app_school`.`acceptance_rate`, `my_app_school`.`country`, `my_app_school`.`website` FROM `my_app_school` WHERE `my_app_school`.`id` = 7 LIMIT 21; args=(7,); alias=default
Exception: 'CustomUser' object has no attribute 'saved_schools'
Internal Server Error: /save_school/
Internal Server Error: /save_school/
"POST /save_school/ HTTP/1.1" 500 65
"POST /save_school/ HTTP/1.1" 500 65
(0.000) SET SESSION TRANSACTION ISOLATION LEVEL READ COMMITTED; args=None; alias=default
(0.000) SET SESSION TRANSACTION ISOLATION LEVEL READ COMMITTED; args=None; alias=default
(0.031) SELECT `django_session`.`session_key`, `django_session`.`session_data`, `django_session`.`expire_date` FROM `django_session` WHERE (`django_session`.`expire_date` > '2024-08-06 13:38:45.146543' AND `django_session`.`session_key` = '8v9di7iu9s39hqzfmlm3cpxqf3dj6tpf') LIMIT 21; args=('2024-08-06 13:38:45.146543', '8v9di7iu9s39hqzfmlm3cpxqf3dj6tpf'); alias=default
(0.031) SELECT `django_session`.`session_key`, `django_session`.`session_data`, `django_session`.`expire_date` FROM `django_session` WHERE (`django_session`.`expire_date` > '2024-08-06 13:38:45.146543' AND `django_session`.`session_key` = '8v9di7iu9s39hqzfmlm3cpxqf3dj6tpf') LIMIT 21; args=('2024-08-06 13:38:45.146543', '8v9di7iu9s39hqzfmlm3cpxqf3dj6tpf'); alias=default
(0.016) SELECT `my_app_customuser`.`id`, `my_app_customuser`.`password`, `my_app_customuser`.`last_login`, `my_app_customuser`.`is_superuser`, `my_app_customuser`.`username`, `my_app_customuser`.`email`, `my_app_customuser`.`is_active`, `my_app_customuser`.`is_staff` FROM `my_app_customuser` WHERE `my_app_customuser`.`id` = 1 LIMIT 21; args=(1,); alias=default
(0.016) SELECT `my_app_customuser`.`id`, `my_app_customuser`.`password`, `my_app_customuser`.`last_login`, `my_app_customuser`.`is_superuser`, `my_app_customuser`.`username`, `my_app_customuser`.`email`, `my_app_customuser`.`is_active`, `my_app_customuser`.`is_staff` FROM `my_app_customuser` WHERE `my_app_customuser`.`id` = 1 LIMIT 21; args=(1,); alias=default
(0.000) SELECT `my_app_savedschool`.`id`, `my_app_savedschool`.`user_id`, `my_app_savedschool`.`school_id`, `my_app_savedschool`.`saved_at` FROM `my_app_savedschool` WHERE `my_app_savedschool`.`user_id` = 1; args=(1,); alias=default
(0.000) SELECT `my_app_savedschool`.`id`, `my_app_savedschool`.`user_id`, `my_app_savedschool`.`school_id`, `my_app_savedschool`.`saved_at` FROM `my_app_savedschool` WHERE `my_app_savedschool`.`user_id` = 1; args=(1,); alias=default
"GET /api/saved_schools/ HTTP/1.1" 200 2
"GET /api/saved_schools/ HTTP/1.1" 200 2
(0.000) 
                SELECT VERSION(),
                       @@sql_mode,
                       @@default_storage_engine,
                       @@sql_auto_is_null,
                       @@lower_case_table_names,
                       CONVERT_TZ('2001-01-01 01:00:00', 'UTC', 'UTC') IS NOT NULL
            ; args=None; alias=default
(0.000) 
                SELECT VERSION(),
                       @@sql_mode,
                       @@default_storage_engine,
                       @@sql_auto_is_null,
                       @@lower_case_table_names,
                       CONVERT_TZ('2001-01-01 01:00:00', 'UTC', 'UTC') IS NOT NULL
            ; args=None; alias=default
(0.000) SET SESSION TRANSACTION ISOLATION LEVEL READ COMMITTED; args=None; alias=default
(0.000) SET SESSION TRANSACTION ISOLATION LEVEL READ COMMITTED; args=None; alias=default
(0.047) SELECT `my_app_school`.`id`, `my_app_school`.`name`, `my_app_school`.`acceptance_rate`, `my_app_school`.`country`, `my_app_school`.`website` FROM `my_app_school`; args=(); alias=default
(0.047) SELECT `my_app_school`.`id`, `my_app_school`.`name`, `my_app_school`.`acceptance_rate`, `my_app_school`.`country`, `my_app_school`.`website` FROM `my_app_school`; args=(); alias=default
"GET /user_page/ HTTP/1.1" 200 19920
"GET /user_page/ HTTP/1.1" 200 19920
"GET /static/user_page.css HTTP/1.1" 200 418
"GET /static/user_page.css HTTP/1.1" 200 418
"GET /static/user_MySQL_API.js HTTP/1.1" 200 12914
"GET /static/user_MySQL_API.js HTTP/1.1" 200 12914
"GET /api/saved_schools/ HTTP/1.1" 302 0
"GET /api/saved_schools/ HTTP/1.1" 302 0
Not Found: /accounts/login/
Not Found: /accounts/login/
"GET /accounts/login/?next=/api/saved_schools/ HTTP/1.1" 404 3352
"GET /accounts/login/?next=/api/saved_schools/ HTTP/1.1" 404 3352
File C:\Users\MARKtech\AppData\Local\Programs\Python\Python312\Lib\site-packages\django\contrib\auth\views.py first seen with mtime 1717559421.8017335
File C:\Users\MARKtech\AppData\Local\Programs\Python\Python312\Lib\site-packages\django\contrib\auth\views.py first seen with mtime 1717559421.8017335
Watching for file changes with StatReloader
Watching for file changes with StatReloader
Waiting for apps ready_event.
Waiting for apps ready_event.
Apps ready_event triggered. Sending autoreload_started signal.
Apps ready_event triggered. Sending autoreload_started signal.
Watching dir C:\Users\MARKtech\Desktop\django1\djangoapp\templates with glob **/*.
Watching dir C:\Users\MARKtech\Desktop\django1\djangoapp\templates with glob **/*.
Watching dir C:\Users\MARKtech\Desktop\django1\djangoapp\my_app\templates with glob **/*.
Watching dir C:\Users\MARKtech\Desktop\django1\djangoapp\my_app\templates with glob **/*.
Watching dir C:\Users\MARKtech\Desktop\django1\djangoapp\locale with glob **/*.mo.
Watching dir C:\Users\MARKtech\Desktop\django1\djangoapp\locale with glob **/*.mo.
Watching dir C:\Users\MARKtech\Desktop\django1\djangoapp\my_app\locale with glob **/*.mo.
Watching dir C:\Users\MARKtech\Desktop\django1\djangoapp\my_app\locale with glob **/*.mo.
(0.000) 
                SELECT VERSION(),
                       @@sql_mode,
                       @@default_storage_engine,
                       @@sql_auto_is_null,
                       @@lower_case_table_names,
                       CONVERT_TZ('2001-01-01 01:00:00', 'UTC', 'UTC') IS NOT NULL
            ; args=None; alias=default
(0.000) 
                SELECT VERSION(),
                       @@sql_mode,
                       @@default_storage_engine,
                       @@sql_auto_is_null,
                       @@lower_case_table_names,
                       CONVERT_TZ('2001-01-01 01:00:00', 'UTC', 'UTC') IS NOT NULL
            ; args=None; alias=default
(0.000) SET SESSION TRANSACTION ISOLATION LEVEL READ COMMITTED; args=None; alias=default
(0.000) SET SESSION TRANSACTION ISOLATION LEVEL READ COMMITTED; args=None; alias=default
(0.109) 
            SELECT
                table_name,
                table_type,
                table_comment
            FROM information_schema.tables
            WHERE table_schema = DATABASE()
            ; args=None; alias=default
(0.109) 
            SELECT
                table_name,
                table_type,
                table_comment
            FROM information_schema.tables
            WHERE table_schema = DATABASE()
            ; args=None; alias=default
(0.016) SELECT `django_migrations`.`id`, `django_migrations`.`app`, `django_migrations`.`name`, `django_migrations`.`applied` FROM `django_migrations`; args=(); alias=default
(0.016) SELECT `django_migrations`.`id`, `django_migrations`.`app`, `django_migrations`.`name`, `django_migrations`.`applied` FROM `django_migrations`; args=(); alias=default
File C:\Users\MARKtech\AppData\Local\Programs\Python\Python312\Lib\ctypes\_endian.py first seen with mtime 1712674218.0
File C:\Users\MARKtech\AppData\Local\Programs\Python\Python312\Lib\ctypes\_endian.py first seen with mtime 1712674218.0
File C:\Users\MARKtech\AppData\Local\Programs\Python\Python312\Lib\site-packages\django\contrib\auth\apps.py first seen with mtime 1717559421.6767423
File C:\Users\MARKtech\AppData\Local\Programs\Python\Python312\Lib\site-packages\django\contrib\auth\apps.py first seen with mtime 1717559421.6767423
File C:\Users\MARKtech\AppData\Local\Programs\Python\Python312\Lib\site-packages\django\db\models\functions\math.py first seen with mtime 1717559443.934756
File C:\Users\MARKtech\AppData\Local\Programs\Python\Python312\Lib\site-packages\django\db\models\functions\math.py first seen with mtime 1717559443.934756
File C:\Users\MARKtech\AppData\Local\Programs\Python\Python312\Lib\site-packages\django\contrib\admin\templatetags\base.py first seen with mtime 1717559419.3580394
File C:\Users\MARKtech\AppData\Local\Programs\Python\Python312\Lib\site-packages\django\contrib\admin\templatetags\base.py first seen with mtime 1717559419.3580394
File C:\Users\MARKtech\AppData\Local\Programs\Python\Python312\Lib\re\__init__.py first seen with mtime 1712674218.0
File C:\Users\MARKtech\AppData\Local\Programs\Python\Python312\Lib\re\__init__.py first seen with mtime 1712674218.0
File C:\Users\MARKtech\AppData\Local\Programs\Python\Python312\Lib\site-packages\sqlparse\formatter.py first seen with mtime 1717559404.2445195
File C:\Users\MARKtech\AppData\Local\Programs\Python\Python312\Lib\site-packages\sqlparse\formatter.py first seen with mtime 1717559404.2445195
File C:\Users\MARKtech\AppData\Local\Programs\Python\Python312\Lib\json\decoder.py first seen with mtime 1712674218.0
File C:\Users\MARKtech\AppData\Local\Programs\Python\Python312\Lib\json\decoder.py first seen with mtime 1712674218.0
File C:\Users\MARKtech\AppData\Local\Programs\Python\Python312\Lib\contextlib.py first seen with mtime 1712674218.0
File C:\Users\MARKtech\AppData\Local\Programs\Python\Python312\Lib\contextlib.py first seen with mtime 1712674218.0
File C:\Users\MARKtech\AppData\Local\Programs\Python\Python312\Lib\site-packages\django\core\mail\message.py first seen with mtime 1717559442.9164326
File C:\Users\MARKtech\AppData\Local\Programs\Python\Python312\Lib\site-packages\django\core\mail\message.py first seen with mtime 1717559442.9164326
File C:\Users\MARKtech\AppData\Local\Programs\Python\Python312\Lib\site-packages\django\contrib\auth\checks.py first seen with mtime 1717559421.6923678
File C:\Users\MARKtech\AppData\Local\Programs\Python\Python312\Lib\site-packages\django\contrib\auth\checks.py first seen with mtime 1717559421.6923678
File C:\Users\MARKtech\AppData\Local\Programs\Python\Python312\Lib\site-packages\django\contrib\admin\__init__.py first seen with mtime 1717559413.1498327
File C:\Users\MARKtech\AppData\Local\Programs\Python\Python312\Lib\site-packages\django\contrib\admin\__init__.py first seen with mtime 1717559413.1498327
File C:\Users\MARKtech\AppData\Local\Programs\Python\Python312\Lib\site-packages\sqlparse\engine\filter_stack.py first seen with mtime 1717559404.2862883
File C:\Users\MARKtech\AppData\Local\Programs\Python\Python312\Lib\site-packages\sqlparse\engine\filter_stack.py first seen with mtime 1717559404.2862883
File C:\Users\MARKtech\AppData\Local\Programs\Python\Python312\Lib\site-packages\django\db\backends\mysql\schema.py first seen with mtime 1717559443.4345853
File C:\Users\MARKtech\AppData\Local\Programs\Python\Python312\Lib\site-packages\django\db\backends\mysql\schema.py first seen with mtime 1717559443.4345853
File C:\Users\MARKtech\AppData\Local\Programs\Python\Python312\Lib\re\_parser.py first seen with mtime 1712674218.0
File C:\Users\MARKtech\AppData\Local\Programs\Python\Python312\Lib\re\_parser.py first seen with mtime 1712674218.0
File C:\Users\MARKtech\AppData\Local\Programs\Python\Python312\Lib\site-packages\django\utils\regex_helper.py first seen with mtime 1717559446.2417057
File C:\Users\MARKtech\AppData\Local\Programs\Python\Python312\Lib\site-packages\django\utils\regex_helper.py first seen with mtime 1717559446.2417057
File C:\Users\MARKtech\AppData\Local\Programs\Python\Python312\Lib\site-packages\django\contrib\admin\templatetags\log.py first seen with mtime 1717559419.3736708
File C:\Users\MARKtech\AppData\Local\Programs\Python\Python312\Lib\site-packages\django\contrib\admin\templatetags\log.py first seen with mtime 1717559419.3736708
File C:\Users\MARKtech\AppData\Local\Programs\Python\Python312\Lib\site-packages\django\views\generic\list.py first seen with mtime 1717559446.6166992
File C:\Users\MARKtech\AppData\Local\Programs\Python\Python312\Lib\site-packages\django\views\generic\list.py first seen with mtime 1717559446.6166992
File C:\Users\MARKtech\AppData\Local\Programs\Python\Python312\Lib\site-packages\django\db\backends\ddl_references.py first seen with mtime 1717559443.2939568
File C:\Users\MARKtech\AppData\Local\Programs\Python\Python312\Lib\site-packages\django\db\backends\ddl_references.py first seen with mtime 1717559443.2939568
File C:\Users\MARKtech\AppData\Local\Programs\Python\Python312\Lib\site-packages\django\db\models\sql\datastructures.py first seen with mtime 1717559443.9660232
File C:\Users\MARKtech\AppData\Local\Programs\Python\Python312\Lib\site-packages\django\db\models\sql\datastructures.py first seen with mtime 1717559443.9660232
File C:\Users\MARKtech\AppData\Local\Programs\Python\Python312\Lib\operator.py first seen with mtime 1712674218.0
File C:\Users\MARKtech\AppData\Local\Programs\Python\Python312\Lib\operator.py first seen with mtime 1712674218.0
File C:\Users\MARKtech\AppData\Local\Programs\Python\Python312\Lib\site-packages\django\db\models\__init__.py first seen with mtime 1717559443.7472694
File C:\Users\MARKtech\AppData\Local\Programs\Python\Python312\Lib\site-packages\django\db\models\__init__.py first seen with mtime 1717559443.7472694
File C:\Users\MARKtech\AppData\Local\Programs\Python\Python312\Lib\site-packages\django\utils\numberformat.py first seen with mtime 1717559446.2260652
File C:\Users\MARKtech\AppData\Local\Programs\Python\Python312\Lib\site-packages\django\utils\numberformat.py first seen with mtime 1717559446.2260652
File C:\Users\MARKtech\AppData\Local\Programs\Python\Python312\Lib\asyncio\proactor_events.py first seen with mtime 1712674218.0
File C:\Users\MARKtech\AppData\Local\Programs\Python\Python312\Lib\asyncio\proactor_events.py first seen with mtime 1712674218.0
File C:\Users\MARKtech\AppData\Local\Programs\Python\Python312\Lib\collections\__init__.py first seen with mtime 1712674218.0
File C:\Users\MARKtech\AppData\Local\Programs\Python\Python312\Lib\collections\__init__.py first seen with mtime 1712674218.0
File C:\Users\MARKtech\AppData\Local\Programs\Python\Python312\Lib\site-packages\django\utils\connection.py first seen with mtime 1717559445.7243843
File C:\Users\MARKtech\AppData\Local\Programs\Python\Python312\Lib\site-packages\django\utils\connection.py first seen with mtime 1717559445.7243843
File C:\Users\MARKtech\AppData\Local\Programs\Python\Python312\Lib\re\_compiler.py first seen with mtime 1712674218.0
File C:\Users\MARKtech\AppData\Local\Programs\Python\Python312\Lib\re\_compiler.py first seen with mtime 1712674218.0
File C:\Users\MARKtech\AppData\Local\Programs\Python\Python312\Lib\encodings\aliases.py first seen with mtime 1712674218.0
File C:\Users\MARKtech\AppData\Local\Programs\Python\Python312\Lib\encodings\aliases.py first seen with mtime 1712674218.0
File C:\Users\MARKtech\AppData\Local\Programs\Python\Python312\DLLs\_socket.pyd first seen with mtime 1712674262.0
File C:\Users\MARKtech\AppData\Local\Programs\Python\Python312\DLLs\_socket.pyd first seen with mtime 1712674262.0
File C:\Users\MARKtech\AppData\Local\Programs\Python\Python312\Lib\site-packages\django\db\backends\base\introspection.py first seen with mtime 1717559443.3408375
File C:\Users\MARKtech\AppData\Local\Programs\Python\Python312\Lib\site-packages\django\db\backends\base\introspection.py first seen with mtime 1717559443.3408375
File C:\Users\MARKtech\AppData\Local\Programs\Python\Python312\Lib\site-packages\django\utils\itercompat.py first seen with mtime 1717559446.0681512
File C:\Users\MARKtech\AppData\Local\Programs\Python\Python312\Lib\site-packages\django\utils\itercompat.py first seen with mtime 1717559446.0681512
File C:\Users\MARKtech\AppData\Local\Programs\Python\Python312\Lib\typing.py first seen with mtime 1712674218.0
File C:\Users\MARKtech\AppData\Local\Programs\Python\Python312\Lib\typing.py first seen with mtime 1712674218.0
File C:\Users\MARKtech\AppData\Local\Programs\Python\Python312\Lib\site-packages\django\core\wsgi.py first seen with mtime 1717559442.6039424
File C:\Users\MARKtech\AppData\Local\Programs\Python\Python312\Lib\site-packages\django\core\wsgi.py first seen with mtime 1717559442.6039424
File C:\Users\MARKtech\AppData\Local\Programs\Python\Python312\Lib\site-packages\django\core\files\uploadedfile.py first seen with mtime 1717559442.8226876
File C:\Users\MARKtech\AppData\Local\Programs\Python\Python312\Lib\site-packages\django\core\files\uploadedfile.py first seen with mtime 1717559442.8226876
File C:\Users\MARKtech\AppData\Local\Programs\Python\Python312\Lib\site-packages\django\contrib\auth\tokens.py first seen with mtime 1717559421.78611
File C:\Users\MARKtech\AppData\Local\Programs\Python\Python312\Lib\site-packages\django\contrib\auth\tokens.py first seen with mtime 1717559421.78611
File C:\Users\MARKtech\AppData\Local\Programs\Python\Python312\Lib\site-packages\django\db\models\sql\subqueries.py first seen with mtime 1717559443.9816403
File C:\Users\MARKtech\AppData\Local\Programs\Python\Python312\Lib\site-packages\django\db\models\sql\subqueries.py first seen with mtime 1717559443.9816403
File C:\Users\MARKtech\AppData\Local\Programs\Python\Python312\Lib\site-packages\django\contrib\messages\api.py first seen with mtime 1717559434.8595436
File C:\Users\MARKtech\AppData\Local\Programs\Python\Python312\Lib\site-packages\django\contrib\messages\api.py first seen with mtime 1717559434.8595436
File C:\Users\MARKtech\AppData\Local\Programs\Python\Python312\Lib\site-packages\django\core\checks\translation.py first seen with mtime 1717559442.7289417
File C:\Users\MARKtech\AppData\Local\Programs\Python\Python312\Lib\site-packages\django\core\checks\translation.py first seen with mtime 1717559442.7289417
File C:\Users\MARKtech\AppData\Local\Programs\Python\Python312\Lib\site-packages\django\contrib\contenttypes\management\__init__.py first seen with mtime 1717559427.9306452
File C:\Users\MARKtech\AppData\Local\Programs\Python\Python312\Lib\site-packages\django\contrib\contenttypes\management\__init__.py first seen with mtime 1717559427.9306452
File C:\Users\MARKtech\AppData\Local\Programs\Python\Python312\Lib\site-packages\django\templatetags\i18n.py first seen with mtime 1717559445.4258249
File C:\Users\MARKtech\AppData\Local\Programs\Python\Python312\Lib\site-packages\django\templatetags\i18n.py first seen with mtime 1717559445.4258249
File C:\Users\MARKtech\AppData\Local\Programs\Python\Python312\Lib\asyncio\threads.py first seen with mtime 1712674218.0
File C:\Users\MARKtech\AppData\Local\Programs\Python\Python312\Lib\asyncio\threads.py first seen with mtime 1712674218.0
File C:\Users\MARKtech\AppData\Local\Programs\Python\Python312\Lib\site-packages\sqlparse\filters\aligned_indent.py first seen with mtime 1717559404.333169
File C:\Users\MARKtech\AppData\Local\Programs\Python\Python312\Lib\site-packages\sqlparse\filters\aligned_indent.py first seen with mtime 1717559404.333169
File C:\Users\MARKtech\AppData\Local\Programs\Python\Python312\Lib\site-packages\django\contrib\admin\exceptions.py first seen with mtime 1717559413.196721
File C:\Users\MARKtech\AppData\Local\Programs\Python\Python312\Lib\site-packages\django\contrib\admin\exceptions.py first seen with mtime 1717559413.196721
File C:\Users\MARKtech\AppData\Local\Programs\Python\Python312\Lib\site-packages\django\db\migrations\__init__.py first seen with mtime 1717559443.6222577
File C:\Users\MARKtech\AppData\Local\Programs\Python\Python312\Lib\site-packages\django\db\migrations\__init__.py first seen with mtime 1717559443.6222577
File C:\Users\MARKtech\AppData\Local\Programs\Python\Python312\Lib\site-packages\django\shortcuts.py first seen with mtime 1717559408.962111
File C:\Users\MARKtech\AppData\Local\Programs\Python\Python312\Lib\site-packages\django\shortcuts.py first seen with mtime 1717559408.962111
File C:\Users\MARKtech\AppData\Local\Programs\Python\Python312\Lib\lzma.py first seen with mtime 1712674218.0
File C:\Users\MARKtech\AppData\Local\Programs\Python\Python312\Lib\lzma.py first seen with mtime 1712674218.0
File C:\Users\MARKtech\AppData\Local\Programs\Python\Python312\Lib\tempfile.py first seen with mtime 1712674218.0
File C:\Users\MARKtech\AppData\Local\Programs\Python\Python312\Lib\tempfile.py first seen with mtime 1712674218.0
File C:\Users\MARKtech\AppData\Local\Programs\Python\Python312\Lib\site-packages\django\contrib\auth\management\__init__.py first seen with mtime 1717559423.6390004
File C:\Users\MARKtech\AppData\Local\Programs\Python\Python312\Lib\site-packages\django\contrib\auth\management\__init__.py first seen with mtime 1717559423.6390004
File C:\Users\MARKtech\AppData\Local\Programs\Python\Python312\Lib\site-packages\django\utils\lorem_ipsum.py first seen with mtime 1717559446.2104435
File C:\Users\MARKtech\AppData\Local\Programs\Python\Python312\Lib\site-packages\django\utils\lorem_ipsum.py first seen with mtime 1717559446.2104435
File C:\Users\MARKtech\AppData\Local\Programs\Python\Python312\Lib\importlib\_abc.py first seen with mtime 1712674218.0
File C:\Users\MARKtech\AppData\Local\Programs\Python\Python312\Lib\importlib\_abc.py first seen with mtime 1712674218.0
File C:\Users\MARKtech\AppData\Local\Programs\Python\Python312\Lib\site-packages\django\db\models\fields\related_lookups.py first seen with mtime 1717559443.9035318
File C:\Users\MARKtech\AppData\Local\Programs\Python\Python312\Lib\site-packages\django\db\models\fields\related_lookups.py first seen with mtime 1717559443.9035318
File C:\Users\MARKtech\AppData\Local\Programs\Python\Python312\Lib\site-packages\django\http\multipartparser.py first seen with mtime 1717559445.0382962
File C:\Users\MARKtech\AppData\Local\Programs\Python\Python312\Lib\site-packages\django\http\multipartparser.py first seen with mtime 1717559445.0382962
File C:\Users\MARKtech\AppData\Local\Programs\Python\Python312\Lib\site-packages\sqlparse\cli.py first seen with mtime 1717559404.2132711
File C:\Users\MARKtech\AppData\Local\Programs\Python\Python312\Lib\site-packages\sqlparse\cli.py first seen with mtime 1717559404.2132711
File C:\Users\MARKtech\AppData\Local\Programs\Python\Python312\Lib\site-packages\sqlparse\filters\output.py first seen with mtime 1717559404.3395329
File C:\Users\MARKtech\AppData\Local\Programs\Python\Python312\Lib\site-packages\sqlparse\filters\output.py first seen with mtime 1717559404.3395329
File C:\Users\MARKtech\AppData\Local\Programs\Python\Python312\Lib\site-packages\django\contrib\admin\utils.py first seen with mtime 1717559413.2592037
File C:\Users\MARKtech\AppData\Local\Programs\Python\Python312\Lib\site-packages\django\contrib\admin\utils.py first seen with mtime 1717559413.2592037
File C:\Users\MARKtech\AppData\Local\Programs\Python\Python312\Lib\site-packages\django\core\serializers\python.py first seen with mtime 1717559443.2314663
File C:\Users\MARKtech\AppData\Local\Programs\Python\Python312\Lib\site-packages\django\core\serializers\python.py first seen with mtime 1717559443.2314663
File C:\Users\MARKtech\AppData\Local\Programs\Python\Python312\Lib\site-packages\django\utils\timezone.py first seen with mtime 1717559446.3666942
File C:\Users\MARKtech\AppData\Local\Programs\Python\Python312\Lib\site-packages\django\utils\timezone.py first seen with mtime 1717559446.3666942
File C:\Users\MARKtech\AppData\Local\Programs\Python\Python312\Lib\site-packages\django\utils\ipv6.py first seen with mtime 1717559446.0212638
File C:\Users\MARKtech\AppData\Local\Programs\Python\Python312\Lib\site-packages\django\utils\ipv6.py first seen with mtime 1717559446.0212638
File C:\Users\MARKtech\AppData\Local\Programs\Python\Python312\Lib\concurrent\futures\thread.py first seen with mtime 1712674218.0
File C:\Users\MARKtech\AppData\Local\Programs\Python\Python312\Lib\concurrent\futures\thread.py first seen with mtime 1712674218.0
File C:\Users\MARKtech\AppData\Local\Programs\Python\Python312\Lib\site-packages\django\core\signing.py first seen with mtime 1717559442.6039424
File C:\Users\MARKtech\AppData\Local\Programs\Python\Python312\Lib\site-packages\django\core\signing.py first seen with mtime 1717559442.6039424
File C:\Users\MARKtech\Desktop\django1\djangoapp\my_app\models\saved_school.py first seen with mtime 1722853994.9230196
File C:\Users\MARKtech\Desktop\django1\djangoapp\my_app\models\saved_school.py first seen with mtime 1722853994.9230196
File C:\Users\MARKtech\AppData\Local\Programs\Python\Python312\Lib\site-packages\MySQLdb\constants\__init__.py first seen with mtime 1720572393.425949
File C:\Users\MARKtech\AppData\Local\Programs\Python\Python312\Lib\site-packages\MySQLdb\constants\__init__.py first seen with mtime 1720572393.425949
File C:\Users\MARKtech\AppData\Local\Programs\Python\Python312\Lib\site-packages\django\core\handlers\exception.py first seen with mtime 1717559442.9008212
File C:\Users\MARKtech\AppData\Local\Programs\Python\Python312\Lib\site-packages\django\core\handlers\exception.py first seen with mtime 1717559442.9008212
File C:\Users\MARKtech\AppData\Local\Programs\Python\Python312\Lib\site-packages\django\template\loaders\__init__.py first seen with mtime 1717559445.3320777
File C:\Users\MARKtech\AppData\Local\Programs\Python\Python312\Lib\site-packages\django\template\loaders\__init__.py first seen with mtime 1717559445.3320777
File C:\Users\MARKtech\AppData\Local\Programs\Python\Python312\Lib\ctypes\__init__.py first seen with mtime 1712674218.0
File C:\Users\MARKtech\AppData\Local\Programs\Python\Python312\Lib\ctypes\__init__.py first seen with mtime 1712674218.0
File C:\Users\MARKtech\AppData\Local\Programs\Python\Python312\Lib\site-packages\django\forms\__init__.py first seen with mtime 1717559444.012919
File C:\Users\MARKtech\AppData\Local\Programs\Python\Python312\Lib\site-packages\django\forms\__init__.py first seen with mtime 1717559444.012919
File C:\Users\MARKtech\Desktop\django1\djangoapp\my_project\__init__.py first seen with mtime 1717559612.1295936
File C:\Users\MARKtech\Desktop\django1\djangoapp\my_project\__init__.py first seen with mtime 1717559612.1295936
File C:\Users\MARKtech\AppData\Local\Programs\Python\Python312\Lib\site-packages\django\utils\choices.py first seen with mtime 1717559445.7087955
File C:\Users\MARKtech\AppData\Local\Programs\Python\Python312\Lib\site-packages\django\utils\choices.py first seen with mtime 1717559445.7087955
File C:\Users\MARKtech\AppData\Local\Programs\Python\Python312\Lib\site-packages\django\core\files\base.py first seen with mtime 1717559442.7914426
File C:\Users\MARKtech\AppData\Local\Programs\Python\Python312\Lib\site-packages\django\core\files\base.py first seen with mtime 1717559442.7914426
File C:\Users\MARKtech\AppData\Local\Programs\Python\Python312\Lib\site-packages\django\db\models\constraints.py first seen with mtime 1717559443.7628896
File C:\Users\MARKtech\AppData\Local\Programs\Python\Python312\Lib\site-packages\django\db\models\constraints.py first seen with mtime 1717559443.7628896
File C:\Users\MARKtech\AppData\Local\Programs\Python\Python312\Lib\token.py first seen with mtime 1712674218.0
File C:\Users\MARKtech\AppData\Local\Programs\Python\Python312\Lib\token.py first seen with mtime 1712674218.0
File C:\Users\MARKtech\AppData\Local\Programs\Python\Python312\Lib\calendar.py first seen with mtime 1712674218.0
File C:\Users\MARKtech\AppData\Local\Programs\Python\Python312\Lib\calendar.py first seen with mtime 1712674218.0
File C:\Users\MARKtech\AppData\Local\Programs\Python\Python312\Lib\fnmatch.py first seen with mtime 1712674218.0
File C:\Users\MARKtech\AppData\Local\Programs\Python\Python312\Lib\fnmatch.py first seen with mtime 1712674218.0
File C:\Users\MARKtech\AppData\Local\Programs\Python\Python312\Lib\site-packages\django\core\checks\security\__init__.py first seen with mtime 1717559442.760224
File C:\Users\MARKtech\AppData\Local\Programs\Python\Python312\Lib\site-packages\django\core\checks\security\__init__.py first seen with mtime 1717559442.760224
File C:\Users\MARKtech\AppData\Local\Programs\Python\Python312\DLLs\_uuid.pyd first seen with mtime 1712674262.0
File C:\Users\MARKtech\AppData\Local\Programs\Python\Python312\DLLs\_uuid.pyd first seen with mtime 1712674262.0
File C:\Users\MARKtech\AppData\Local\Programs\Python\Python312\Lib\argparse.py first seen with mtime 1712674218.0
File C:\Users\MARKtech\AppData\Local\Programs\Python\Python312\Lib\argparse.py first seen with mtime 1712674218.0
File C:\Users\MARKtech\AppData\Local\Programs\Python\Python312\Lib\site-packages\django\db\migrations\operations\models.py first seen with mtime 1717559443.7316587
File C:\Users\MARKtech\AppData\Local\Programs\Python\Python312\Lib\site-packages\django\db\migrations\operations\models.py first seen with mtime 1717559443.7316587
File C:\Users\MARKtech\AppData\Local\Programs\Python\Python312\Lib\site-packages\django\db\models\utils.py first seen with mtime 1717559443.8410084
File C:\Users\MARKtech\AppData\Local\Programs\Python\Python312\Lib\site-packages\django\db\models\utils.py first seen with mtime 1717559443.8410084
File C:\Users\MARKtech\AppData\Local\Programs\Python\Python312\Lib\email\_header_value_parser.py first seen with mtime 1712674218.0
File C:\Users\MARKtech\AppData\Local\Programs\Python\Python312\Lib\email\_header_value_parser.py first seen with mtime 1712674218.0
File C:\Users\MARKtech\AppData\Local\Programs\Python\Python312\Lib\site-packages\django\template\response.py first seen with mtime 1717559445.2539608
File C:\Users\MARKtech\AppData\Local\Programs\Python\Python312\Lib\site-packages\django\template\response.py first seen with mtime 1717559445.2539608
File C:\Users\MARKtech\AppData\Local\Programs\Python\Python312\Lib\site-packages\django\db\migrations\operations\fields.py first seen with mtime 1717559443.7316587
File C:\Users\MARKtech\AppData\Local\Programs\Python\Python312\Lib\site-packages\django\db\migrations\operations\fields.py first seen with mtime 1717559443.7316587
File C:\Users\MARKtech\AppData\Local\Programs\Python\Python312\Lib\site-packages\django\contrib\auth\backends.py first seen with mtime 1717559421.6767423
File C:\Users\MARKtech\AppData\Local\Programs\Python\Python312\Lib\site-packages\django\contrib\auth\backends.py first seen with mtime 1717559421.6767423
File C:\Users\MARKtech\AppData\Local\Programs\Python\Python312\Lib\site-packages\django\contrib\admin\widgets.py first seen with mtime 1717559413.2592037
File C:\Users\MARKtech\AppData\Local\Programs\Python\Python312\Lib\site-packages\django\contrib\admin\widgets.py first seen with mtime 1717559413.2592037
File C:\Users\MARKtech\AppData\Local\Programs\Python\Python312\Lib\site-packages\django\views\generic\dates.py first seen with mtime 1717559446.6010633
File C:\Users\MARKtech\AppData\Local\Programs\Python\Python312\Lib\site-packages\django\views\generic\dates.py first seen with mtime 1717559446.6010633
File C:\Users\MARKtech\AppData\Local\Programs\Python\Python312\Lib\site-packages\django\urls\__init__.py first seen with mtime 1717559445.535201
File C:\Users\MARKtech\AppData\Local\Programs\Python\Python312\Lib\site-packages\django\urls\__init__.py first seen with mtime 1717559445.535201
File C:\Users\MARKtech\AppData\Local\Programs\Python\Python312\Lib\pickle.py first seen with mtime 1712674218.0
File C:\Users\MARKtech\AppData\Local\Programs\Python\Python312\Lib\pickle.py first seen with mtime 1712674218.0
File C:\Users\MARKtech\AppData\Local\Programs\Python\Python312\Lib\site-packages\MySQLdb\converters.py first seen with mtime 1720572393.3790674
File C:\Users\MARKtech\AppData\Local\Programs\Python\Python312\Lib\site-packages\MySQLdb\converters.py first seen with mtime 1720572393.3790674
File C:\Users\MARKtech\AppData\Local\Programs\Python\Python312\Lib\site-packages\colorama\initialise.py first seen with mtime 1716950678.802719
File C:\Users\MARKtech\AppData\Local\Programs\Python\Python312\Lib\site-packages\colorama\initialise.py first seen with mtime 1716950678.802719
File C:\Users\MARKtech\AppData\Local\Programs\Python\Python312\Lib\contextvars.py first seen with mtime 1712674218.0
File C:\Users\MARKtech\AppData\Local\Programs\Python\Python312\Lib\contextvars.py first seen with mtime 1712674218.0
File C:\Users\MARKtech\AppData\Local\Programs\Python\Python312\Lib\site-packages\django\contrib\auth\middleware.py first seen with mtime 1717559421.7392418
File C:\Users\MARKtech\AppData\Local\Programs\Python\Python312\Lib\site-packages\django\contrib\auth\middleware.py first seen with mtime 1717559421.7392418
File C:\Users\MARKtech\AppData\Local\Programs\Python\Python312\Lib\email\mime\base.py first seen with mtime 1712674218.0
File C:\Users\MARKtech\AppData\Local\Programs\Python\Python312\Lib\email\mime\base.py first seen with mtime 1712674218.0
File C:\Users\MARKtech\AppData\Local\Programs\Python\Python312\Lib\site-packages\django\conf\urls\static.py first seen with mtime 1717559413.1342309
File C:\Users\MARKtech\AppData\Local\Programs\Python\Python312\Lib\site-packages\django\conf\urls\static.py first seen with mtime 1717559413.1342309
File C:\Users\MARKtech\AppData\Local\Programs\Python\Python312\Lib\site-packages\django\http\request.py first seen with mtime 1717559445.0382962
File C:\Users\MARKtech\AppData\Local\Programs\Python\Python312\Lib\site-packages\django\http\request.py first seen with mtime 1717559445.0382962
File C:\Users\MARKtech\AppData\Local\Programs\Python\Python312\Lib\site-packages\django\contrib\auth\models.py first seen with mtime 1717559421.7548585
File C:\Users\MARKtech\AppData\Local\Programs\Python\Python312\Lib\site-packages\django\contrib\auth\models.py first seen with mtime 1717559421.7548585
File C:\Users\MARKtech\AppData\Local\Programs\Python\Python312\Lib\asyncio\format_helpers.py first seen with mtime 1712674218.0
File C:\Users\MARKtech\AppData\Local\Programs\Python\Python312\Lib\asyncio\format_helpers.py first seen with mtime 1712674218.0
File C:\Users\MARKtech\AppData\Local\Programs\Python\Python312\Lib\site-packages\MySQLdb\_exceptions.py first seen with mtime 1720572393.3336406
File C:\Users\MARKtech\AppData\Local\Programs\Python\Python312\Lib\site-packages\MySQLdb\_exceptions.py first seen with mtime 1720572393.3336406
File C:\Users\MARKtech\AppData\Local\Programs\Python\Python312\Lib\site-packages\django\contrib\admin\checks.py first seen with mtime 1717559413.1810825
File C:\Users\MARKtech\AppData\Local\Programs\Python\Python312\Lib\site-packages\django\contrib\admin\checks.py first seen with mtime 1717559413.1810825
File C:\Users\MARKtech\AppData\Local\Programs\Python\Python312\Lib\site-packages\django\template\__init__.py first seen with mtime 1717559445.1476822
File C:\Users\MARKtech\AppData\Local\Programs\Python\Python312\Lib\site-packages\django\template\__init__.py first seen with mtime 1717559445.1476822
File C:\Users\MARKtech\AppData\Local\Programs\Python\Python312\Lib\site-packages\django\core\cache\backends\filebased.py first seen with mtime 1717559442.6508381
File C:\Users\MARKtech\AppData\Local\Programs\Python\Python312\Lib\site-packages\django\core\cache\backends\filebased.py first seen with mtime 1717559442.6508381
File C:\Users\MARKtech\AppData\Local\Programs\Python\Python312\Lib\site-packages\django\core\files\storage\base.py first seen with mtime 1717559442.85395
File C:\Users\MARKtech\AppData\Local\Programs\Python\Python312\Lib\site-packages\django\core\files\storage\base.py first seen with mtime 1717559442.85395
File C:\Users\MARKtech\AppData\Local\Programs\Python\Python312\Lib\site-packages\django\forms\renderers.py first seen with mtime 1717559444.0597532
File C:\Users\MARKtech\AppData\Local\Programs\Python\Python312\Lib\site-packages\django\forms\renderers.py first seen with mtime 1717559444.0597532
File C:\Users\MARKtech\AppData\Local\Programs\Python\Python312\Lib\site-packages\django\apps\__init__.py first seen with mtime 1717559408.962111
File C:\Users\MARKtech\AppData\Local\Programs\Python\Python312\Lib\site-packages\django\apps\__init__.py first seen with mtime 1717559408.962111
File C:\Users\MARKtech\AppData\Local\Programs\Python\Python312\Lib\site-packages\django\contrib\sessions\base_session.py first seen with mtime 1717559438.9982069
File C:\Users\MARKtech\AppData\Local\Programs\Python\Python312\Lib\site-packages\django\contrib\sessions\base_session.py first seen with mtime 1717559438.9982069
File C:\Users\MARKtech\AppData\Local\Programs\Python\Python312\Lib\site-packages\django\utils\encoding.py first seen with mtime 1717559445.9431427
File C:\Users\MARKtech\AppData\Local\Programs\Python\Python312\Lib\site-packages\django\utils\encoding.py first seen with mtime 1717559445.9431427
File C:\Users\MARKtech\AppData\Local\Programs\Python\Python312\Lib\site-packages\django\views\decorators\csrf.py first seen with mtime 1717559446.5385635
File C:\Users\MARKtech\AppData\Local\Programs\Python\Python312\Lib\site-packages\django\views\decorators\csrf.py first seen with mtime 1717559446.5385635
File C:\Users\MARKtech\AppData\Local\Programs\Python\Python312\Lib\site-packages\django\db\models\functions\datetime.py first seen with mtime 1717559443.9191475
File C:\Users\MARKtech\AppData\Local\Programs\Python\Python312\Lib\site-packages\django\db\models\functions\datetime.py first seen with mtime 1717559443.9191475
File C:\Users\MARKtech\AppData\Local\Programs\Python\Python312\Lib\site-packages\django\middleware\http.py first seen with mtime 1717559445.116422
File C:\Users\MARKtech\AppData\Local\Programs\Python\Python312\Lib\site-packages\django\middleware\http.py first seen with mtime 1717559445.116422
File C:\Users\MARKtech\AppData\Local\Programs\Python\Python312\Lib\site-packages\django\contrib\sessions\backends\base.py first seen with mtime 1717559439.0450435
File C:\Users\MARKtech\AppData\Local\Programs\Python\Python312\Lib\site-packages\django\contrib\sessions\backends\base.py first seen with mtime 1717559439.0450435
File C:\Users\MARKtech\AppData\Local\Programs\Python\Python312\Lib\site-packages\django\templatetags\cache.py first seen with mtime 1717559445.4102085
File C:\Users\MARKtech\AppData\Local\Programs\Python\Python312\Lib\site-packages\django\templatetags\cache.py first seen with mtime 1717559445.4102085
File C:\Users\MARKtech\AppData\Local\Programs\Python\Python312\Lib\email\contentmanager.py first seen with mtime 1712674218.0
File C:\Users\MARKtech\AppData\Local\Programs\Python\Python312\Lib\email\contentmanager.py first seen with mtime 1712674218.0
File C:\Users\MARKtech\AppData\Local\Programs\Python\Python312\Lib\site-packages\django\template\loader_tags.py first seen with mtime 1717559445.238321
File C:\Users\MARKtech\AppData\Local\Programs\Python\Python312\Lib\site-packages\django\template\loader_tags.py first seen with mtime 1717559445.238321
File C:\Users\MARKtech\AppData\Local\Programs\Python\Python312\Lib\site-packages\django\core\checks\compatibility\django_4_0.py first seen with mtime 1717559442.744578
File C:\Users\MARKtech\AppData\Local\Programs\Python\Python312\Lib\site-packages\django\core\checks\compatibility\django_4_0.py first seen with mtime 1717559442.744578
File C:\Users\MARKtech\AppData\Local\Programs\Python\Python312\Lib\socketserver.py first seen with mtime 1712674218.0
File C:\Users\MARKtech\AppData\Local\Programs\Python\Python312\Lib\socketserver.py first seen with mtime 1712674218.0
File C:\Users\MARKtech\AppData\Local\Programs\Python\Python312\Lib\site-packages\sqlparse\__init__.py first seen with mtime 1717559404.197659
File C:\Users\MARKtech\AppData\Local\Programs\Python\Python312\Lib\site-packages\sqlparse\__init__.py first seen with mtime 1717559404.197659
File C:\Users\MARKtech\AppData\Local\Programs\Python\Python312\Lib\http\cookies.py first seen with mtime 1712674218.0
File C:\Users\MARKtech\AppData\Local\Programs\Python\Python312\Lib\http\cookies.py first seen with mtime 1712674218.0
File C:\Users\MARKtech\AppData\Local\Programs\Python\Python312\Lib\site-packages\django\core\mail\__init__.py first seen with mtime 1717559442.9164326
File C:\Users\MARKtech\AppData\Local\Programs\Python\Python312\Lib\site-packages\django\core\mail\__init__.py first seen with mtime 1717559442.9164326
File C:\Users\MARKtech\AppData\Local\Programs\Python\Python312\DLLs\select.pyd first seen with mtime 1712674262.0
File C:\Users\MARKtech\AppData\Local\Programs\Python\Python312\DLLs\select.pyd first seen with mtime 1712674262.0
File C:\Users\MARKtech\AppData\Local\Programs\Python\Python312\Lib\site-packages\MySQLdb\constants\FLAG.py first seen with mtime 1720572393.425949
File C:\Users\MARKtech\AppData\Local\Programs\Python\Python312\Lib\site-packages\MySQLdb\constants\FLAG.py first seen with mtime 1720572393.425949
File C:\Users\MARKtech\AppData\Local\Programs\Python\Python312\Lib\site-packages\django\utils\deconstruct.py first seen with mtime 1717559445.911903
File C:\Users\MARKtech\AppData\Local\Programs\Python\Python312\Lib\site-packages\django\utils\deconstruct.py first seen with mtime 1717559445.911903
File C:\Users\MARKtech\AppData\Local\Programs\Python\Python312\Lib\site-packages\django\utils\functional.py first seen with mtime 1717559445.9743893
File C:\Users\MARKtech\AppData\Local\Programs\Python\Python312\Lib\site-packages\django\utils\functional.py first seen with mtime 1717559445.9743893
File C:\Users\MARKtech\AppData\Local\Programs\Python\Python312\Lib\site-packages\django\db\models\enums.py first seen with mtime 1717559443.778548
File C:\Users\MARKtech\AppData\Local\Programs\Python\Python312\Lib\site-packages\django\db\models\enums.py first seen with mtime 1717559443.778548
File C:\Users\MARKtech\AppData\Local\Programs\Python\Python312\Lib\site-packages\django\forms\forms.py first seen with mtime 1717559444.0285244
File C:\Users\MARKtech\AppData\Local\Programs\Python\Python312\Lib\site-packages\django\forms\forms.py first seen with mtime 1717559444.0285244
File C:\Users\MARKtech\AppData\Local\Programs\Python\Python312\Lib\concurrent\futures\_base.py first seen with mtime 1712674218.0
File C:\Users\MARKtech\AppData\Local\Programs\Python\Python312\Lib\concurrent\futures\_base.py first seen with mtime 1712674218.0
File C:\Users\MARKtech\AppData\Local\Programs\Python\Python312\Lib\pkgutil.py first seen with mtime 1712674218.0
File C:\Users\MARKtech\AppData\Local\Programs\Python\Python312\Lib\pkgutil.py first seen with mtime 1712674218.0
File C:\Users\MARKtech\AppData\Local\Programs\Python\Python312\Lib\site-packages\django\template\engine.py first seen with mtime 1717559445.2070818
File C:\Users\MARKtech\AppData\Local\Programs\Python\Python312\Lib\site-packages\django\template\engine.py first seen with mtime 1717559445.2070818
File C:\Users\MARKtech\AppData\Local\Programs\Python\Python312\Lib\site-packages\django\core\servers\basehttp.py first seen with mtime 1717559443.262735
File C:\Users\MARKtech\AppData\Local\Programs\Python\Python312\Lib\site-packages\django\core\servers\basehttp.py first seen with mtime 1717559443.262735
File C:\Users\MARKtech\AppData\Local\Programs\Python\Python312\Lib\site-packages\django\db\utils.py first seen with mtime 1717559443.2783782
File C:\Users\MARKtech\AppData\Local\Programs\Python\Python312\Lib\site-packages\django\db\utils.py first seen with mtime 1717559443.2783782
File C:\Users\MARKtech\AppData\Local\Programs\Python\Python312\Lib\site-packages\django\utils\translation\__init__.py first seen with mtime 1717559446.413566
File C:\Users\MARKtech\AppData\Local\Programs\Python\Python312\Lib\site-packages\django\utils\translation\__init__.py first seen with mtime 1717559446.413566
File C:\Users\MARKtech\AppData\Local\Programs\Python\Python312\Lib\html\entities.py first seen with mtime 1712674218.0
File C:\Users\MARKtech\AppData\Local\Programs\Python\Python312\Lib\html\entities.py first seen with mtime 1712674218.0
File C:\Users\MARKtech\AppData\Local\Programs\Python\Python312\Lib\site-packages\django\db\models\functions\mixins.py first seen with mtime 1717559443.934756
File C:\Users\MARKtech\AppData\Local\Programs\Python\Python312\Lib\site-packages\django\db\models\functions\mixins.py first seen with mtime 1717559443.934756
File C:\Users\MARKtech\AppData\Local\Programs\Python\Python312\DLLs\unicodedata.pyd first seen with mtime 1712674262.0
File C:\Users\MARKtech\AppData\Local\Programs\Python\Python312\DLLs\unicodedata.pyd first seen with mtime 1712674262.0
File C:\Users\MARKtech\AppData\Local\Programs\Python\Python312\Lib\site-packages\django\views\decorators\common.py first seen with mtime 1717559446.5385635
File C:\Users\MARKtech\AppData\Local\Programs\Python\Python312\Lib\site-packages\django\views\decorators\common.py first seen with mtime 1717559446.5385635
File C:\Users\MARKtech\AppData\Local\Programs\Python\Python312\Lib\wsgiref\handlers.py first seen with mtime 1712674218.0
File C:\Users\MARKtech\AppData\Local\Programs\Python\Python312\Lib\wsgiref\handlers.py first seen with mtime 1712674218.0
File C:\Users\MARKtech\AppData\Local\Programs\Python\Python312\Lib\site-packages\django\conf\locale\__init__.py first seen with mtime 1717559409.0714984
File C:\Users\MARKtech\AppData\Local\Programs\Python\Python312\Lib\site-packages\django\conf\locale\__init__.py first seen with mtime 1717559409.0714984
File C:\Users\MARKtech\AppData\Local\Programs\Python\Python312\Lib\site-packages\sqlparse\engine\grouping.py first seen with mtime 1717559404.3019133
File C:\Users\MARKtech\AppData\Local\Programs\Python\Python312\Lib\site-packages\sqlparse\engine\grouping.py first seen with mtime 1717559404.3019133
File C:\Users\MARKtech\AppData\Local\Programs\Python\Python312\Lib\site-packages\django\core\handlers\__init__.py first seen with mtime 1717559442.8851998
File C:\Users\MARKtech\AppData\Local\Programs\Python\Python312\Lib\site-packages\django\core\handlers\__init__.py first seen with mtime 1717559442.8851998
File C:\Users\MARKtech\AppData\Local\Programs\Python\Python312\Lib\site-packages\django\db\backends\signals.py first seen with mtime 1717559443.2939568
File C:\Users\MARKtech\AppData\Local\Programs\Python\Python312\Lib\site-packages\django\db\backends\signals.py first seen with mtime 1717559443.2939568
File C:\Users\MARKtech\AppData\Local\Programs\Python\Python312\Lib\site-packages\django\db\models\functions\window.py first seen with mtime 1717559443.9504194
File C:\Users\MARKtech\AppData\Local\Programs\Python\Python312\Lib\site-packages\django\db\models\functions\window.py first seen with mtime 1717559443.9504194
File C:\Users\MARKtech\AppData\Local\Programs\Python\Python312\Lib\email\mime\message.py first seen with mtime 1712674218.0
File C:\Users\MARKtech\AppData\Local\Programs\Python\Python312\Lib\email\mime\message.py first seen with mtime 1712674218.0
File C:\Users\MARKtech\AppData\Local\Programs\Python\Python312\DLLs\_bz2.pyd first seen with mtime 1712674262.0
File C:\Users\MARKtech\AppData\Local\Programs\Python\Python312\DLLs\_bz2.pyd first seen with mtime 1712674262.0
File C:\Users\MARKtech\AppData\Local\Programs\Python\Python312\Lib\site-packages\django\views\generic\__init__.py first seen with mtime 1717559446.585439
File C:\Users\MARKtech\AppData\Local\Programs\Python\Python312\Lib\site-packages\django\views\generic\__init__.py first seen with mtime 1717559446.585439
File C:\Users\MARKtech\AppData\Local\Programs\Python\Python312\Lib\_markupbase.py first seen with mtime 1712674218.0
File C:\Users\MARKtech\AppData\Local\Programs\Python\Python312\Lib\_markupbase.py first seen with mtime 1712674218.0
File C:\Users\MARKtech\AppData\Local\Programs\Python\Python312\Lib\asyncio\log.py first seen with mtime 1712674218.0
File C:\Users\MARKtech\AppData\Local\Programs\Python\Python312\Lib\asyncio\log.py first seen with mtime 1712674218.0
File C:\Users\MARKtech\AppData\Local\Programs\Python\Python312\Lib\site-packages\django\utils\autoreload.py first seen with mtime 1717559445.6445718
File C:\Users\MARKtech\AppData\Local\Programs\Python\Python312\Lib\site-packages\django\utils\autoreload.py first seen with mtime 1717559445.6445718
File C:\Users\MARKtech\AppData\Local\Programs\Python\Python312\Lib\site-packages\django\middleware\cache.py first seen with mtime 1717559445.0695603
File C:\Users\MARKtech\AppData\Local\Programs\Python\Python312\Lib\site-packages\django\middleware\cache.py first seen with mtime 1717559445.0695603
File C:\Users\MARKtech\AppData\Local\Programs\Python\Python312\Lib\site-packages\django\db\backends\base\validation.py first seen with mtime 1717559443.3564713
File C:\Users\MARKtech\AppData\Local\Programs\Python\Python312\Lib\site-packages\django\db\backends\base\validation.py first seen with mtime 1717559443.3564713
File C:\Users\MARKtech\AppData\Local\Programs\Python\Python312\Lib\_weakrefset.py first seen with mtime 1712674218.0
File C:\Users\MARKtech\AppData\Local\Programs\Python\Python312\Lib\_weakrefset.py first seen with mtime 1712674218.0
File C:\Users\MARKtech\AppData\Local\Programs\Python\Python312\Lib\site-packages\django\core\cache\backends\base.py first seen with mtime 1717559442.6351814
File C:\Users\MARKtech\AppData\Local\Programs\Python\Python312\Lib\site-packages\django\core\cache\backends\base.py first seen with mtime 1717559442.6351814
File C:\Users\MARKtech\AppData\Local\Programs\Python\Python312\Lib\mimetypes.py first seen with mtime 1712674218.0
File C:\Users\MARKtech\AppData\Local\Programs\Python\Python312\Lib\mimetypes.py first seen with mtime 1712674218.0
File C:\Users\MARKtech\AppData\Local\Programs\Python\Python312\Lib\site-packages\django\db\backends\base\creation.py first seen with mtime 1717559443.3252099
File C:\Users\MARKtech\AppData\Local\Programs\Python\Python312\Lib\site-packages\django\db\backends\base\creation.py first seen with mtime 1717559443.3252099
File C:\Users\MARKtech\AppData\Local\Programs\Python\Python312\Lib\site-packages\django\db\models\fields\__init__.py first seen with mtime 1717559443.8566413
File C:\Users\MARKtech\AppData\Local\Programs\Python\Python312\Lib\site-packages\django\db\models\fields\__init__.py first seen with mtime 1717559443.8566413
File C:\Users\MARKtech\AppData\Local\Programs\Python\Python312\Lib\site-packages\django\db\models\options.py first seen with mtime 1717559443.8253806
File C:\Users\MARKtech\AppData\Local\Programs\Python\Python312\Lib\site-packages\django\db\models\options.py first seen with mtime 1717559443.8253806
File C:\Users\MARKtech\AppData\Local\Programs\Python\Python312\Lib\asyncio\futures.py first seen with mtime 1712674218.0
File C:\Users\MARKtech\AppData\Local\Programs\Python\Python312\Lib\asyncio\futures.py first seen with mtime 1712674218.0
File C:\Users\MARKtech\AppData\Local\Programs\Python\Python312\Lib\asyncio\runners.py first seen with mtime 1712674218.0
File C:\Users\MARKtech\AppData\Local\Programs\Python\Python312\Lib\asyncio\runners.py first seen with mtime 1712674218.0
File C:\Users\MARKtech\AppData\Local\Programs\Python\Python312\Lib\site-packages\asgiref\__init__.py first seen with mtime 1717559407.488507
File C:\Users\MARKtech\AppData\Local\Programs\Python\Python312\Lib\site-packages\asgiref\__init__.py first seen with mtime 1717559407.488507
File C:\Users\MARKtech\AppData\Local\Programs\Python\Python312\Lib\site-packages\django\core\files\images.py first seen with mtime 1717559442.7914426
File C:\Users\MARKtech\AppData\Local\Programs\Python\Python312\Lib\site-packages\django\core\files\images.py first seen with mtime 1717559442.7914426
File C:\Users\MARKtech\AppData\Local\Programs\Python\Python312\Lib\site-packages\django\core\files\storage\__init__.py first seen with mtime 1717559442.838323
File C:\Users\MARKtech\AppData\Local\Programs\Python\Python312\Lib\site-packages\django\core\files\storage\__init__.py first seen with mtime 1717559442.838323
File C:\Users\MARKtech\AppData\Local\Programs\Python\Python312\Lib\email\encoders.py first seen with mtime 1712674218.0
File C:\Users\MARKtech\AppData\Local\Programs\Python\Python312\Lib\email\encoders.py first seen with mtime 1712674218.0
File C:\Users\MARKtech\AppData\Local\Programs\Python\Python312\Lib\pprint.py first seen with mtime 1712674218.0
File C:\Users\MARKtech\AppData\Local\Programs\Python\Python312\Lib\pprint.py first seen with mtime 1712674218.0
File C:\Users\MARKtech\AppData\Local\Programs\Python\Python312\Lib\collections\abc.py first seen with mtime 1712674218.0
File C:\Users\MARKtech\AppData\Local\Programs\Python\Python312\Lib\collections\abc.py first seen with mtime 1712674218.0
File C:\Users\MARKtech\AppData\Local\Programs\Python\Python312\Lib\ast.py first seen with mtime 1712674218.0
File C:\Users\MARKtech\AppData\Local\Programs\Python\Python312\Lib\ast.py first seen with mtime 1712674218.0
File C:\Users\MARKtech\AppData\Local\Programs\Python\Python312\Lib\site-packages\django\core\serializers\json.py first seen with mtime 1717559443.2158494
File C:\Users\MARKtech\AppData\Local\Programs\Python\Python312\Lib\site-packages\django\core\serializers\json.py first seen with mtime 1717559443.2158494
File C:\Users\MARKtech\AppData\Local\Programs\Python\Python312\Lib\site-packages\sqlparse\exceptions.py first seen with mtime 1717559404.2288928
File C:\Users\MARKtech\AppData\Local\Programs\Python\Python312\Lib\site-packages\sqlparse\exceptions.py first seen with mtime 1717559404.2288928
File C:\Users\MARKtech\AppData\Local\Programs\Python\Python312\Lib\zoneinfo\_common.py first seen with mtime 1712674218.0
File C:\Users\MARKtech\AppData\Local\Programs\Python\Python312\Lib\zoneinfo\_common.py first seen with mtime 1712674218.0
File C:\Users\MARKtech\AppData\Local\Programs\Python\Python312\Lib\site-packages\django\db\models\expressions.py first seen with mtime 1717559443.7941315
File C:\Users\MARKtech\AppData\Local\Programs\Python\Python312\Lib\site-packages\django\db\models\expressions.py first seen with mtime 1717559443.7941315
File C:\Users\MARKtech\AppData\Local\Programs\Python\Python312\Lib\site-packages\django\db\models\query.py first seen with mtime 1717559443.8253806
File C:\Users\MARKtech\AppData\Local\Programs\Python\Python312\Lib\site-packages\django\db\models\query.py first seen with mtime 1717559443.8253806
File C:\Users\MARKtech\AppData\Local\Programs\Python\Python312\DLLs\_ssl.pyd first seen with mtime 1712674262.0
File C:\Users\MARKtech\AppData\Local\Programs\Python\Python312\DLLs\_ssl.pyd first seen with mtime 1712674262.0
File C:\Users\MARKtech\AppData\Local\Programs\Python\Python312\Lib\site-packages\django\http\cookie.py first seen with mtime 1717559445.0226762
File C:\Users\MARKtech\AppData\Local\Programs\Python\Python312\Lib\site-packages\django\http\cookie.py first seen with mtime 1717559445.0226762
File C:\Users\MARKtech\AppData\Local\Programs\Python\Python312\Lib\site-packages\django\contrib\admin\views\autocomplete.py first seen with mtime 1717559419.3892977
File C:\Users\MARKtech\AppData\Local\Programs\Python\Python312\Lib\site-packages\django\contrib\admin\views\autocomplete.py first seen with mtime 1717559419.3892977
File C:\Users\MARKtech\AppData\Local\Programs\Python\Python312\Lib\site-packages\django\middleware\security.py first seen with mtime 1717559445.132051
File C:\Users\MARKtech\AppData\Local\Programs\Python\Python312\Lib\site-packages\django\middleware\security.py first seen with mtime 1717559445.132051
File C:\Users\MARKtech\AppData\Local\Programs\Python\Python312\Lib\site-packages\django\views\decorators\__init__.py first seen with mtime 1717559446.5073252
File C:\Users\MARKtech\AppData\Local\Programs\Python\Python312\Lib\site-packages\django\views\decorators\__init__.py first seen with mtime 1717559446.5073252
File C:\Users\MARKtech\AppData\Local\Programs\Python\Python312\Lib\site-packages\django\db\backends\base\__init__.py first seen with mtime 1717559443.3095856
File C:\Users\MARKtech\AppData\Local\Programs\Python\Python312\Lib\site-packages\django\db\backends\base\__init__.py first seen with mtime 1717559443.3095856
File C:\Users\MARKtech\AppData\Local\Programs\Python\Python312\Lib\site-packages\django\contrib\admin\apps.py first seen with mtime 1717559413.1654828
File C:\Users\MARKtech\AppData\Local\Programs\Python\Python312\Lib\site-packages\django\contrib\admin\apps.py first seen with mtime 1717559413.1654828
File C:\Users\MARKtech\AppData\Local\Programs\Python\Python312\Lib\base64.py first seen with mtime 1712674218.0
File C:\Users\MARKtech\AppData\Local\Programs\Python\Python312\Lib\base64.py first seen with mtime 1712674218.0
File C:\Users\MARKtech\AppData\Local\Programs\Python\Python312\Lib\site-packages\django\apps\config.py first seen with mtime 1717559408.977733
File C:\Users\MARKtech\AppData\Local\Programs\Python\Python312\Lib\site-packages\django\apps\config.py first seen with mtime 1717559408.977733
File C:\Users\MARKtech\AppData\Local\Programs\Python\Python312\Lib\site-packages\django\contrib\contenttypes\__init__.py first seen with mtime 1717559424.246539
File C:\Users\MARKtech\AppData\Local\Programs\Python\Python312\Lib\site-packages\django\contrib\contenttypes\__init__.py first seen with mtime 1717559424.246539
File C:\Users\MARKtech\AppData\Local\Programs\Python\Python312\Lib\site-packages\django\core\management\commands\runserver.py first seen with mtime 1717559443.122096
File C:\Users\MARKtech\AppData\Local\Programs\Python\Python312\Lib\site-packages\django\core\management\commands\runserver.py first seen with mtime 1717559443.122096
File C:\Users\MARKtech\AppData\Local\Programs\Python\Python312\DLLs\_asyncio.pyd first seen with mtime 1712674262.0
File C:\Users\MARKtech\AppData\Local\Programs\Python\Python312\DLLs\_asyncio.pyd first seen with mtime 1712674262.0
File C:\Users\MARKtech\AppData\Local\Programs\Python\Python312\Lib\site-packages\django\views\generic\edit.py first seen with mtime 1717559446.6166992
File C:\Users\MARKtech\AppData\Local\Programs\Python\Python312\Lib\site-packages\django\views\generic\edit.py first seen with mtime 1717559446.6166992
File C:\Users\MARKtech\AppData\Local\Programs\Python\Python312\Lib\site-packages\django\core\files\locks.py first seen with mtime 1717559442.807063
File C:\Users\MARKtech\AppData\Local\Programs\Python\Python312\Lib\site-packages\django\core\files\locks.py first seen with mtime 1717559442.807063
File C:\Users\MARKtech\AppData\Local\Programs\Python\Python312\Lib\asyncio\transports.py first seen with mtime 1712674218.0
File C:\Users\MARKtech\AppData\Local\Programs\Python\Python312\Lib\asyncio\transports.py first seen with mtime 1712674218.0
File C:\Users\MARKtech\AppData\Local\Programs\Python\Python312\Lib\email\generator.py first seen with mtime 1712674218.0
File C:\Users\MARKtech\AppData\Local\Programs\Python\Python312\Lib\email\generator.py first seen with mtime 1712674218.0
File C:\Users\MARKtech\AppData\Local\Programs\Python\Python312\Lib\datetime.py first seen with mtime 1712674218.0
File C:\Users\MARKtech\AppData\Local\Programs\Python\Python312\Lib\datetime.py first seen with mtime 1712674218.0
File C:\Users\MARKtech\AppData\Local\Programs\Python\Python312\Lib\site-packages\django\core\files\uploadhandler.py first seen with mtime 1717559442.8226876
File C:\Users\MARKtech\AppData\Local\Programs\Python\Python312\Lib\site-packages\django\core\files\uploadhandler.py first seen with mtime 1717559442.8226876
File C:\Users\MARKtech\AppData\Local\Programs\Python\Python312\Lib\site-packages\django\db\models\fields\proxy.py first seen with mtime 1717559443.872257
File C:\Users\MARKtech\AppData\Local\Programs\Python\Python312\Lib\site-packages\django\db\models\fields\proxy.py first seen with mtime 1717559443.872257
File C:\Users\MARKtech\AppData\Local\Programs\Python\Python312\Lib\site-packages\asgiref\current_thread_executor.py first seen with mtime 1717559407.488507
File C:\Users\MARKtech\AppData\Local\Programs\Python\Python312\Lib\site-packages\asgiref\current_thread_executor.py first seen with mtime 1717559407.488507
File C:\Users\MARKtech\AppData\Local\Programs\Python\Python312\Lib\site-packages\django\templatetags\static.py first seen with mtime 1717559445.44145
File C:\Users\MARKtech\AppData\Local\Programs\Python\Python312\Lib\site-packages\django\templatetags\static.py first seen with mtime 1717559445.44145
File C:\Users\MARKtech\AppData\Local\Programs\Python\Python312\Lib\site-packages\django\core\management\commands\__init__.py first seen with mtime 1717559443.028344
File C:\Users\MARKtech\AppData\Local\Programs\Python\Python312\Lib\site-packages\django\core\management\commands\__init__.py first seen with mtime 1717559443.028344
File C:\Users\MARKtech\AppData\Local\Programs\Python\Python312\Lib\asyncio\base_events.py first seen with mtime 1712674218.0
File C:\Users\MARKtech\AppData\Local\Programs\Python\Python312\Lib\asyncio\base_events.py first seen with mtime 1712674218.0
File C:\Users\MARKtech\AppData\Local\Programs\Python\Python312\Lib\site-packages\django\core\files\storage\filesystem.py first seen with mtime 1717559442.85395
File C:\Users\MARKtech\AppData\Local\Programs\Python\Python312\Lib\site-packages\django\core\files\storage\filesystem.py first seen with mtime 1717559442.85395
File C:\Users\MARKtech\AppData\Local\Programs\Python\Python312\Lib\site-packages\django\db\models\sql\__init__.py first seen with mtime 1717559443.9504194
File C:\Users\MARKtech\AppData\Local\Programs\Python\Python312\Lib\site-packages\django\db\models\sql\__init__.py first seen with mtime 1717559443.9504194
File C:\Users\MARKtech\AppData\Local\Programs\Python\Python312\Lib\site-packages\django\contrib\messages\storage\base.py first seen with mtime 1717559434.9220262
File C:\Users\MARKtech\AppData\Local\Programs\Python\Python312\Lib\site-packages\django\contrib\messages\storage\base.py first seen with mtime 1717559434.9220262
File C:\Users\MARKtech\AppData\Local\Programs\Python\Python312\Lib\site-packages\django\core\checks\security\base.py first seen with mtime 1717559442.760224
File C:\Users\MARKtech\AppData\Local\Programs\Python\Python312\Lib\site-packages\django\core\checks\security\base.py first seen with mtime 1717559442.760224
File C:\Users\MARKtech\AppData\Local\Programs\Python\Python312\Lib\site-packages\sqlparse\utils.py first seen with mtime 1717559404.275766
File C:\Users\MARKtech\AppData\Local\Programs\Python\Python312\Lib\site-packages\sqlparse\utils.py first seen with mtime 1717559404.275766
File C:\Users\MARKtech\AppData\Local\Programs\Python\Python312\Lib\site-packages\django\contrib\sites\requests.py first seen with mtime 1717559440.612231
File C:\Users\MARKtech\AppData\Local\Programs\Python\Python312\Lib\site-packages\django\contrib\sites\requests.py first seen with mtime 1717559440.612231
File C:\Users\MARKtech\AppData\Local\Programs\Python\Python312\Lib\site-packages\django\core\checks\compatibility\__init__.py first seen with mtime 1717559442.744578
File C:\Users\MARKtech\AppData\Local\Programs\Python\Python312\Lib\site-packages\django\core\checks\compatibility\__init__.py first seen with mtime 1717559442.744578
File C:\Users\MARKtech\AppData\Local\Programs\Python\Python312\Lib\sysconfig.py first seen with mtime 1712674218.0
File C:\Users\MARKtech\AppData\Local\Programs\Python\Python312\Lib\sysconfig.py first seen with mtime 1712674218.0
File C:\Users\MARKtech\AppData\Local\Programs\Python\Python312\Lib\site-packages\sqlparse\keywords.py first seen with mtime 1717559404.2445195
File C:\Users\MARKtech\AppData\Local\Programs\Python\Python312\Lib\site-packages\sqlparse\keywords.py first seen with mtime 1717559404.2445195
File C:\Users\MARKtech\AppData\Local\Programs\Python\Python312\Lib\site-packages\django\utils\duration.py first seen with mtime 1717559445.9431427
File C:\Users\MARKtech\AppData\Local\Programs\Python\Python312\Lib\site-packages\django\utils\duration.py first seen with mtime 1717559445.9431427
File C:\Users\MARKtech\AppData\Local\Programs\Python\Python312\Lib\site-packages\django\contrib\auth\admin.py first seen with mtime 1717559421.6611066
File C:\Users\MARKtech\AppData\Local\Programs\Python\Python312\Lib\site-packages\django\contrib\auth\admin.py first seen with mtime 1717559421.6611066
File C:\Users\MARKtech\AppData\Local\Programs\Python\Python312\Lib\site-packages\django\contrib\messages\storage\__init__.py first seen with mtime 1717559434.906412
File C:\Users\MARKtech\AppData\Local\Programs\Python\Python312\Lib\site-packages\django\contrib\messages\storage\__init__.py first seen with mtime 1717559434.906412
File C:\Users\MARKtech\AppData\Local\Programs\Python\Python312\Lib\site-packages\django\contrib\sites\shortcuts.py first seen with mtime 1717559440.612231
File C:\Users\MARKtech\AppData\Local\Programs\Python\Python312\Lib\site-packages\django\contrib\sites\shortcuts.py first seen with mtime 1717559440.612231
File C:\Users\MARKtech\AppData\Local\Programs\Python\Python312\Lib\site-packages\django\core\cache\backends\__init__.py first seen with mtime 1717559442.6195683
File C:\Users\MARKtech\AppData\Local\Programs\Python\Python312\Lib\site-packages\django\core\cache\backends\__init__.py first seen with mtime 1717559442.6195683
File C:\Users\MARKtech\AppData\Local\Programs\Python\Python312\Lib\site-packages\django\contrib\staticfiles\utils.py first seen with mtime 1717559442.4945602
File C:\Users\MARKtech\AppData\Local\Programs\Python\Python312\Lib\site-packages\django\contrib\staticfiles\utils.py first seen with mtime 1717559442.4945602
File C:\Users\MARKtech\AppData\Local\Programs\Python\Python312\Lib\site-packages\django\contrib\contenttypes\apps.py first seen with mtime 1717559424.2621636
File C:\Users\MARKtech\AppData\Local\Programs\Python\Python312\Lib\site-packages\django\contrib\contenttypes\apps.py first seen with mtime 1717559424.2621636
File C:\Users\MARKtech\AppData\Local\Programs\Python\Python312\Lib\site-packages\django\utils\version.py first seen with mtime 1717559446.3823192
File C:\Users\MARKtech\AppData\Local\Programs\Python\Python312\Lib\site-packages\django\utils\version.py first seen with mtime 1717559446.3823192
File C:\Users\MARKtech\AppData\Local\Programs\Python\Python312\Lib\site-packages\django\db\models\base.py first seen with mtime 1717559443.7628896
File C:\Users\MARKtech\AppData\Local\Programs\Python\Python312\Lib\site-packages\django\db\models\base.py first seen with mtime 1717559443.7628896
File C:\Users\MARKtech\AppData\Local\Programs\Python\Python312\Lib\nturl2path.py first seen with mtime 1712674218.0
File C:\Users\MARKtech\AppData\Local\Programs\Python\Python312\Lib\nturl2path.py first seen with mtime 1712674218.0
File C:\Users\MARKtech\AppData\Local\Programs\Python\Python312\Lib\site-packages\django\db\backends\base\features.py first seen with mtime 1717559443.3408375
File C:\Users\MARKtech\AppData\Local\Programs\Python\Python312\Lib\site-packages\django\db\backends\base\features.py first seen with mtime 1717559443.3408375
File C:\Users\MARKtech\AppData\Local\Programs\Python\Python312\Lib\site-packages\django\middleware\__init__.py first seen with mtime 1717559445.0539308
File C:\Users\MARKtech\AppData\Local\Programs\Python\Python312\Lib\site-packages\django\middleware\__init__.py first seen with mtime 1717559445.0539308
File C:\Users\MARKtech\AppData\Local\Programs\Python\Python312\Lib\encodings\utf_8.py first seen with mtime 1712674218.0
File C:\Users\MARKtech\AppData\Local\Programs\Python\Python312\Lib\encodings\utf_8.py first seen with mtime 1712674218.0
File C:\Users\MARKtech\AppData\Local\Programs\Python\Python312\Lib\http\__init__.py first seen with mtime 1712674218.0
File C:\Users\MARKtech\AppData\Local\Programs\Python\Python312\Lib\http\__init__.py first seen with mtime 1712674218.0
File C:\Users\MARKtech\AppData\Local\Programs\Python\Python312\Lib\site-packages\django\contrib\contenttypes\forms.py first seen with mtime 1717559424.2777898
File C:\Users\MARKtech\AppData\Local\Programs\Python\Python312\Lib\site-packages\django\contrib\contenttypes\forms.py first seen with mtime 1717559424.2777898
File C:\Users\MARKtech\AppData\Local\Programs\Python\Python312\Lib\site-packages\django\core\checks\registry.py first seen with mtime 1717559442.7133262
File C:\Users\MARKtech\AppData\Local\Programs\Python\Python312\Lib\site-packages\django\core\checks\registry.py first seen with mtime 1717559442.7133262
File C:\Users\MARKtech\AppData\Local\Programs\Python\Python312\Lib\site-packages\django\contrib\staticfiles\management\commands\__init__.py first seen with mtime 1717559442.5101793
File C:\Users\MARKtech\AppData\Local\Programs\Python\Python312\Lib\site-packages\django\contrib\staticfiles\management\commands\__init__.py first seen with mtime 1717559442.5101793
File C:\Users\MARKtech\AppData\Local\Programs\Python\Python312\Lib\site-packages\django\utils\tree.py first seen with mtime 1717559446.3823192
File C:\Users\MARKtech\AppData\Local\Programs\Python\Python312\Lib\site-packages\django\utils\tree.py first seen with mtime 1717559446.3823192
File C:\Users\MARKtech\AppData\Local\Programs\Python\Python312\Lib\site-packages\django\views\i18n.py first seen with mtime 1717559446.491689
File C:\Users\MARKtech\AppData\Local\Programs\Python\Python312\Lib\site-packages\django\views\i18n.py first seen with mtime 1717559446.491689
File C:\Users\MARKtech\AppData\Local\Programs\Python\Python312\Lib\site-packages\django\views\debug.py first seen with mtime 1717559446.4760776
File C:\Users\MARKtech\AppData\Local\Programs\Python\Python312\Lib\site-packages\django\views\debug.py first seen with mtime 1717559446.4760776
File C:\Users\MARKtech\AppData\Local\Programs\Python\Python312\Lib\textwrap.py first seen with mtime 1712674218.0
File C:\Users\MARKtech\AppData\Local\Programs\Python\Python312\Lib\textwrap.py first seen with mtime 1712674218.0
File C:\Users\MARKtech\AppData\Local\Programs\Python\Python312\Lib\site-packages\sqlparse\sql.py first seen with mtime 1717559404.2601461
File C:\Users\MARKtech\AppData\Local\Programs\Python\Python312\Lib\site-packages\sqlparse\sql.py first seen with mtime 1717559404.2601461
File C:\Users\MARKtech\AppData\Local\Programs\Python\Python312\Lib\site-packages\django\core\__init__.py first seen with mtime 1717559442.541433
File C:\Users\MARKtech\AppData\Local\Programs\Python\Python312\Lib\site-packages\django\core\__init__.py first seen with mtime 1717559442.541433
File C:\Users\MARKtech\AppData\Local\Programs\Python\Python312\Lib\site-packages\django\forms\formsets.py first seen with mtime 1717559444.0441232
File C:\Users\MARKtech\AppData\Local\Programs\Python\Python312\Lib\site-packages\django\forms\formsets.py first seen with mtime 1717559444.0441232
File C:\Users\MARKtech\AppData\Local\Programs\Python\Python312\Lib\site-packages\django\dispatch\dispatcher.py first seen with mtime 1717559444.012919
File C:\Users\MARKtech\AppData\Local\Programs\Python\Python312\Lib\site-packages\django\dispatch\dispatcher.py first seen with mtime 1717559444.012919
File C:\Users\MARKtech\AppData\Local\Programs\Python\Python312\Lib\site-packages\django\utils\log.py first seen with mtime 1717559446.2104435
File C:\Users\MARKtech\AppData\Local\Programs\Python\Python312\Lib\site-packages\django\utils\log.py first seen with mtime 1717559446.2104435
File C:\Users\MARKtech\AppData\Local\Programs\Python\Python312\Lib\site-packages\asgiref\sync.py first seen with mtime 1717559407.521963
File C:\Users\MARKtech\AppData\Local\Programs\Python\Python312\Lib\site-packages\asgiref\sync.py first seen with mtime 1717559407.521963
File C:\Users\MARKtech\AppData\Local\Programs\Python\Python312\Lib\site-packages\django\core\cache\utils.py first seen with mtime 1717559442.6195683
File C:\Users\MARKtech\AppData\Local\Programs\Python\Python312\Lib\site-packages\django\core\cache\utils.py first seen with mtime 1717559442.6195683
File C:\Users\MARKtech\AppData\Local\Programs\Python\Python312\Lib\site-packages\django\contrib\admin\templatetags\__init__.py first seen with mtime 1717559419.342414
File C:\Users\MARKtech\AppData\Local\Programs\Python\Python312\Lib\site-packages\django\contrib\admin\templatetags\__init__.py first seen with mtime 1717559419.342414
File C:\Users\MARKtech\AppData\Local\Programs\Python\Python312\Lib\http\server.py first seen with mtime 1712674218.0
File C:\Users\MARKtech\AppData\Local\Programs\Python\Python312\Lib\http\server.py first seen with mtime 1712674218.0
File C:\Users\MARKtech\AppData\Local\Programs\Python\Python312\Lib\wsgiref\util.py first seen with mtime 1712674218.0
File C:\Users\MARKtech\AppData\Local\Programs\Python\Python312\Lib\wsgiref\util.py first seen with mtime 1712674218.0
File C:\Users\MARKtech\AppData\Local\Programs\Python\Python312\Lib\site-packages\django\db\backends\utils.py first seen with mtime 1717559443.3095856
File C:\Users\MARKtech\AppData\Local\Programs\Python\Python312\Lib\site-packages\django\db\backends\utils.py first seen with mtime 1717559443.3095856
File C:\Users\MARKtech\AppData\Local\Programs\Python\Python312\Lib\site-packages\django\contrib\messages\constants.py first seen with mtime 1717559434.8751545
File C:\Users\MARKtech\AppData\Local\Programs\Python\Python312\Lib\site-packages\django\contrib\messages\constants.py first seen with mtime 1717559434.8751545
File C:\Users\MARKtech\AppData\Local\Programs\Python\Python312\Lib\asyncio\__init__.py first seen with mtime 1712674218.0
File C:\Users\MARKtech\AppData\Local\Programs\Python\Python312\Lib\asyncio\__init__.py first seen with mtime 1712674218.0
File C:\Users\MARKtech\AppData\Local\Programs\Python\Python312\Lib\site-packages\django\contrib\auth\password_validation.py first seen with mtime 1717559421.7704854
File C:\Users\MARKtech\AppData\Local\Programs\Python\Python312\Lib\site-packages\django\contrib\auth\password_validation.py first seen with mtime 1717559421.7704854
File C:\Users\MARKtech\AppData\Local\Programs\Python\Python312\Lib\site-packages\django\core\files\storage\memory.py first seen with mtime 1717559442.8695564
File C:\Users\MARKtech\AppData\Local\Programs\Python\Python312\Lib\site-packages\django\core\files\storage\memory.py first seen with mtime 1717559442.8695564
File C:\Users\MARKtech\AppData\Local\Programs\Python\Python312\Lib\site-packages\django\core\mail\utils.py first seen with mtime 1717559442.9320974
File C:\Users\MARKtech\AppData\Local\Programs\Python\Python312\Lib\site-packages\django\core\mail\utils.py first seen with mtime 1717559442.9320974
File C:\Users\MARKtech\AppData\Local\Programs\Python\Python312\Lib\site-packages\django\middleware\csrf.py first seen with mtime 1717559445.085168
File C:\Users\MARKtech\AppData\Local\Programs\Python\Python312\Lib\site-packages\django\middleware\csrf.py first seen with mtime 1717559445.085168
File C:\Users\MARKtech\AppData\Local\Programs\Python\Python312\Lib\asyncio\protocols.py first seen with mtime 1712674218.0
File C:\Users\MARKtech\AppData\Local\Programs\Python\Python312\Lib\asyncio\protocols.py first seen with mtime 1712674218.0
File C:\Users\MARKtech\AppData\Local\Programs\Python\Python312\Lib\site-packages\django\contrib\staticfiles\finders.py first seen with mtime 1717559442.4614036
File C:\Users\MARKtech\AppData\Local\Programs\Python\Python312\Lib\site-packages\django\contrib\staticfiles\finders.py first seen with mtime 1717559442.4614036
File C:\Users\MARKtech\AppData\Local\Programs\Python\Python312\Lib\site-packages\django\template\defaulttags.py first seen with mtime 1717559445.2070818
File C:\Users\MARKtech\AppData\Local\Programs\Python\Python312\Lib\site-packages\django\template\defaulttags.py first seen with mtime 1717559445.2070818
File C:\Users\MARKtech\AppData\Local\Programs\Python\Python312\Lib\site-packages\colorama\__init__.py first seen with mtime 1716950678.7385638
File C:\Users\MARKtech\AppData\Local\Programs\Python\Python312\Lib\site-packages\colorama\__init__.py first seen with mtime 1716950678.7385638
File C:\Users\MARKtech\AppData\Local\Programs\Python\Python312\Lib\site-packages\django\db\models\fields\related.py first seen with mtime 1717559443.8878822
File C:\Users\MARKtech\AppData\Local\Programs\Python\Python312\Lib\site-packages\django\db\models\fields\related.py first seen with mtime 1717559443.8878822
File C:\Users\MARKtech\AppData\Local\Programs\Python\Python312\Lib\site-packages\django\contrib\staticfiles\management\commands\runserver.py first seen with mtime 1717559442.5258057
File C:\Users\MARKtech\AppData\Local\Programs\Python\Python312\Lib\site-packages\django\contrib\staticfiles\management\commands\runserver.py first seen with mtime 1717559442.5258057
File C:\Users\MARKtech\AppData\Local\Programs\Python\Python312\Lib\site-packages\django\core\checks\database.py first seen with mtime 1717559442.6976843
File C:\Users\MARKtech\AppData\Local\Programs\Python\Python312\Lib\site-packages\django\core\checks\database.py first seen with mtime 1717559442.6976843
File C:\Users\MARKtech\AppData\Local\Programs\Python\Python312\Lib\site-packages\django\db\backends\base\client.py first seen with mtime 1717559443.3252099
File C:\Users\MARKtech\AppData\Local\Programs\Python\Python312\Lib\site-packages\django\db\backends\base\client.py first seen with mtime 1717559443.3252099
File C:\Users\MARKtech\AppData\Local\Programs\Python\Python312\Lib\site-packages\django\template\loaders\cached.py first seen with mtime 1717559445.378946
File C:\Users\MARKtech\AppData\Local\Programs\Python\Python312\Lib\site-packages\django\template\loaders\cached.py first seen with mtime 1717559445.378946
File C:\Users\MARKtech\AppData\Local\Programs\Python\Python312\Lib\site-packages\django\db\migrations\operations\__init__.py first seen with mtime 1717559443.7160017
File C:\Users\MARKtech\AppData\Local\Programs\Python\Python312\Lib\site-packages\django\db\migrations\operations\__init__.py first seen with mtime 1717559443.7160017
File C:\Users\MARKtech\AppData\Local\Programs\Python\Python312\Lib\site-packages\django\core\handlers\base.py first seen with mtime 1717559442.8851998
File C:\Users\MARKtech\AppData\Local\Programs\Python\Python312\Lib\site-packages\django\core\handlers\base.py first seen with mtime 1717559442.8851998
File C:\Users\MARKtech\AppData\Local\Programs\Python\Python312\Lib\site-packages\MySQLdb\constants\FIELD_TYPE.py first seen with mtime 1720572393.4103205
File C:\Users\MARKtech\AppData\Local\Programs\Python\Python312\Lib\site-packages\MySQLdb\constants\FIELD_TYPE.py first seen with mtime 1720572393.4103205
File C:\Users\MARKtech\AppData\Local\Programs\Python\Python312\Lib\glob.py first seen with mtime 1712674218.0
File C:\Users\MARKtech\AppData\Local\Programs\Python\Python312\Lib\glob.py first seen with mtime 1712674218.0
File C:\Users\MARKtech\AppData\Local\Programs\Python\Python312\Lib\asyncio\windows_utils.py first seen with mtime 1712674218.0
File C:\Users\MARKtech\AppData\Local\Programs\Python\Python312\Lib\asyncio\windows_utils.py first seen with mtime 1712674218.0
File C:\Users\MARKtech\AppData\Local\Programs\Python\Python312\Lib\site-packages\asgiref\local.py first seen with mtime 1717559407.5040963
File C:\Users\MARKtech\AppData\Local\Programs\Python\Python312\Lib\site-packages\asgiref\local.py first seen with mtime 1717559407.5040963
File C:\Users\MARKtech\AppData\Local\Programs\Python\Python312\Lib\site-packages\django\contrib\admin\models.py first seen with mtime 1717559413.227956
File C:\Users\MARKtech\AppData\Local\Programs\Python\Python312\Lib\site-packages\django\contrib\admin\models.py first seen with mtime 1717559413.227956
File C:\Users\MARKtech\AppData\Local\Programs\Python\Python312\Lib\zoneinfo\_tzpath.py first seen with mtime 1712674218.0
File C:\Users\MARKtech\AppData\Local\Programs\Python\Python312\Lib\zoneinfo\_tzpath.py first seen with mtime 1712674218.0
File C:\Users\MARKtech\AppData\Local\Programs\Python\Python312\Lib\site-packages\django\conf\global_settings.py first seen with mtime 1717559409.0089877
File C:\Users\MARKtech\AppData\Local\Programs\Python\Python312\Lib\site-packages\django\conf\global_settings.py first seen with mtime 1717559409.0089877
File C:\Users\MARKtech\AppData\Local\Programs\Python\Python312\DLLs\_overlapped.pyd first seen with mtime 1712674262.0
File C:\Users\MARKtech\AppData\Local\Programs\Python\Python312\DLLs\_overlapped.pyd first seen with mtime 1712674262.0
File C:\Users\MARKtech\AppData\Local\Programs\Python\Python312\Lib\site-packages\django\core\serializers\base.py first seen with mtime 1717559443.2158494
File C:\Users\MARKtech\AppData\Local\Programs\Python\Python312\Lib\site-packages\django\core\serializers\base.py first seen with mtime 1717559443.2158494
File C:\Users\MARKtech\AppData\Local\Programs\Python\Python312\Lib\site-packages\django\db\models\fields\files.py first seen with mtime 1717559443.8566413
File C:\Users\MARKtech\AppData\Local\Programs\Python\Python312\Lib\site-packages\django\db\models\fields\files.py first seen with mtime 1717559443.8566413
File C:\Users\MARKtech\AppData\Local\Programs\Python\Python312\Lib\site-packages\django\db\models\functions\text.py first seen with mtime 1717559443.934756
File C:\Users\MARKtech\AppData\Local\Programs\Python\Python312\Lib\site-packages\django\db\models\functions\text.py first seen with mtime 1717559443.934756
File C:\Users\MARKtech\AppData\Local\Programs\Python\Python312\Lib\site-packages\django\contrib\admin\options.py first seen with mtime 1717559413.227956
File C:\Users\MARKtech\AppData\Local\Programs\Python\Python312\Lib\site-packages\django\contrib\admin\options.py first seen with mtime 1717559413.227956
File C:\Users\MARKtech\AppData\Local\Programs\Python\Python312\Lib\ipaddress.py first seen with mtime 1712674218.0
File C:\Users\MARKtech\AppData\Local\Programs\Python\Python312\Lib\ipaddress.py first seen with mtime 1712674218.0
File C:\Users\MARKtech\AppData\Local\Programs\Python\Python312\Lib\site-packages\django\db\migrations\operations\special.py first seen with mtime 1717559443.7316587
File C:\Users\MARKtech\AppData\Local\Programs\Python\Python312\Lib\site-packages\django\db\migrations\operations\special.py first seen with mtime 1717559443.7316587
File C:\Users\MARKtech\AppData\Local\Programs\Python\Python312\Lib\site-packages\django\db\migrations\operations\base.py first seen with mtime 1717559443.7160017
File C:\Users\MARKtech\AppData\Local\Programs\Python\Python312\Lib\site-packages\django\db\migrations\operations\base.py first seen with mtime 1717559443.7160017
File C:\Users\MARKtech\AppData\Local\Programs\Python\Python312\Lib\site-packages\django\contrib\auth\hashers.py first seen with mtime 1717559421.7392418
File C:\Users\MARKtech\AppData\Local\Programs\Python\Python312\Lib\site-packages\django\contrib\auth\hashers.py first seen with mtime 1717559421.7392418
File C:\Users\MARKtech\AppData\Local\Programs\Python\Python312\Lib\numbers.py first seen with mtime 1712674218.0
File C:\Users\MARKtech\AppData\Local\Programs\Python\Python312\Lib\numbers.py first seen with mtime 1712674218.0
File C:\Users\MARKtech\AppData\Local\Programs\Python\Python312\Lib\site-packages\django\apps\registry.py first seen with mtime 1717559408.993359
File C:\Users\MARKtech\AppData\Local\Programs\Python\Python312\Lib\site-packages\django\apps\registry.py first seen with mtime 1717559408.993359
File C:\Users\MARKtech\AppData\Local\Programs\Python\Python312\Lib\asyncio\base_futures.py first seen with mtime 1712674218.0
File C:\Users\MARKtech\AppData\Local\Programs\Python\Python312\Lib\asyncio\base_futures.py first seen with mtime 1712674218.0
File C:\Users\MARKtech\AppData\Local\Programs\Python\Python312\Lib\site-packages\django\db\models\aggregates.py first seen with mtime 1717559443.7472694
File C:\Users\MARKtech\AppData\Local\Programs\Python\Python312\Lib\site-packages\django\db\models\aggregates.py first seen with mtime 1717559443.7472694
File C:\Users\MARKtech\AppData\Local\Programs\Python\Python312\Lib\site-packages\django\contrib\messages\apps.py first seen with mtime 1717559434.8595436
File C:\Users\MARKtech\AppData\Local\Programs\Python\Python312\Lib\site-packages\django\contrib\messages\apps.py first seen with mtime 1717559434.8595436
File C:\Users\MARKtech\AppData\Local\Programs\Python\Python312\Lib\site-packages\django\utils\dateparse.py first seen with mtime 1717559445.7556365
File C:\Users\MARKtech\AppData\Local\Programs\Python\Python312\Lib\site-packages\django\utils\dateparse.py first seen with mtime 1717559445.7556365
File C:\Users\MARKtech\AppData\Local\Programs\Python\Python312\Lib\asyncio\taskgroups.py first seen with mtime 1712674218.0
File C:\Users\MARKtech\AppData\Local\Programs\Python\Python312\Lib\asyncio\taskgroups.py first seen with mtime 1712674218.0
File C:\Users\MARKtech\AppData\Local\Programs\Python\Python312\Lib\socket.py first seen with mtime 1712674218.0
File C:\Users\MARKtech\AppData\Local\Programs\Python\Python312\Lib\socket.py first seen with mtime 1712674218.0
File C:\Users\MARKtech\AppData\Local\Programs\Python\Python312\Lib\site-packages\django\urls\utils.py first seen with mtime 1717559445.5977015
File C:\Users\MARKtech\AppData\Local\Programs\Python\Python312\Lib\site-packages\django\urls\utils.py first seen with mtime 1717559445.5977015
File C:\Users\MARKtech\AppData\Local\Programs\Python\Python312\Lib\site-packages\django\contrib\admin\templatetags\admin_list.py first seen with mtime 1717559419.342414
File C:\Users\MARKtech\AppData\Local\Programs\Python\Python312\Lib\site-packages\django\contrib\admin\templatetags\admin_list.py first seen with mtime 1717559419.342414
File C:\Users\MARKtech\AppData\Local\Programs\Python\Python312\Lib\site-packages\django\core\files\storage\mixins.py first seen with mtime 1717559442.8695564
File C:\Users\MARKtech\AppData\Local\Programs\Python\Python312\Lib\site-packages\django\core\files\storage\mixins.py first seen with mtime 1717559442.8695564
File C:\Users\MARKtech\AppData\Local\Programs\Python\Python312\Lib\secrets.py first seen with mtime 1712674218.0
File C:\Users\MARKtech\AppData\Local\Programs\Python\Python312\Lib\secrets.py first seen with mtime 1712674218.0
File C:\Users\MARKtech\AppData\Local\Programs\Python\Python312\Lib\site-packages\django\forms\fields.py first seen with mtime 1717559444.0285244
File C:\Users\MARKtech\AppData\Local\Programs\Python\Python312\Lib\site-packages\django\forms\fields.py first seen with mtime 1717559444.0285244
File C:\Users\MARKtech\AppData\Local\Programs\Python\Python312\Lib\site-packages\MySQLdb\times.py first seen with mtime 1720572393.3946962
File C:\Users\MARKtech\AppData\Local\Programs\Python\Python312\Lib\site-packages\MySQLdb\times.py first seen with mtime 1720572393.3946962
File C:\Users\MARKtech\AppData\Local\Programs\Python\Python312\Lib\email\headerregistry.py first seen with mtime 1712674218.0
File C:\Users\MARKtech\AppData\Local\Programs\Python\Python312\Lib\email\headerregistry.py first seen with mtime 1712674218.0
File C:\Users\MARKtech\AppData\Local\Programs\Python\Python312\Lib\site-packages\sqlparse\filters\reindent.py first seen with mtime 1717559404.3551812
File C:\Users\MARKtech\AppData\Local\Programs\Python\Python312\Lib\site-packages\sqlparse\filters\reindent.py first seen with mtime 1717559404.3551812
File C:\Users\MARKtech\AppData\Local\Programs\Python\Python312\Lib\site-packages\django\views\generic\detail.py first seen with mtime 1717559446.6010633
File C:\Users\MARKtech\AppData\Local\Programs\Python\Python312\Lib\site-packages\django\views\generic\detail.py first seen with mtime 1717559446.6010633
File C:\Users\MARKtech\AppData\Local\Programs\Python\Python312\Lib\json\scanner.py first seen with mtime 1712674218.0
File C:\Users\MARKtech\AppData\Local\Programs\Python\Python312\Lib\json\scanner.py first seen with mtime 1712674218.0
File C:\Users\MARKtech\AppData\Local\Programs\Python\Python312\Lib\site-packages\django\utils\cache.py first seen with mtime 1717559445.7087955
File C:\Users\MARKtech\AppData\Local\Programs\Python\Python312\Lib\site-packages\django\utils\cache.py first seen with mtime 1717559445.7087955
File C:\Users\MARKtech\AppData\Local\Programs\Python\Python312\Lib\email\mime\__init__.py first seen with mtime 1712674218.0
File C:\Users\MARKtech\AppData\Local\Programs\Python\Python312\Lib\email\mime\__init__.py first seen with mtime 1712674218.0
File C:\Users\MARKtech\AppData\Local\Programs\Python\Python312\Lib\site-packages\django\db\models\fields\mixins.py first seen with mtime 1717559443.872257
File C:\Users\MARKtech\AppData\Local\Programs\Python\Python312\Lib\site-packages\django\db\models\fields\mixins.py first seen with mtime 1717559443.872257
File C:\Users\MARKtech\AppData\Local\Programs\Python\Python312\Lib\warnings.py first seen with mtime 1712674218.0
File C:\Users\MARKtech\AppData\Local\Programs\Python\Python312\Lib\warnings.py first seen with mtime 1712674218.0
File C:\Users\MARKtech\AppData\Local\Programs\Python\Python312\Lib\site-packages\django\core\management\base.py first seen with mtime 1717559442.9945984
File C:\Users\MARKtech\AppData\Local\Programs\Python\Python312\Lib\site-packages\django\core\management\base.py first seen with mtime 1717559442.9945984
File C:\Users\MARKtech\AppData\Local\Programs\Python\Python312\Lib\locale.py first seen with mtime 1712674218.0
File C:\Users\MARKtech\AppData\Local\Programs\Python\Python312\Lib\locale.py first seen with mtime 1712674218.0
File C:\Users\MARKtech\AppData\Local\Programs\Python\Python312\Lib\site-packages\django\contrib\admin\templatetags\admin_modify.py first seen with mtime 1717559419.3580394
File C:\Users\MARKtech\AppData\Local\Programs\Python\Python312\Lib\site-packages\django\contrib\admin\templatetags\admin_modify.py first seen with mtime 1717559419.3580394
File C:\Users\MARKtech\AppData\Local\Programs\Python\Python312\Lib\site-packages\django\db\__init__.py first seen with mtime 1717559443.262735
File C:\Users\MARKtech\AppData\Local\Programs\Python\Python312\Lib\site-packages\django\db\__init__.py first seen with mtime 1717559443.262735
File C:\Users\MARKtech\AppData\Local\Programs\Python\Python312\Lib\site-packages\MySQLdb\__init__.py first seen with mtime 1720572393.3149865
File C:\Users\MARKtech\AppData\Local\Programs\Python\Python312\Lib\site-packages\MySQLdb\__init__.py first seen with mtime 1720572393.3149865
File C:\Users\MARKtech\AppData\Local\Programs\Python\Python312\Lib\struct.py first seen with mtime 1712674218.0
File C:\Users\MARKtech\AppData\Local\Programs\Python\Python312\Lib\struct.py first seen with mtime 1712674218.0
File C:\Users\MARKtech\AppData\Local\Programs\Python\Python312\Lib\asyncio\locks.py first seen with mtime 1712674218.0
File C:\Users\MARKtech\AppData\Local\Programs\Python\Python312\Lib\asyncio\locks.py first seen with mtime 1712674218.0
File C:\Users\MARKtech\AppData\Local\Programs\Python\Python312\Lib\site-packages\django\template\loaders\app_directories.py first seen with mtime 1717559445.3320777
File C:\Users\MARKtech\AppData\Local\Programs\Python\Python312\Lib\site-packages\django\template\loaders\app_directories.py first seen with mtime 1717559445.3320777
File C:\Users\MARKtech\AppData\Local\Programs\Python\Python312\Lib\site-packages\django\utils\__init__.py first seen with mtime 1717559445.6133184
File C:\Users\MARKtech\AppData\Local\Programs\Python\Python312\Lib\site-packages\django\utils\__init__.py first seen with mtime 1717559445.6133184
File C:\Users\MARKtech\AppData\Local\Programs\Python\Python312\Lib\site-packages\django\urls\conf.py first seen with mtime 1717559445.566472
File C:\Users\MARKtech\AppData\Local\Programs\Python\Python312\Lib\site-packages\django\urls\conf.py first seen with mtime 1717559445.566472
File C:\Users\MARKtech\AppData\Local\Programs\Python\Python312\Lib\site-packages\django\template\loaders\base.py first seen with mtime 1717559445.378946
File C:\Users\MARKtech\AppData\Local\Programs\Python\Python312\Lib\site-packages\django\template\loaders\base.py first seen with mtime 1717559445.378946
File C:\Users\MARKtech\AppData\Local\Programs\Python\Python312\Lib\email\errors.py first seen with mtime 1712674218.0
File C:\Users\MARKtech\AppData\Local\Programs\Python\Python312\Lib\email\errors.py first seen with mtime 1712674218.0
File C:\Users\MARKtech\AppData\Local\Programs\Python\Python312\DLLs\_ctypes.pyd first seen with mtime 1712674262.0
File C:\Users\MARKtech\AppData\Local\Programs\Python\Python312\DLLs\_ctypes.pyd first seen with mtime 1712674262.0
File C:\Users\MARKtech\AppData\Local\Programs\Python\Python312\Lib\site-packages\django\contrib\sites\__init__.py first seen with mtime 1717559440.5653436
File C:\Users\MARKtech\AppData\Local\Programs\Python\Python312\Lib\site-packages\django\contrib\sites\__init__.py first seen with mtime 1717559440.5653436
File C:\Users\MARKtech\AppData\Local\Programs\Python\Python312\Lib\site-packages\django\db\models\query_utils.py first seen with mtime 1717559443.8253806
File C:\Users\MARKtech\AppData\Local\Programs\Python\Python312\Lib\site-packages\django\db\models\query_utils.py first seen with mtime 1717559443.8253806
File C:\Users\MARKtech\AppData\Local\Programs\Python\Python312\Lib\wsgiref\headers.py first seen with mtime 1712674218.0
File C:\Users\MARKtech\AppData\Local\Programs\Python\Python312\Lib\wsgiref\headers.py first seen with mtime 1712674218.0
File C:\Users\MARKtech\AppData\Local\Programs\Python\Python312\Lib\site-packages\django\db\backends\mysql\creation.py first seen with mtime 1717559443.4033368
File C:\Users\MARKtech\AppData\Local\Programs\Python\Python312\Lib\site-packages\django\db\backends\mysql\creation.py first seen with mtime 1717559443.4033368
File C:\Users\MARKtech\AppData\Local\Programs\Python\Python312\Lib\site-packages\django\core\files\temp.py first seen with mtime 1717559442.8226876
File C:\Users\MARKtech\AppData\Local\Programs\Python\Python312\Lib\site-packages\django\core\files\temp.py first seen with mtime 1717559442.8226876
File C:\Users\MARKtech\AppData\Local\Programs\Python\Python312\Lib\functools.py first seen with mtime 1712674218.0
File C:\Users\MARKtech\AppData\Local\Programs\Python\Python312\Lib\functools.py first seen with mtime 1712674218.0
File C:\Users\MARKtech\AppData\Local\Programs\Python\Python312\Lib\site-packages\django\contrib\auth\validators.py first seen with mtime 1717559421.78611
File C:\Users\MARKtech\AppData\Local\Programs\Python\Python312\Lib\site-packages\django\contrib\auth\validators.py first seen with mtime 1717559421.78611
File C:\Users\MARKtech\AppData\Local\Programs\Python\Python312\Lib\pathlib.py first seen with mtime 1712674218.0
File C:\Users\MARKtech\AppData\Local\Programs\Python\Python312\Lib\pathlib.py first seen with mtime 1712674218.0
File C:\Users\MARKtech\AppData\Local\Programs\Python\Python312\Lib\site-packages\django\core\checks\caches.py first seen with mtime 1717559442.682071
File C:\Users\MARKtech\AppData\Local\Programs\Python\Python312\Lib\site-packages\django\core\checks\caches.py first seen with mtime 1717559442.682071
File C:\Users\MARKtech\AppData\Local\Programs\Python\Python312\Lib\wsgiref\__init__.py first seen with mtime 1712674218.0
File C:\Users\MARKtech\AppData\Local\Programs\Python\Python312\Lib\wsgiref\__init__.py first seen with mtime 1712674218.0
File C:\Users\MARKtech\AppData\Local\Programs\Python\Python312\Lib\site-packages\django\core\exceptions.py first seen with mtime 1717559442.557068
File C:\Users\MARKtech\AppData\Local\Programs\Python\Python312\Lib\site-packages\django\core\exceptions.py first seen with mtime 1717559442.557068
File C:\Users\MARKtech\AppData\Local\Programs\Python\Python312\Lib\concurrent\futures\__init__.py first seen with mtime 1712674218.0
File C:\Users\MARKtech\AppData\Local\Programs\Python\Python312\Lib\concurrent\futures\__init__.py first seen with mtime 1712674218.0
File C:\Users\MARKtech\AppData\Local\Programs\Python\Python312\Lib\_compat_pickle.py first seen with mtime 1712674218.0
File C:\Users\MARKtech\AppData\Local\Programs\Python\Python312\Lib\_compat_pickle.py first seen with mtime 1712674218.0
File C:\Users\MARKtech\AppData\Local\Programs\Python\Python312\Lib\opcode.py first seen with mtime 1712674218.0
File C:\Users\MARKtech\AppData\Local\Programs\Python\Python312\Lib\opcode.py first seen with mtime 1712674218.0
File C:\Users\MARKtech\AppData\Local\Programs\Python\Python312\Lib\email\mime\nonmultipart.py first seen with mtime 1712674218.0
File C:\Users\MARKtech\AppData\Local\Programs\Python\Python312\Lib\email\mime\nonmultipart.py first seen with mtime 1712674218.0
File C:\Users\MARKtech\AppData\Local\Programs\Python\Python312\Lib\site-packages\django\db\models\functions\__init__.py first seen with mtime 1717559443.9191475
File C:\Users\MARKtech\AppData\Local\Programs\Python\Python312\Lib\site-packages\django\db\models\functions\__init__.py first seen with mtime 1717559443.9191475
File C:\Users\MARKtech\AppData\Local\Programs\Python\Python312\Lib\re\_casefix.py first seen with mtime 1712674218.0
File C:\Users\MARKtech\AppData\Local\Programs\Python\Python312\Lib\re\_casefix.py first seen with mtime 1712674218.0
File C:\Users\MARKtech\AppData\Local\Programs\Python\Python312\Lib\site-packages\django\contrib\admin\views\__init__.py first seen with mtime 1717559419.3736708
File C:\Users\MARKtech\AppData\Local\Programs\Python\Python312\Lib\site-packages\django\contrib\admin\views\__init__.py first seen with mtime 1717559419.3736708
File C:\Users\MARKtech\AppData\Local\Programs\Python\Python312\Lib\site-packages\django\contrib\sessions\backends\__init__.py first seen with mtime 1717559439.0450435
File C:\Users\MARKtech\AppData\Local\Programs\Python\Python312\Lib\site-packages\django\contrib\sessions\backends\__init__.py first seen with mtime 1717559439.0450435
File C:\Users\MARKtech\AppData\Local\Programs\Python\Python312\Lib\ssl.py first seen with mtime 1712674218.0
File C:\Users\MARKtech\AppData\Local\Programs\Python\Python312\Lib\ssl.py first seen with mtime 1712674218.0
File C:\Users\MARKtech\AppData\Local\Programs\Python\Python312\Lib\site-packages\django\db\backends\mysql\introspection.py first seen with mtime 1717559443.4189723
File C:\Users\MARKtech\AppData\Local\Programs\Python\Python312\Lib\site-packages\django\db\backends\mysql\introspection.py first seen with mtime 1717559443.4189723
File C:\Users\MARKtech\AppData\Local\Programs\Python\Python312\Lib\site-packages\django\template\backends\base.py first seen with mtime 1717559445.285213
File C:\Users\MARKtech\AppData\Local\Programs\Python\Python312\Lib\site-packages\django\template\backends\base.py first seen with mtime 1717559445.285213
File C:\Users\MARKtech\AppData\Local\Programs\Python\Python312\Lib\email\_parseaddr.py first seen with mtime 1712674218.0
File C:\Users\MARKtech\AppData\Local\Programs\Python\Python312\Lib\email\_parseaddr.py first seen with mtime 1712674218.0
File C:\Users\MARKtech\AppData\Local\Programs\Python\Python312\Lib\site-packages\django\template\backends\django.py first seen with mtime 1717559445.3008256
File C:\Users\MARKtech\AppData\Local\Programs\Python\Python312\Lib\site-packages\django\template\backends\django.py first seen with mtime 1717559445.3008256
File C:\Users\MARKtech\AppData\Local\Programs\Python\Python312\Lib\site-packages\django\contrib\contenttypes\fields.py first seen with mtime 1717559424.2777898
File C:\Users\MARKtech\AppData\Local\Programs\Python\Python312\Lib\site-packages\django\contrib\contenttypes\fields.py first seen with mtime 1717559424.2777898
File C:\Users\MARKtech\AppData\Local\Programs\Python\Python312\Lib\site-packages\django\db\models\fields\json.py first seen with mtime 1717559443.872257
File C:\Users\MARKtech\AppData\Local\Programs\Python\Python312\Lib\site-packages\django\db\models\fields\json.py first seen with mtime 1717559443.872257
File C:\Users\MARKtech\AppData\Local\Programs\Python\Python312\Lib\site-packages\django\views\__init__.py first seen with mtime 1717559446.4604385
File C:\Users\MARKtech\AppData\Local\Programs\Python\Python312\Lib\site-packages\django\views\__init__.py first seen with mtime 1717559446.4604385
File C:\Users\MARKtech\AppData\Local\Programs\Python\Python312\Lib\site-packages\django\db\backends\mysql\operations.py first seen with mtime 1717559443.4345853
File C:\Users\MARKtech\AppData\Local\Programs\Python\Python312\Lib\site-packages\django\db\backends\mysql\operations.py first seen with mtime 1717559443.4345853
File C:\Users\MARKtech\AppData\Local\Programs\Python\Python312\Lib\site-packages\django\urls\exceptions.py first seen with mtime 1717559445.5820954
File C:\Users\MARKtech\AppData\Local\Programs\Python\Python312\Lib\site-packages\django\urls\exceptions.py first seen with mtime 1717559445.5820954
File C:\Users\MARKtech\AppData\Local\Programs\Python\Python312\Lib\site-packages\django\urls\resolvers.py first seen with mtime 1717559445.5977015
File C:\Users\MARKtech\AppData\Local\Programs\Python\Python312\Lib\site-packages\django\urls\resolvers.py first seen with mtime 1717559445.5977015
File C:\Users\MARKtech\AppData\Local\Programs\Python\Python312\Lib\bisect.py first seen with mtime 1712674218.0
File C:\Users\MARKtech\AppData\Local\Programs\Python\Python312\Lib\bisect.py first seen with mtime 1712674218.0
File C:\Users\MARKtech\AppData\Local\Programs\Python\Python312\Lib\site-packages\django\db\models\lookups.py first seen with mtime 1717559443.809761
File C:\Users\MARKtech\AppData\Local\Programs\Python\Python312\Lib\site-packages\django\db\models\lookups.py first seen with mtime 1717559443.809761
File C:\Users\MARKtech\AppData\Local\Programs\Python\Python312\Lib\site-packages\django\utils\deprecation.py first seen with mtime 1717559445.9275217
File C:\Users\MARKtech\AppData\Local\Programs\Python\Python312\Lib\site-packages\django\utils\deprecation.py first seen with mtime 1717559445.9275217
File C:\Users\MARKtech\AppData\Local\Programs\Python\Python312\Lib\site-packages\django\urls\base.py first seen with mtime 1717559445.5508375
File C:\Users\MARKtech\AppData\Local\Programs\Python\Python312\Lib\site-packages\django\urls\base.py first seen with mtime 1717559445.5508375
File C:\Users\MARKtech\AppData\Local\Programs\Python\Python312\Lib\site-packages\django\core\files\move.py first seen with mtime 1717559442.807063
File C:\Users\MARKtech\AppData\Local\Programs\Python\Python312\Lib\site-packages\django\core\files\move.py first seen with mtime 1717559442.807063
File C:\Users\MARKtech\AppData\Local\Programs\Python\Python312\Lib\site-packages\django\contrib\messages\utils.py first seen with mtime 1717559434.906412
File C:\Users\MARKtech\AppData\Local\Programs\Python\Python312\Lib\site-packages\django\contrib\messages\utils.py first seen with mtime 1717559434.906412
File C:\Users\MARKtech\AppData\Local\Programs\Python\Python312\Lib\email\quoprimime.py first seen with mtime 1712674218.0
File C:\Users\MARKtech\AppData\Local\Programs\Python\Python312\Lib\email\quoprimime.py first seen with mtime 1712674218.0
File C:\Users\MARKtech\Desktop\django1\djangoapp\my_app\models\__init__.py first seen with mtime 1722854099.5755365
File C:\Users\MARKtech\Desktop\django1\djangoapp\my_app\models\__init__.py first seen with mtime 1722854099.5755365
File C:\Users\MARKtech\AppData\Local\Programs\Python\Python312\Lib\asyncio\trsock.py first seen with mtime 1712674218.0
File C:\Users\MARKtech\AppData\Local\Programs\Python\Python312\Lib\asyncio\trsock.py first seen with mtime 1712674218.0
File C:\Users\MARKtech\AppData\Local\Programs\Python\Python312\Lib\concurrent\__init__.py first seen with mtime 1712674218.0
File C:\Users\MARKtech\AppData\Local\Programs\Python\Python312\Lib\concurrent\__init__.py first seen with mtime 1712674218.0
File C:\Users\MARKtech\AppData\Local\Programs\Python\Python312\Lib\heapq.py first seen with mtime 1712674218.0
File C:\Users\MARKtech\AppData\Local\Programs\Python\Python312\Lib\heapq.py first seen with mtime 1712674218.0
File C:\Users\MARKtech\AppData\Local\Programs\Python\Python312\Lib\urllib\error.py first seen with mtime 1712674218.0
File C:\Users\MARKtech\AppData\Local\Programs\Python\Python312\Lib\urllib\error.py first seen with mtime 1712674218.0
File C:\Users\MARKtech\AppData\Local\Programs\Python\Python312\Lib\asyncio\staggered.py first seen with mtime 1712674218.0
File C:\Users\MARKtech\AppData\Local\Programs\Python\Python312\Lib\asyncio\staggered.py first seen with mtime 1712674218.0
File C:\Users\MARKtech\AppData\Local\Programs\Python\Python312\Lib\site-packages\django\dispatch\__init__.py first seen with mtime 1717559443.9972672
File C:\Users\MARKtech\AppData\Local\Programs\Python\Python312\Lib\site-packages\django\dispatch\__init__.py first seen with mtime 1717559443.9972672
File C:\Users\MARKtech\AppData\Local\Programs\Python\Python312\Lib\site-packages\sqlparse\engine\statement_splitter.py first seen with mtime 1717559404.3019133
File C:\Users\MARKtech\AppData\Local\Programs\Python\Python312\Lib\site-packages\sqlparse\engine\statement_splitter.py first seen with mtime 1717559404.3019133
File C:\Users\MARKtech\AppData\Local\Programs\Python\Python312\Lib\email\mime\multipart.py first seen with mtime 1712674218.0
File C:\Users\MARKtech\AppData\Local\Programs\Python\Python312\Lib\email\mime\multipart.py first seen with mtime 1712674218.0
File C:\Users\MARKtech\AppData\Local\Programs\Python\Python312\Lib\site-packages\django\core\checks\messages.py first seen with mtime 1717559442.7133262
File C:\Users\MARKtech\AppData\Local\Programs\Python\Python312\Lib\site-packages\django\core\checks\messages.py first seen with mtime 1717559442.7133262
File C:\Users\MARKtech\AppData\Local\Programs\Python\Python312\Lib\site-packages\django\core\management\color.py first seen with mtime 1717559442.9945984
File C:\Users\MARKtech\AppData\Local\Programs\Python\Python312\Lib\site-packages\django\core\management\color.py first seen with mtime 1717559442.9945984
File C:\Users\MARKtech\AppData\Local\Programs\Python\Python312\Lib\graphlib.py first seen with mtime 1712674218.0
File C:\Users\MARKtech\AppData\Local\Programs\Python\Python312\Lib\graphlib.py first seen with mtime 1712674218.0
File C:\Users\MARKtech\AppData\Local\Programs\Python\Python312\Lib\asyncio\mixins.py first seen with mtime 1712674218.0
File C:\Users\MARKtech\AppData\Local\Programs\Python\Python312\Lib\asyncio\mixins.py first seen with mtime 1712674218.0
File C:\Users\MARKtech\AppData\Local\Programs\Python\Python312\Lib\site-packages\django\contrib\__init__.py first seen with mtime 1717559413.1342309
File C:\Users\MARKtech\AppData\Local\Programs\Python\Python312\Lib\site-packages\django\contrib\__init__.py first seen with mtime 1717559413.1342309
File C:\Users\MARKtech\AppData\Local\Programs\Python\Python312\Lib\site-packages\django\contrib\sessions\apps.py first seen with mtime 1717559438.9982069
File C:\Users\MARKtech\AppData\Local\Programs\Python\Python312\Lib\site-packages\django\contrib\sessions\apps.py first seen with mtime 1717559438.9982069
File C:\Users\MARKtech\AppData\Local\Programs\Python\Python312\Lib\site-packages\django\contrib\admin\sites.py first seen with mtime 1717559413.2435794
File C:\Users\MARKtech\AppData\Local\Programs\Python\Python312\Lib\site-packages\django\contrib\admin\sites.py first seen with mtime 1717559413.2435794
File C:\Users\MARKtech\Desktop\django1\djangoapp\my_project\urls.py first seen with mtime 1722886817.206978
File C:\Users\MARKtech\Desktop\django1\djangoapp\my_project\urls.py first seen with mtime 1722886817.206978
File C:\Users\MARKtech\AppData\Local\Programs\Python\Python312\Lib\email\policy.py first seen with mtime 1712674218.0
File C:\Users\MARKtech\AppData\Local\Programs\Python\Python312\Lib\email\policy.py first seen with mtime 1712674218.0
File C:\Users\MARKtech\AppData\Local\Programs\Python\Python312\Lib\logging\handlers.py first seen with mtime 1712674218.0
File C:\Users\MARKtech\AppData\Local\Programs\Python\Python312\Lib\logging\handlers.py first seen with mtime 1712674218.0
File C:\Users\MARKtech\AppData\Local\Programs\Python\Python312\Lib\site-packages\django\contrib\staticfiles\management\__init__.py first seen with mtime 1717559442.5101793
File C:\Users\MARKtech\AppData\Local\Programs\Python\Python312\Lib\site-packages\django\contrib\staticfiles\management\__init__.py first seen with mtime 1717559442.5101793
File C:\Users\MARKtech\AppData\Local\Programs\Python\Python312\Lib\selectors.py first seen with mtime 1712674218.0
File C:\Users\MARKtech\AppData\Local\Programs\Python\Python312\Lib\selectors.py first seen with mtime 1712674218.0
File C:\Users\MARKtech\AppData\Local\Programs\Python\Python312\Lib\encodings\__init__.py first seen with mtime 1712674218.0
File C:\Users\MARKtech\AppData\Local\Programs\Python\Python312\Lib\encodings\__init__.py first seen with mtime 1712674218.0
File C:\Users\MARKtech\AppData\Local\Programs\Python\Python312\Lib\site-packages\django\urls\converters.py first seen with mtime 1717559445.5820954
File C:\Users\MARKtech\AppData\Local\Programs\Python\Python312\Lib\site-packages\django\urls\converters.py first seen with mtime 1717559445.5820954
File C:\Users\MARKtech\AppData\Local\Programs\Python\Python312\Lib\site-packages\django\db\backends\base\base.py first seen with mtime 1717559443.3252099
File C:\Users\MARKtech\AppData\Local\Programs\Python\Python312\Lib\site-packages\django\db\backends\base\base.py first seen with mtime 1717559443.3252099
File C:\Users\MARKtech\AppData\Local\Programs\Python\Python312\Lib\site-packages\django\db\backends\__init__.py first seen with mtime 1717559443.2939568
File C:\Users\MARKtech\AppData\Local\Programs\Python\Python312\Lib\site-packages\django\db\backends\__init__.py first seen with mtime 1717559443.2939568
File C:\Users\MARKtech\AppData\Local\Programs\Python\Python312\Lib\site-packages\django\utils\formats.py first seen with mtime 1717559445.9743893
File C:\Users\MARKtech\AppData\Local\Programs\Python\Python312\Lib\site-packages\django\utils\formats.py first seen with mtime 1717559445.9743893
File C:\Users\MARKtech\AppData\Local\Programs\Python\Python312\Lib\random.py first seen with mtime 1712674218.0
File C:\Users\MARKtech\AppData\Local\Programs\Python\Python312\Lib\random.py first seen with mtime 1712674218.0
File C:\Users\MARKtech\AppData\Local\Programs\Python\Python312\Lib\linecache.py first seen with mtime 1712674218.0
File C:\Users\MARKtech\AppData\Local\Programs\Python\Python312\Lib\linecache.py first seen with mtime 1712674218.0
File C:\Users\MARKtech\AppData\Local\Programs\Python\Python312\Lib\site-packages\django\contrib\sessions\models.py first seen with mtime 1717559439.0294101
File C:\Users\MARKtech\AppData\Local\Programs\Python\Python312\Lib\site-packages\django\contrib\sessions\models.py first seen with mtime 1717559439.0294101
File C:\Users\MARKtech\AppData\Local\Programs\Python\Python312\Lib\site-packages\django\db\backends\mysql\__init__.py first seen with mtime 1717559443.3877237
File C:\Users\MARKtech\AppData\Local\Programs\Python\Python312\Lib\site-packages\django\db\backends\mysql\__init__.py first seen with mtime 1717559443.3877237
File C:\Users\MARKtech\AppData\Local\Programs\Python\Python312\Lib\site-packages\django\utils\dates.py first seen with mtime 1717559445.911903
File C:\Users\MARKtech\AppData\Local\Programs\Python\Python312\Lib\site-packages\django\utils\dates.py first seen with mtime 1717559445.911903
File C:\Users\MARKtech\AppData\Local\Programs\Python\Python312\Lib\site-packages\django\utils\crypto.py first seen with mtime 1717559445.7243843
File C:\Users\MARKtech\AppData\Local\Programs\Python\Python312\Lib\site-packages\django\utils\crypto.py first seen with mtime 1717559445.7243843
File C:\Users\MARKtech\AppData\Local\Programs\Python\Python312\Lib\site-packages\django\contrib\admin\views\main.py first seen with mtime 1717559419.4048932
File C:\Users\MARKtech\AppData\Local\Programs\Python\Python312\Lib\site-packages\django\contrib\admin\views\main.py first seen with mtime 1717559419.4048932
File C:\Users\MARKtech\AppData\Local\Programs\Python\Python312\Lib\site-packages\django\template\exceptions.py first seen with mtime 1717559445.222701
File C:\Users\MARKtech\AppData\Local\Programs\Python\Python312\Lib\site-packages\django\template\exceptions.py first seen with mtime 1717559445.222701
File C:\Users\MARKtech\AppData\Local\Programs\Python\Python312\Lib\site-packages\django\core\handlers\asgi.py first seen with mtime 1717559442.8851998
File C:\Users\MARKtech\AppData\Local\Programs\Python\Python312\Lib\site-packages\django\core\handlers\asgi.py first seen with mtime 1717559442.8851998
File C:\Users\MARKtech\AppData\Local\Programs\Python\Python312\Lib\asyncio\queues.py first seen with mtime 1712674218.0
File C:\Users\MARKtech\AppData\Local\Programs\Python\Python312\Lib\asyncio\queues.py first seen with mtime 1712674218.0
File C:\Users\MARKtech\AppData\Local\Programs\Python\Python312\Lib\site-packages\django\template\base.py first seen with mtime 1717559445.1758318
File C:\Users\MARKtech\AppData\Local\Programs\Python\Python312\Lib\site-packages\django\template\base.py first seen with mtime 1717559445.1758318
File C:\Users\MARKtech\AppData\Local\Programs\Python\Python312\Lib\subprocess.py first seen with mtime 1712674218.0
File C:\Users\MARKtech\AppData\Local\Programs\Python\Python312\Lib\subprocess.py first seen with mtime 1712674218.0
File C:\Users\MARKtech\AppData\Local\Programs\Python\Python312\Lib\site-packages\django\db\migrations\utils.py first seen with mtime 1717559443.7003872
File C:\Users\MARKtech\AppData\Local\Programs\Python\Python312\Lib\site-packages\django\db\migrations\utils.py first seen with mtime 1717559443.7003872
File C:\Users\MARKtech\AppData\Local\Programs\Python\Python312\Lib\site-packages\django\core\checks\__init__.py first seen with mtime 1717559442.682071
File C:\Users\MARKtech\AppData\Local\Programs\Python\Python312\Lib\site-packages\django\core\checks\__init__.py first seen with mtime 1717559442.682071
File C:\Users\MARKtech\AppData\Local\Programs\Python\Python312\Lib\site-packages\django\contrib\contenttypes\checks.py first seen with mtime 1717559424.2621636
File C:\Users\MARKtech\AppData\Local\Programs\Python\Python312\Lib\site-packages\django\contrib\contenttypes\checks.py first seen with mtime 1717559424.2621636
File C:\Users\MARKtech\AppData\Local\Programs\Python\Python312\Lib\encodings\cp1252.py first seen with mtime 1712674218.0
File C:\Users\MARKtech\AppData\Local\Programs\Python\Python312\Lib\encodings\cp1252.py first seen with mtime 1712674218.0
File C:\Users\MARKtech\AppData\Local\Programs\Python\Python312\Lib\getpass.py first seen with mtime 1712674218.0
File C:\Users\MARKtech\AppData\Local\Programs\Python\Python312\Lib\getpass.py first seen with mtime 1712674218.0
File C:\Users\MARKtech\AppData\Local\Programs\Python\Python312\Lib\site-packages\django\utils\http.py first seen with mtime 1717559446.0056458
File C:\Users\MARKtech\AppData\Local\Programs\Python\Python312\Lib\site-packages\django\utils\http.py first seen with mtime 1717559446.0056458
File C:\Users\MARKtech\AppData\Local\Programs\Python\Python312\Lib\site-packages\django\contrib\staticfiles\__init__.py first seen with mtime 1717559442.4457936
File C:\Users\MARKtech\AppData\Local\Programs\Python\Python312\Lib\site-packages\django\contrib\staticfiles\__init__.py first seen with mtime 1717559442.4457936
File C:\Users\MARKtech\AppData\Local\Programs\Python\Python312\Lib\site-packages\colorama\win32.py first seen with mtime 1716950678.8125412
File C:\Users\MARKtech\AppData\Local\Programs\Python\Python312\Lib\site-packages\colorama\win32.py first seen with mtime 1716950678.8125412
File C:\Users\MARKtech\AppData\Local\Programs\Python\Python312\Lib\site-packages\django\db\models\manager.py first seen with mtime 1717559443.809761
File C:\Users\MARKtech\AppData\Local\Programs\Python\Python312\Lib\site-packages\django\db\models\manager.py first seen with mtime 1717559443.809761
File C:\Users\MARKtech\AppData\Local\Programs\Python\Python312\Lib\site-packages\django\core\validators.py first seen with mtime 1717559442.6039424
File C:\Users\MARKtech\AppData\Local\Programs\Python\Python312\Lib\site-packages\django\core\validators.py first seen with mtime 1717559442.6039424
File C:\Users\MARKtech\AppData\Local\Programs\Python\Python312\Lib\site-packages\django\utils\safestring.py first seen with mtime 1717559446.2417057
File C:\Users\MARKtech\AppData\Local\Programs\Python\Python312\Lib\site-packages\django\utils\safestring.py first seen with mtime 1717559446.2417057
File C:\Users\MARKtech\AppData\Local\Programs\Python\Python312\Lib\reprlib.py first seen with mtime 1712674218.0
File C:\Users\MARKtech\AppData\Local\Programs\Python\Python312\Lib\reprlib.py first seen with mtime 1712674218.0
File C:\Users\MARKtech\AppData\Local\Programs\Python\Python312\Lib\urllib\parse.py first seen with mtime 1712674218.0
File C:\Users\MARKtech\AppData\Local\Programs\Python\Python312\Lib\urllib\parse.py first seen with mtime 1712674218.0
File C:\Users\MARKtech\AppData\Local\Programs\Python\Python312\Lib\site-packages\django\db\backends\mysql\base.py first seen with mtime 1717559443.3877237
File C:\Users\MARKtech\AppData\Local\Programs\Python\Python312\Lib\site-packages\django\db\backends\mysql\base.py first seen with mtime 1717559443.3877237
File C:\Users\MARKtech\AppData\Local\Programs\Python\Python312\Lib\site-packages\django\contrib\contenttypes\models.py first seen with mtime 1717559424.2934146
File C:\Users\MARKtech\AppData\Local\Programs\Python\Python312\Lib\site-packages\django\contrib\contenttypes\models.py first seen with mtime 1717559424.2934146
File C:\Users\MARKtech\AppData\Local\Programs\Python\Python312\Lib\site-packages\django\template\utils.py first seen with mtime 1717559445.269575
File C:\Users\MARKtech\AppData\Local\Programs\Python\Python312\Lib\site-packages\django\template\utils.py first seen with mtime 1717559445.269575
File C:\Users\MARKtech\AppData\Local\Programs\Python\Python312\Lib\site-packages\django\views\defaults.py first seen with mtime 1717559446.491689
File C:\Users\MARKtech\AppData\Local\Programs\Python\Python312\Lib\site-packages\django\views\defaults.py first seen with mtime 1717559446.491689
File C:\Users\MARKtech\AppData\Local\Programs\Python\Python312\Lib\site-packages\django\templatetags\l10n.py first seen with mtime 1717559445.44145
File C:\Users\MARKtech\AppData\Local\Programs\Python\Python312\Lib\site-packages\django\templatetags\l10n.py first seen with mtime 1717559445.44145
File C:\Users\MARKtech\AppData\Local\Programs\Python\Python312\Lib\site-packages\django\utils\asyncio.py first seen with mtime 1717559445.6445718
File C:\Users\MARKtech\AppData\Local\Programs\Python\Python312\Lib\site-packages\django\utils\asyncio.py first seen with mtime 1717559445.6445718
File C:\Users\MARKtech\AppData\Local\Programs\Python\Python312\Lib\site-packages\django\contrib\auth\base_user.py first seen with mtime 1717559421.6923678
File C:\Users\MARKtech\AppData\Local\Programs\Python\Python312\Lib\site-packages\django\contrib\auth\base_user.py first seen with mtime 1717559421.6923678
File C:\Users\MARKtech\AppData\Local\Programs\Python\Python312\Lib\string.py first seen with mtime 1712674218.0
File C:\Users\MARKtech\AppData\Local\Programs\Python\Python312\Lib\string.py first seen with mtime 1712674218.0
File C:\Users\MARKtech\AppData\Local\Programs\Python\Python312\Lib\asyncio\exceptions.py first seen with mtime 1712674218.0
File C:\Users\MARKtech\AppData\Local\Programs\Python\Python312\Lib\asyncio\exceptions.py first seen with mtime 1712674218.0
File C:\Users\MARKtech\Desktop\django1\djangoapp\my_app\__init__.py first seen with mtime 1718542546.8786402
File C:\Users\MARKtech\Desktop\django1\djangoapp\my_app\__init__.py first seen with mtime 1718542546.8786402
File C:\Users\MARKtech\AppData\Local\Programs\Python\Python312\Lib\dataclasses.py first seen with mtime 1712674218.0
File C:\Users\MARKtech\AppData\Local\Programs\Python\Python312\Lib\dataclasses.py first seen with mtime 1712674218.0
File C:\Users\MARKtech\AppData\Local\Programs\Python\Python312\Lib\asyncio\tasks.py first seen with mtime 1712674218.0
File C:\Users\MARKtech\AppData\Local\Programs\Python\Python312\Lib\asyncio\tasks.py first seen with mtime 1712674218.0
File C:\Users\MARKtech\AppData\Local\Programs\Python\Python312\Lib\site-packages\django\db\backends\mysql\client.py first seen with mtime 1717559443.4033368
File C:\Users\MARKtech\AppData\Local\Programs\Python\Python312\Lib\site-packages\django\db\backends\mysql\client.py first seen with mtime 1717559443.4033368
File C:\Users\MARKtech\AppData\Local\Programs\Python\Python312\Lib\email\feedparser.py first seen with mtime 1712674218.0
File C:\Users\MARKtech\AppData\Local\Programs\Python\Python312\Lib\email\feedparser.py first seen with mtime 1712674218.0
File C:\Users\MARKtech\AppData\Local\Programs\Python\Python312\Lib\site-packages\django\conf\__init__.py first seen with mtime 1717559408.993359
File C:\Users\MARKtech\AppData\Local\Programs\Python\Python312\Lib\site-packages\django\conf\__init__.py first seen with mtime 1717559408.993359
File C:\Users\MARKtech\AppData\Local\Programs\Python\Python312\Lib\site-packages\django\core\files\__init__.py first seen with mtime 1717559442.7914426
File C:\Users\MARKtech\AppData\Local\Programs\Python\Python312\Lib\site-packages\django\core\files\__init__.py first seen with mtime 1717559442.7914426
File C:\Users\MARKtech\AppData\Local\Programs\Python\Python312\Lib\site-packages\django\db\transaction.py first seen with mtime 1717559443.2783782
File C:\Users\MARKtech\AppData\Local\Programs\Python\Python312\Lib\site-packages\django\db\transaction.py first seen with mtime 1717559443.2783782
File C:\Users\MARKtech\AppData\Local\Programs\Python\Python312\Lib\site-packages\django\http\response.py first seen with mtime 1717559445.0539308
File C:\Users\MARKtech\AppData\Local\Programs\Python\Python312\Lib\site-packages\django\http\response.py first seen with mtime 1717559445.0539308
File C:\Users\MARKtech\AppData\Local\Programs\Python\Python312\Lib\email\mime\text.py first seen with mtime 1712674218.0
File C:\Users\MARKtech\AppData\Local\Programs\Python\Python312\Lib\email\mime\text.py first seen with mtime 1712674218.0
File C:\Users\MARKtech\AppData\Local\Programs\Python\Python312\Lib\site-packages\django\contrib\staticfiles\views.py first seen with mtime 1717559442.4945602
File C:\Users\MARKtech\AppData\Local\Programs\Python\Python312\Lib\site-packages\django\contrib\staticfiles\views.py first seen with mtime 1717559442.4945602
File C:\Users\MARKtech\AppData\Local\Programs\Python\Python312\Lib\site-packages\django\contrib\staticfiles\handlers.py first seen with mtime 1717559442.4614036
File C:\Users\MARKtech\AppData\Local\Programs\Python\Python312\Lib\site-packages\django\contrib\staticfiles\handlers.py first seen with mtime 1717559442.4614036
File C:\Users\MARKtech\AppData\Local\Programs\Python\Python312\Lib\site-packages\sqlparse\filters\right_margin.py first seen with mtime 1717559404.3707829
File C:\Users\MARKtech\AppData\Local\Programs\Python\Python312\Lib\site-packages\sqlparse\filters\right_margin.py first seen with mtime 1717559404.3707829
File C:\Users\MARKtech\AppData\Local\Programs\Python\Python312\Lib\threading.py first seen with mtime 1712674218.0
File C:\Users\MARKtech\AppData\Local\Programs\Python\Python312\Lib\threading.py first seen with mtime 1712674218.0
File C:\Users\MARKtech\AppData\Local\Programs\Python\Python312\Lib\logging\config.py first seen with mtime 1712674218.0
File C:\Users\MARKtech\AppData\Local\Programs\Python\Python312\Lib\logging\config.py first seen with mtime 1712674218.0
File C:\Users\MARKtech\AppData\Local\Programs\Python\Python312\Lib\site-packages\sqlparse\lexer.py first seen with mtime 1717559404.2601461
File C:\Users\MARKtech\AppData\Local\Programs\Python\Python312\Lib\site-packages\sqlparse\lexer.py first seen with mtime 1717559404.2601461
File C:\Users\MARKtech\AppData\Local\Programs\Python\Python312\Lib\site-packages\MySQLdb\_mysql.cp312-win_amd64.pyd first seen with mtime 1720572393.363446
File C:\Users\MARKtech\AppData\Local\Programs\Python\Python312\Lib\site-packages\MySQLdb\_mysql.cp312-win_amd64.pyd first seen with mtime 1720572393.363446
File C:\Users\MARKtech\AppData\Local\Programs\Python\Python312\Lib\site-packages\django\core\files\utils.py first seen with mtime 1717559442.838323
File C:\Users\MARKtech\AppData\Local\Programs\Python\Python312\Lib\site-packages\django\core\files\utils.py first seen with mtime 1717559442.838323
File C:\Users\MARKtech\AppData\Local\Programs\Python\Python312\Lib\site-packages\django\db\models\sql\constants.py first seen with mtime 1717559443.9660232
File C:\Users\MARKtech\AppData\Local\Programs\Python\Python312\Lib\site-packages\django\db\models\sql\constants.py first seen with mtime 1717559443.9660232
File C:\Users\MARKtech\AppData\Local\Programs\Python\Python312\Lib\site-packages\django\db\models\fields\generated.py first seen with mtime 1717559443.8566413
File C:\Users\MARKtech\AppData\Local\Programs\Python\Python312\Lib\site-packages\django\db\models\fields\generated.py first seen with mtime 1717559443.8566413
File C:\Users\MARKtech\AppData\Local\Programs\Python\Python312\Lib\site-packages\sqlparse\filters\tokens.py first seen with mtime 1717559404.3707829
File C:\Users\MARKtech\AppData\Local\Programs\Python\Python312\Lib\site-packages\sqlparse\filters\tokens.py first seen with mtime 1717559404.3707829
File C:\Users\MARKtech\AppData\Local\Programs\Python\Python312\Lib\asyncio\streams.py first seen with mtime 1712674218.0
File C:\Users\MARKtech\AppData\Local\Programs\Python\Python312\Lib\asyncio\streams.py first seen with mtime 1712674218.0
File C:\Users\MARKtech\AppData\Local\Programs\Python\Python312\Lib\queue.py first seen with mtime 1712674218.0
File C:\Users\MARKtech\AppData\Local\Programs\Python\Python312\Lib\queue.py first seen with mtime 1712674218.0
File C:\Users\MARKtech\AppData\Local\Programs\Python\Python312\Lib\site-packages\django\template\smartif.py first seen with mtime 1717559445.269575
File C:\Users\MARKtech\AppData\Local\Programs\Python\Python312\Lib\site-packages\django\template\smartif.py first seen with mtime 1717559445.269575
File C:\Users\MARKtech\AppData\Local\Programs\Python\Python312\Lib\site-packages\django\conf\urls\__init__.py first seen with mtime 1717559413.1029587
File C:\Users\MARKtech\AppData\Local\Programs\Python\Python312\Lib\site-packages\django\conf\urls\__init__.py first seen with mtime 1717559413.1029587
File C:\Users\MARKtech\AppData\Local\Programs\Python\Python312\Lib\site-packages\django\contrib\admin\actions.py first seen with mtime 1717559413.1654828
File C:\Users\MARKtech\AppData\Local\Programs\Python\Python312\Lib\site-packages\django\contrib\admin\actions.py first seen with mtime 1717559413.1654828
File C:\Users\MARKtech\AppData\Local\Programs\Python\Python312\Lib\gzip.py first seen with mtime 1712674218.0
File C:\Users\MARKtech\AppData\Local\Programs\Python\Python312\Lib\gzip.py first seen with mtime 1712674218.0
File C:\Users\MARKtech\AppData\Local\Programs\Python\Python312\Lib\http\client.py first seen with mtime 1712674218.0
File C:\Users\MARKtech\AppData\Local\Programs\Python\Python312\Lib\http\client.py first seen with mtime 1712674218.0
File C:\Users\MARKtech\AppData\Local\Programs\Python\Python312\Lib\wsgiref\simple_server.py first seen with mtime 1712674218.0
File C:\Users\MARKtech\AppData\Local\Programs\Python\Python312\Lib\wsgiref\simple_server.py first seen with mtime 1712674218.0
File C:\Users\MARKtech\AppData\Local\Programs\Python\Python312\Lib\site-packages\django\db\models\constants.py first seen with mtime 1717559443.7628896
File C:\Users\MARKtech\AppData\Local\Programs\Python\Python312\Lib\site-packages\django\db\models\constants.py first seen with mtime 1717559443.7628896
File C:\Users\MARKtech\AppData\Local\Programs\Python\Python312\Lib\urllib\__init__.py first seen with mtime 1712674218.0
File C:\Users\MARKtech\AppData\Local\Programs\Python\Python312\Lib\urllib\__init__.py first seen with mtime 1712674218.0
File C:\Users\MARKtech\AppData\Local\Programs\Python\Python312\Lib\site-packages\django\core\checks\files.py first seen with mtime 1717559442.6976843
File C:\Users\MARKtech\AppData\Local\Programs\Python\Python312\Lib\site-packages\django\core\checks\files.py first seen with mtime 1717559442.6976843
File C:\Users\MARKtech\AppData\Local\Programs\Python\Python312\Lib\site-packages\django\core\management\__init__.py first seen with mtime 1717559442.978929
File C:\Users\MARKtech\AppData\Local\Programs\Python\Python312\Lib\site-packages\django\core\management\__init__.py first seen with mtime 1717559442.978929
File C:\Users\MARKtech\AppData\Local\Programs\Python\Python312\Lib\site-packages\django\db\backends\mysql\features.py first seen with mtime 1717559443.4189723
File C:\Users\MARKtech\AppData\Local\Programs\Python\Python312\Lib\site-packages\django\db\backends\mysql\features.py first seen with mtime 1717559443.4189723
File C:\Users\MARKtech\AppData\Local\Programs\Python\Python312\Lib\site-packages\django\utils\module_loading.py first seen with mtime 1717559446.2260652
File C:\Users\MARKtech\AppData\Local\Programs\Python\Python312\Lib\site-packages\django\utils\module_loading.py first seen with mtime 1717559446.2260652
File C:\Users\MARKtech\AppData\Local\Programs\Python\Python312\Lib\site-packages\django\utils\translation\trans_real.py first seen with mtime 1717559446.444809
File C:\Users\MARKtech\AppData\Local\Programs\Python\Python312\Lib\site-packages\django\utils\translation\trans_real.py first seen with mtime 1717559446.444809
File C:\Users\MARKtech\AppData\Local\Programs\Python\Python312\Lib\asyncio\constants.py first seen with mtime 1712674218.0
File C:\Users\MARKtech\AppData\Local\Programs\Python\Python312\Lib\asyncio\constants.py first seen with mtime 1712674218.0
File C:\Users\MARKtech\AppData\Local\Programs\Python\Python312\Lib\site-packages\sqlparse\filters\__init__.py first seen with mtime 1717559404.3175378
File C:\Users\MARKtech\AppData\Local\Programs\Python\Python312\Lib\site-packages\sqlparse\filters\__init__.py first seen with mtime 1717559404.3175378
File C:\Users\MARKtech\AppData\Local\Programs\Python\Python312\DLLs\_queue.pyd first seen with mtime 1712674262.0
File C:\Users\MARKtech\AppData\Local\Programs\Python\Python312\DLLs\_queue.pyd first seen with mtime 1712674262.0
File C:\Users\MARKtech\AppData\Local\Programs\Python\Python312\Lib\site-packages\django\core\checks\security\csrf.py first seen with mtime 1717559442.7758102
File C:\Users\MARKtech\AppData\Local\Programs\Python\Python312\Lib\site-packages\django\core\checks\security\csrf.py first seen with mtime 1717559442.7758102
File C:\Users\MARKtech\AppData\Local\Programs\Python\Python312\Lib\site-packages\django\templatetags\__init__.py first seen with mtime 1717559445.4102085
File C:\Users\MARKtech\AppData\Local\Programs\Python\Python312\Lib\site-packages\django\templatetags\__init__.py first seen with mtime 1717559445.4102085
File C:\Users\MARKtech\AppData\Local\Programs\Python\Python312\Lib\site-packages\sqlparse\tokens.py first seen with mtime 1717559404.275766
File C:\Users\MARKtech\AppData\Local\Programs\Python\Python312\Lib\site-packages\sqlparse\tokens.py first seen with mtime 1717559404.275766
File C:\Users\MARKtech\AppData\Local\Programs\Python\Python312\Lib\json\encoder.py first seen with mtime 1712674218.0
File C:\Users\MARKtech\AppData\Local\Programs\Python\Python312\Lib\json\encoder.py first seen with mtime 1712674218.0
File C:\Users\MARKtech\AppData\Local\Programs\Python\Python312\Lib\inspect.py first seen with mtime 1712674218.0
File C:\Users\MARKtech\AppData\Local\Programs\Python\Python312\Lib\inspect.py first seen with mtime 1712674218.0
File C:\Users\MARKtech\AppData\Local\Programs\Python\Python312\Lib\site-packages\django\template\context.py first seen with mtime 1717559445.1758318
File C:\Users\MARKtech\AppData\Local\Programs\Python\Python312\Lib\site-packages\django\template\context.py first seen with mtime 1717559445.1758318
File C:\Users\MARKtech\AppData\Local\Programs\Python\Python312\Lib\site-packages\MySQLdb\release.py first seen with mtime 1720572393.3946962
File C:\Users\MARKtech\AppData\Local\Programs\Python\Python312\Lib\site-packages\MySQLdb\release.py first seen with mtime 1720572393.3946962
File C:\Users\MARKtech\Desktop\django1\djangoapp\my_app\views.py first seen with mtime 1722951377.2263508
File C:\Users\MARKtech\Desktop\django1\djangoapp\my_app\views.py first seen with mtime 1722951377.2263508
File C:\Users\MARKtech\AppData\Local\Programs\Python\Python312\Lib\asyncio\coroutines.py first seen with mtime 1712674218.0
File C:\Users\MARKtech\AppData\Local\Programs\Python\Python312\Lib\asyncio\coroutines.py first seen with mtime 1712674218.0
File C:\Users\MARKtech\AppData\Local\Programs\Python\Python312\Lib\site-packages\django\db\backends\mysql\validation.py first seen with mtime 1717559443.4345853
File C:\Users\MARKtech\AppData\Local\Programs\Python\Python312\Lib\site-packages\django\db\backends\mysql\validation.py first seen with mtime 1717559443.4345853
File C:\Users\MARKtech\AppData\Local\Programs\Python\Python312\Lib\site-packages\django\template\loaders\filesystem.py first seen with mtime 1717559445.3945768
File C:\Users\MARKtech\AppData\Local\Programs\Python\Python312\Lib\site-packages\django\template\loaders\filesystem.py first seen with mtime 1717559445.3945768
File C:\Users\MARKtech\AppData\Local\Programs\Python\Python312\Lib\email\_encoded_words.py first seen with mtime 1712674218.0
File C:\Users\MARKtech\AppData\Local\Programs\Python\Python312\Lib\email\_encoded_words.py first seen with mtime 1712674218.0
File C:\Users\MARKtech\AppData\Local\Programs\Python\Python312\Lib\site-packages\django\template\library.py first seen with mtime 1717559445.222701
File C:\Users\MARKtech\AppData\Local\Programs\Python\Python312\Lib\site-packages\django\template\library.py first seen with mtime 1717559445.222701
File C:\Users\MARKtech\AppData\Local\Programs\Python\Python312\Lib\site-packages\django\template\backends\__init__.py first seen with mtime 1717559445.285213
File C:\Users\MARKtech\AppData\Local\Programs\Python\Python312\Lib\site-packages\django\template\backends\__init__.py first seen with mtime 1717559445.285213
File C:\Users\MARKtech\AppData\Local\Programs\Python\Python312\Lib\site-packages\django\core\handlers\wsgi.py first seen with mtime 1717559442.9008212
File C:\Users\MARKtech\AppData\Local\Programs\Python\Python312\Lib\site-packages\django\core\handlers\wsgi.py first seen with mtime 1717559442.9008212
File C:\Users\MARKtech\AppData\Local\Programs\Python\Python312\Lib\site-packages\django\utils\_os.py first seen with mtime 1717559445.6289515
File C:\Users\MARKtech\AppData\Local\Programs\Python\Python312\Lib\site-packages\django\utils\_os.py first seen with mtime 1717559445.6289515
File C:\Users\MARKtech\AppData\Local\Programs\Python\Python312\Lib\site-packages\django\utils\translation\reloader.py first seen with mtime 1717559446.413566
File C:\Users\MARKtech\AppData\Local\Programs\Python\Python312\Lib\site-packages\django\utils\translation\reloader.py first seen with mtime 1717559446.413566
File C:\Users\MARKtech\AppData\Local\Programs\Python\Python312\Lib\site-packages\django\db\models\sql\query.py first seen with mtime 1717559443.9816403
File C:\Users\MARKtech\AppData\Local\Programs\Python\Python312\Lib\site-packages\django\db\models\sql\query.py first seen with mtime 1717559443.9816403
File C:\Users\MARKtech\AppData\Local\Programs\Python\Python312\Lib\site-packages\django\utils\inspect.py first seen with mtime 1717559446.0056458
File C:\Users\MARKtech\AppData\Local\Programs\Python\Python312\Lib\site-packages\django\utils\inspect.py first seen with mtime 1717559446.0056458
File C:\Users\MARKtech\AppData\Local\Programs\Python\Python312\Lib\site-packages\django\contrib\sessions\__init__.py first seen with mtime 1717559438.982555
File C:\Users\MARKtech\AppData\Local\Programs\Python\Python312\Lib\site-packages\django\contrib\sessions\__init__.py first seen with mtime 1717559438.982555
File C:\Users\MARKtech\AppData\Local\Programs\Python\Python312\Lib\asyncio\events.py first seen with mtime 1712674218.0
File C:\Users\MARKtech\AppData\Local\Programs\Python\Python312\Lib\asyncio\events.py first seen with mtime 1712674218.0
File C:\Users\MARKtech\AppData\Local\Programs\Python\Python312\Lib\site-packages\django\http\__init__.py first seen with mtime 1717559445.0070517
File C:\Users\MARKtech\AppData\Local\Programs\Python\Python312\Lib\site-packages\django\http\__init__.py first seen with mtime 1717559445.0070517
File C:\Users\MARKtech\AppData\Local\Programs\Python\Python312\Lib\site-packages\django\template\defaultfilters.py first seen with mtime 1717559445.1914506
File C:\Users\MARKtech\AppData\Local\Programs\Python\Python312\Lib\site-packages\django\template\defaultfilters.py first seen with mtime 1717559445.1914506
File C:\Users\MARKtech\AppData\Local\Programs\Python\Python312\Lib\keyword.py first seen with mtime 1712674218.0
File C:\Users\MARKtech\AppData\Local\Programs\Python\Python312\Lib\keyword.py first seen with mtime 1712674218.0
File C:\Users\MARKtech\AppData\Local\Programs\Python\Python312\Lib\site-packages\django\core\checks\async_checks.py first seen with mtime 1717559442.682071
File C:\Users\MARKtech\AppData\Local\Programs\Python\Python312\Lib\site-packages\django\core\checks\async_checks.py first seen with mtime 1717559442.682071
File C:\Users\MARKtech\AppData\Local\Programs\Python\Python312\Lib\asyncio\sslproto.py first seen with mtime 1712674218.0
File C:\Users\MARKtech\AppData\Local\Programs\Python\Python312\Lib\asyncio\sslproto.py first seen with mtime 1712674218.0
File C:\Users\MARKtech\AppData\Local\Programs\Python\Python312\Lib\difflib.py first seen with mtime 1712674218.0
File C:\Users\MARKtech\AppData\Local\Programs\Python\Python312\Lib\difflib.py first seen with mtime 1712674218.0
File C:\Users\MARKtech\AppData\Local\Programs\Python\Python312\Lib\quopri.py first seen with mtime 1712674218.0
File C:\Users\MARKtech\AppData\Local\Programs\Python\Python312\Lib\quopri.py first seen with mtime 1712674218.0
File C:\Users\MARKtech\AppData\Local\Programs\Python\Python312\Lib\email\header.py first seen with mtime 1712674218.0
File C:\Users\MARKtech\AppData\Local\Programs\Python\Python312\Lib\email\header.py first seen with mtime 1712674218.0
File C:\Users\MARKtech\AppData\Local\Programs\Python\Python312\Lib\bz2.py first seen with mtime 1712674218.0
File C:\Users\MARKtech\AppData\Local\Programs\Python\Python312\Lib\bz2.py first seen with mtime 1712674218.0
File C:\Users\MARKtech\Desktop\django1\djangoapp\manage.py first seen with mtime 1718541499.0127552
File C:\Users\MARKtech\Desktop\django1\djangoapp\manage.py first seen with mtime 1718541499.0127552
File C:\Users\MARKtech\AppData\Local\Programs\Python\Python312\Lib\asyncio\timeouts.py first seen with mtime 1712674218.0
File C:\Users\MARKtech\AppData\Local\Programs\Python\Python312\Lib\asyncio\timeouts.py first seen with mtime 1712674218.0
File C:\Users\MARKtech\AppData\Local\Programs\Python\Python312\Lib\site-packages\django\utils\decorators.py first seen with mtime 1717559445.9275217
File C:\Users\MARKtech\AppData\Local\Programs\Python\Python312\Lib\site-packages\django\utils\decorators.py first seen with mtime 1717559445.9275217
File C:\Users\MARKtech\AppData\Local\Programs\Python\Python312\Lib\site-packages\django\contrib\sessions\middleware.py first seen with mtime 1717559439.0138035
File C:\Users\MARKtech\AppData\Local\Programs\Python\Python312\Lib\site-packages\django\contrib\sessions\middleware.py first seen with mtime 1717559439.0138035
File C:\Users\MARKtech\AppData\Local\Programs\Python\Python312\DLLs\_lzma.pyd first seen with mtime 1712674262.0
File C:\Users\MARKtech\AppData\Local\Programs\Python\Python312\DLLs\_lzma.pyd first seen with mtime 1712674262.0
File C:\Users\MARKtech\AppData\Local\Programs\Python\Python312\Lib\traceback.py first seen with mtime 1712674218.0
File C:\Users\MARKtech\AppData\Local\Programs\Python\Python312\Lib\traceback.py first seen with mtime 1712674218.0
File C:\Users\MARKtech\AppData\Local\Programs\Python\Python312\DLLs\_zoneinfo.pyd first seen with mtime 1712674262.0
File C:\Users\MARKtech\AppData\Local\Programs\Python\Python312\DLLs\_zoneinfo.pyd first seen with mtime 1712674262.0
File C:\Users\MARKtech\AppData\Local\Programs\Python\Python312\Lib\site-packages\django\utils\dateformat.py first seen with mtime 1717559445.7556365
File C:\Users\MARKtech\AppData\Local\Programs\Python\Python312\Lib\site-packages\django\utils\dateformat.py first seen with mtime 1717559445.7556365
File C:\Users\MARKtech\AppData\Local\Programs\Python\Python312\Lib\zoneinfo\__init__.py first seen with mtime 1712674218.0
File C:\Users\MARKtech\AppData\Local\Programs\Python\Python312\Lib\zoneinfo\__init__.py first seen with mtime 1712674218.0
File C:\Users\MARKtech\AppData\Local\Programs\Python\Python312\Lib\site-packages\django\contrib\admin\templatetags\admin_urls.py first seen with mtime 1717559419.3580394
File C:\Users\MARKtech\AppData\Local\Programs\Python\Python312\Lib\site-packages\django\contrib\admin\templatetags\admin_urls.py first seen with mtime 1717559419.3580394
File C:\Users\MARKtech\AppData\Local\Programs\Python\Python312\Lib\site-packages\django\core\paginator.py first seen with mtime 1717559442.5884178
File C:\Users\MARKtech\AppData\Local\Programs\Python\Python312\Lib\site-packages\django\core\paginator.py first seen with mtime 1717559442.5884178
File C:\Users\MARKtech\AppData\Local\Programs\Python\Python312\Lib\types.py first seen with mtime 1712674218.0
File C:\Users\MARKtech\AppData\Local\Programs\Python\Python312\Lib\types.py first seen with mtime 1712674218.0
File C:\Users\MARKtech\AppData\Local\Programs\Python\Python312\Lib\importlib\__init__.py first seen with mtime 1712674218.0
File C:\Users\MARKtech\AppData\Local\Programs\Python\Python312\Lib\importlib\__init__.py first seen with mtime 1712674218.0
File C:\Users\MARKtech\AppData\Local\Programs\Python\Python312\Lib\site-packages\django\core\cache\__init__.py first seen with mtime 1717559442.6195683
File C:\Users\MARKtech\AppData\Local\Programs\Python\Python312\Lib\site-packages\django\core\cache\__init__.py first seen with mtime 1717559442.6195683
File C:\Users\MARKtech\AppData\Local\Programs\Python\Python312\Lib\site-packages\django\contrib\staticfiles\checks.py first seen with mtime 1717559442.4614036
File C:\Users\MARKtech\AppData\Local\Programs\Python\Python312\Lib\site-packages\django\contrib\staticfiles\checks.py first seen with mtime 1717559442.4614036
File C:\Users\MARKtech\AppData\Local\Programs\Python\Python312\Lib\uuid.py first seen with mtime 1712674218.0
File C:\Users\MARKtech\AppData\Local\Programs\Python\Python312\Lib\uuid.py first seen with mtime 1712674218.0
File C:\Users\MARKtech\AppData\Local\Programs\Python\Python312\Lib\site-packages\django\db\migrations\exceptions.py first seen with mtime 1717559443.637887
File C:\Users\MARKtech\AppData\Local\Programs\Python\Python312\Lib\site-packages\django\db\migrations\exceptions.py first seen with mtime 1717559443.637887
File C:\Users\MARKtech\AppData\Local\Programs\Python\Python312\Lib\site-packages\django\core\files\storage\handler.py first seen with mtime 1717559442.85395
File C:\Users\MARKtech\AppData\Local\Programs\Python\Python312\Lib\site-packages\django\core\files\storage\handler.py first seen with mtime 1717559442.85395
File C:\Users\MARKtech\AppData\Local\Programs\Python\Python312\Lib\email\charset.py first seen with mtime 1712674218.0
File C:\Users\MARKtech\AppData\Local\Programs\Python\Python312\Lib\email\charset.py first seen with mtime 1712674218.0
File C:\Users\MARKtech\AppData\Local\Programs\Python\Python312\Lib\urllib\response.py first seen with mtime 1712674218.0
File C:\Users\MARKtech\AppData\Local\Programs\Python\Python312\Lib\urllib\response.py first seen with mtime 1712674218.0
File C:\Users\MARKtech\AppData\Local\Programs\Python\Python312\Lib\site-packages\django\views\decorators\cache.py first seen with mtime 1717559446.5229387
File C:\Users\MARKtech\AppData\Local\Programs\Python\Python312\Lib\site-packages\django\views\decorators\cache.py first seen with mtime 1717559446.5229387
File C:\Users\MARKtech\AppData\Local\Programs\Python\Python312\Lib\site-packages\django\core\servers\__init__.py first seen with mtime 1717559443.24708
File C:\Users\MARKtech\AppData\Local\Programs\Python\Python312\Lib\site-packages\django\core\servers\__init__.py first seen with mtime 1717559443.24708
File C:\Users\MARKtech\AppData\Local\Programs\Python\Python312\Lib\site-packages\django\db\backends\base\schema.py first seen with mtime 1717559443.3564713
File C:\Users\MARKtech\AppData\Local\Programs\Python\Python312\Lib\site-packages\django\db\backends\base\schema.py first seen with mtime 1717559443.3564713
File C:\Users\MARKtech\AppData\Local\Programs\Python\Python312\Lib\site-packages\django\core\checks\security\sessions.py first seen with mtime 1717559442.7758102
File C:\Users\MARKtech\AppData\Local\Programs\Python\Python312\Lib\site-packages\django\core\checks\security\sessions.py first seen with mtime 1717559442.7758102
File C:\Users\MARKtech\AppData\Local\Programs\Python\Python312\Lib\site-packages\django\contrib\staticfiles\apps.py first seen with mtime 1717559442.4457936
File C:\Users\MARKtech\AppData\Local\Programs\Python\Python312\Lib\site-packages\django\contrib\staticfiles\apps.py first seen with mtime 1717559442.4457936
File C:\Users\MARKtech\AppData\Local\Programs\Python\Python312\Lib\site-packages\colorama\ansi.py first seen with mtime 1716950678.788718
File C:\Users\MARKtech\AppData\Local\Programs\Python\Python312\Lib\site-packages\colorama\ansi.py first seen with mtime 1716950678.788718
File C:\Users\MARKtech\Desktop\django1\djangoapp\my_project\settings.py first seen with mtime 1722951274.434304
File C:\Users\MARKtech\Desktop\django1\djangoapp\my_project\settings.py first seen with mtime 1722951274.434304
File C:\Users\MARKtech\AppData\Local\Programs\Python\Python312\Lib\html\__init__.py first seen with mtime 1712674218.0
File C:\Users\MARKtech\AppData\Local\Programs\Python\Python312\Lib\html\__init__.py first seen with mtime 1712674218.0
File C:\Users\MARKtech\AppData\Local\Programs\Python\Python312\Lib\ctypes\wintypes.py first seen with mtime 1712674218.0
File C:\Users\MARKtech\AppData\Local\Programs\Python\Python312\Lib\ctypes\wintypes.py first seen with mtime 1712674218.0
File C:\Users\MARKtech\AppData\Local\Programs\Python\Python312\Lib\email\message.py first seen with mtime 1712674218.0
File C:\Users\MARKtech\AppData\Local\Programs\Python\Python312\Lib\email\message.py first seen with mtime 1712674218.0
File C:\Users\MARKtech\AppData\Local\Programs\Python\Python312\Lib\site-packages\sqlparse\filters\others.py first seen with mtime 1717559404.3395329
File C:\Users\MARKtech\AppData\Local\Programs\Python\Python312\Lib\site-packages\sqlparse\filters\others.py first seen with mtime 1717559404.3395329
File C:\Users\MARKtech\AppData\Local\Programs\Python\Python312\Lib\html\parser.py first seen with mtime 1712674218.0
File C:\Users\MARKtech\AppData\Local\Programs\Python\Python312\Lib\html\parser.py first seen with mtime 1712674218.0
File C:\Users\MARKtech\AppData\Local\Programs\Python\Python312\Lib\site-packages\django\utils\timesince.py first seen with mtime 1717559446.3666942
File C:\Users\MARKtech\AppData\Local\Programs\Python\Python312\Lib\site-packages\django\utils\timesince.py first seen with mtime 1717559446.3666942
File C:\Users\MARKtech\AppData\Local\Programs\Python\Python312\Lib\site-packages\django\template\loader.py first seen with mtime 1717559445.238321
File C:\Users\MARKtech\AppData\Local\Programs\Python\Python312\Lib\site-packages\django\template\loader.py first seen with mtime 1717559445.238321
File C:\Users\MARKtech\Desktop\django1\djangoapp\my_app\models\user.py first seen with mtime 1720796860.2880425
File C:\Users\MARKtech\Desktop\django1\djangoapp\my_app\models\user.py first seen with mtime 1720796860.2880425
File C:\Users\MARKtech\AppData\Local\Programs\Python\Python312\Lib\decimal.py first seen with mtime 1712674218.0
File C:\Users\MARKtech\AppData\Local\Programs\Python\Python312\Lib\decimal.py first seen with mtime 1712674218.0
File C:\Users\MARKtech\AppData\Local\Programs\Python\Python312\Lib\re\_constants.py first seen with mtime 1712674218.0
File C:\Users\MARKtech\AppData\Local\Programs\Python\Python312\Lib\re\_constants.py first seen with mtime 1712674218.0
File C:\Users\MARKtech\AppData\Local\Programs\Python\Python312\Lib\site-packages\django\utils\html.py first seen with mtime 1717559445.9900138
File C:\Users\MARKtech\AppData\Local\Programs\Python\Python312\Lib\site-packages\django\utils\html.py first seen with mtime 1717559445.9900138
File C:\Users\MARKtech\AppData\Local\Programs\Python\Python312\Lib\site-packages\django\contrib\auth\decorators.py first seen with mtime 1717559421.7236245
File C:\Users\MARKtech\AppData\Local\Programs\Python\Python312\Lib\site-packages\django\contrib\auth\decorators.py first seen with mtime 1717559421.7236245
File C:\Users\MARKtech\AppData\Local\Programs\Python\Python312\Lib\site-packages\django\views\decorators\debug.py first seen with mtime 1717559446.5385635
File C:\Users\MARKtech\AppData\Local\Programs\Python\Python312\Lib\site-packages\django\views\decorators\debug.py first seen with mtime 1717559446.5385635
File C:\Users\MARKtech\AppData\Local\Programs\Python\Python312\Lib\site-packages\django\core\checks\model_checks.py first seen with mtime 1717559442.7133262
File C:\Users\MARKtech\AppData\Local\Programs\Python\Python312\Lib\site-packages\django\core\checks\model_checks.py first seen with mtime 1717559442.7133262
File C:\Users\MARKtech\AppData\Local\Programs\Python\Python312\Lib\urllib\request.py first seen with mtime 1712674218.0
File C:\Users\MARKtech\AppData\Local\Programs\Python\Python312\Lib\urllib\request.py first seen with mtime 1712674218.0
File C:\Users\MARKtech\AppData\Local\Programs\Python\Python312\Lib\site-packages\django\forms\widgets.py first seen with mtime 1717559444.0753787
File C:\Users\MARKtech\AppData\Local\Programs\Python\Python312\Lib\site-packages\django\forms\widgets.py first seen with mtime 1717559444.0753787
File C:\Users\MARKtech\AppData\Local\Programs\Python\Python312\Lib\site-packages\django\template\autoreload.py first seen with mtime 1717559445.1601954
File C:\Users\MARKtech\AppData\Local\Programs\Python\Python312\Lib\site-packages\django\template\autoreload.py first seen with mtime 1717559445.1601954
File C:\Users\MARKtech\AppData\Local\Programs\Python\Python312\Lib\copyreg.py first seen with mtime 1712674218.0
File C:\Users\MARKtech\AppData\Local\Programs\Python\Python312\Lib\copyreg.py first seen with mtime 1712674218.0
File C:\Users\MARKtech\AppData\Local\Programs\Python\Python312\Lib\email\utils.py first seen with mtime 1712674218.0
File C:\Users\MARKtech\AppData\Local\Programs\Python\Python312\Lib\email\utils.py first seen with mtime 1712674218.0
File C:\Users\MARKtech\AppData\Local\Programs\Python\Python312\Lib\signal.py first seen with mtime 1712674218.0
File C:\Users\MARKtech\AppData\Local\Programs\Python\Python312\Lib\signal.py first seen with mtime 1712674218.0
File C:\Users\MARKtech\AppData\Local\Programs\Python\Python312\Lib\site-packages\django\contrib\messages\__init__.py first seen with mtime 1717559434.8595436
File C:\Users\MARKtech\AppData\Local\Programs\Python\Python312\Lib\site-packages\django\contrib\messages\__init__.py first seen with mtime 1717559434.8595436
File C:\Users\MARKtech\AppData\Local\Programs\Python\Python312\Lib\hmac.py first seen with mtime 1712674218.0
File C:\Users\MARKtech\AppData\Local\Programs\Python\Python312\Lib\hmac.py first seen with mtime 1712674218.0
File C:\Users\MARKtech\AppData\Local\Programs\Python\Python312\Lib\site-packages\django\db\models\deletion.py first seen with mtime 1717559443.778548
File C:\Users\MARKtech\AppData\Local\Programs\Python\Python312\Lib\site-packages\django\db\models\deletion.py first seen with mtime 1717559443.778548
File C:\Users\MARKtech\AppData\Local\Programs\Python\Python312\Lib\site-packages\django\db\models\functions\comparison.py first seen with mtime 1717559443.9191475
File C:\Users\MARKtech\AppData\Local\Programs\Python\Python312\Lib\site-packages\django\db\models\functions\comparison.py first seen with mtime 1717559443.9191475
File C:\Users\MARKtech\AppData\Local\Programs\Python\Python312\Lib\shutil.py first seen with mtime 1712674218.0
File C:\Users\MARKtech\AppData\Local\Programs\Python\Python312\Lib\shutil.py first seen with mtime 1712674218.0
File C:\Users\MARKtech\AppData\Local\Programs\Python\Python312\Lib\site-packages\django\db\models\signals.py first seen with mtime 1717559443.8410084
File C:\Users\MARKtech\AppData\Local\Programs\Python\Python312\Lib\site-packages\django\db\models\signals.py first seen with mtime 1717559443.8410084
File C:\Users\MARKtech\AppData\Local\Programs\Python\Python312\Lib\email\_policybase.py first seen with mtime 1712674218.0
File C:\Users\MARKtech\AppData\Local\Programs\Python\Python312\Lib\email\_policybase.py first seen with mtime 1712674218.0
File C:\Users\MARKtech\AppData\Local\Programs\Python\Python312\Lib\email\iterators.py first seen with mtime 1712674218.0
File C:\Users\MARKtech\AppData\Local\Programs\Python\Python312\Lib\email\iterators.py first seen with mtime 1712674218.0
File C:\Users\MARKtech\AppData\Local\Programs\Python\Python312\Lib\site-packages\django\contrib\sessions\exceptions.py first seen with mtime 1717559439.0138035
File C:\Users\MARKtech\AppData\Local\Programs\Python\Python312\Lib\site-packages\django\contrib\sessions\exceptions.py first seen with mtime 1717559439.0138035
File C:\Users\MARKtech\AppData\Local\Programs\Python\Python312\Lib\email\base64mime.py first seen with mtime 1712674218.0
File C:\Users\MARKtech\AppData\Local\Programs\Python\Python312\Lib\email\base64mime.py first seen with mtime 1712674218.0
File C:\Users\MARKtech\AppData\Local\Programs\Python\Python312\Lib\logging\__init__.py first seen with mtime 1712674218.0
File C:\Users\MARKtech\AppData\Local\Programs\Python\Python312\Lib\logging\__init__.py first seen with mtime 1712674218.0
File C:\Users\MARKtech\AppData\Local\Programs\Python\Python312\Lib\site-packages\django\core\checks\urls.py first seen with mtime 1717559442.744578
File C:\Users\MARKtech\AppData\Local\Programs\Python\Python312\Lib\site-packages\django\core\checks\urls.py first seen with mtime 1717559442.744578
File C:\Users\MARKtech\AppData\Local\Programs\Python\Python312\Lib\gettext.py first seen with mtime 1712674218.0
File C:\Users\MARKtech\AppData\Local\Programs\Python\Python312\Lib\gettext.py first seen with mtime 1712674218.0
File C:\Users\MARKtech\AppData\Local\Programs\Python\Python312\Lib\hashlib.py first seen with mtime 1712674218.0
File C:\Users\MARKtech\AppData\Local\Programs\Python\Python312\Lib\hashlib.py first seen with mtime 1712674218.0
File C:\Users\MARKtech\AppData\Local\Programs\Python\Python312\Lib\json\__init__.py first seen with mtime 1712674218.0
File C:\Users\MARKtech\AppData\Local\Programs\Python\Python312\Lib\json\__init__.py first seen with mtime 1712674218.0
File C:\Users\MARKtech\AppData\Local\Programs\Python\Python312\Lib\site-packages\django\contrib\admin\helpers.py first seen with mtime 1717559413.2123334
File C:\Users\MARKtech\AppData\Local\Programs\Python\Python312\Lib\site-packages\django\contrib\admin\helpers.py first seen with mtime 1717559413.2123334
File C:\Users\MARKtech\AppData\Local\Programs\Python\Python312\Lib\site-packages\django\utils\hashable.py first seen with mtime 1717559445.9900138
File C:\Users\MARKtech\AppData\Local\Programs\Python\Python312\Lib\site-packages\django\utils\hashable.py first seen with mtime 1717559445.9900138
File C:\Users\MARKtech\AppData\Local\Programs\Python\Python312\Lib\site-packages\django\db\models\fields\reverse_related.py first seen with mtime 1717559443.9035318
File C:\Users\MARKtech\AppData\Local\Programs\Python\Python312\Lib\site-packages\django\db\models\fields\reverse_related.py first seen with mtime 1717559443.9035318
File C:\Users\MARKtech\Desktop\django1\djangoapp\my_app\models\school.py first seen with mtime 1722925578.6177933
File C:\Users\MARKtech\Desktop\django1\djangoapp\my_app\models\school.py first seen with mtime 1722925578.6177933
File C:\Users\MARKtech\AppData\Local\Programs\Python\Python312\Lib\site-packages\django\contrib\auth\forms.py first seen with mtime 1717559421.7236245
File C:\Users\MARKtech\AppData\Local\Programs\Python\Python312\Lib\site-packages\django\contrib\auth\forms.py first seen with mtime 1717559421.7236245
File C:\Users\MARKtech\AppData\Local\Programs\Python\Python312\Lib\tokenize.py first seen with mtime 1712674218.0
File C:\Users\MARKtech\AppData\Local\Programs\Python\Python312\Lib\tokenize.py first seen with mtime 1712674218.0
File C:\Users\MARKtech\AppData\Local\Programs\Python\Python312\DLLs\_decimal.pyd first seen with mtime 1712674262.0
File C:\Users\MARKtech\AppData\Local\Programs\Python\Python312\DLLs\_decimal.pyd first seen with mtime 1712674262.0
File C:\Users\MARKtech\AppData\Local\Programs\Python\Python312\Lib\site-packages\django\forms\utils.py first seen with mtime 1717559444.0597532
File C:\Users\MARKtech\AppData\Local\Programs\Python\Python312\Lib\site-packages\django\forms\utils.py first seen with mtime 1717559444.0597532
File C:\Users\MARKtech\AppData\Local\Programs\Python\Python312\Lib\platform.py first seen with mtime 1712674218.0
File C:\Users\MARKtech\AppData\Local\Programs\Python\Python312\Lib\platform.py first seen with mtime 1712674218.0
File C:\Users\MARKtech\AppData\Local\Programs\Python\Python312\Lib\site-packages\django\contrib\admin\decorators.py first seen with mtime 1717559413.1810825
File C:\Users\MARKtech\AppData\Local\Programs\Python\Python312\Lib\site-packages\django\contrib\admin\decorators.py first seen with mtime 1717559413.1810825
File C:\Users\MARKtech\AppData\Local\Programs\Python\Python312\Lib\site-packages\django\templatetags\tz.py first seen with mtime 1717559445.4570775
File C:\Users\MARKtech\AppData\Local\Programs\Python\Python312\Lib\site-packages\django\templatetags\tz.py first seen with mtime 1717559445.4570775
File C:\Users\MARKtech\AppData\Local\Programs\Python\Python312\Lib\site-packages\django\core\serializers\__init__.py first seen with mtime 1717559443.200222
File C:\Users\MARKtech\AppData\Local\Programs\Python\Python312\Lib\site-packages\django\core\serializers\__init__.py first seen with mtime 1717559443.200222
File C:\Users\MARKtech\AppData\Local\Programs\Python\Python312\Lib\asyncio\windows_events.py first seen with mtime 1712674218.0
File C:\Users\MARKtech\AppData\Local\Programs\Python\Python312\Lib\asyncio\windows_events.py first seen with mtime 1712674218.0
File C:\Users\MARKtech\AppData\Local\Programs\Python\Python312\Lib\site-packages\django\utils\datastructures.py first seen with mtime 1717559445.7400148
File C:\Users\MARKtech\AppData\Local\Programs\Python\Python312\Lib\site-packages\django\utils\datastructures.py first seen with mtime 1717559445.7400148
File C:\Users\MARKtech\AppData\Local\Programs\Python\Python312\Lib\asyncio\selector_events.py first seen with mtime 1712674218.0
File C:\Users\MARKtech\AppData\Local\Programs\Python\Python312\Lib\asyncio\selector_events.py first seen with mtime 1712674218.0
File C:\Users\MARKtech\AppData\Local\Programs\Python\Python312\Lib\site-packages\django\db\migrations\state.py first seen with mtime 1717559443.7003872
File C:\Users\MARKtech\AppData\Local\Programs\Python\Python312\Lib\site-packages\django\db\migrations\state.py first seen with mtime 1717559443.7003872
File C:\Users\MARKtech\AppData\Local\Programs\Python\Python312\Lib\_compression.py first seen with mtime 1712674218.0
File C:\Users\MARKtech\AppData\Local\Programs\Python\Python312\Lib\_compression.py first seen with mtime 1712674218.0
File C:\Users\MARKtech\AppData\Local\Programs\Python\Python312\Lib\site-packages\django\db\models\indexes.py first seen with mtime 1717559443.7941315
File C:\Users\MARKtech\AppData\Local\Programs\Python\Python312\Lib\site-packages\django\db\models\indexes.py first seen with mtime 1717559443.7941315
File C:\Users\MARKtech\AppData\Local\Programs\Python\Python312\Lib\site-packages\colorama\ansitowin32.py first seen with mtime 1716950678.7957165
File C:\Users\MARKtech\AppData\Local\Programs\Python\Python312\Lib\site-packages\colorama\ansitowin32.py first seen with mtime 1716950678.7957165
File C:\Users\MARKtech\AppData\Local\Programs\Python\Python312\Lib\site-packages\django\views\generic\base.py first seen with mtime 1717559446.585439
File C:\Users\MARKtech\AppData\Local\Programs\Python\Python312\Lib\site-packages\django\views\generic\base.py first seen with mtime 1717559446.585439
File C:\Users\MARKtech\AppData\Local\Programs\Python\Python312\Lib\asyncio\base_subprocess.py first seen with mtime 1712674218.0
File C:\Users\MARKtech\AppData\Local\Programs\Python\Python312\Lib\asyncio\base_subprocess.py first seen with mtime 1712674218.0
File C:\Users\MARKtech\AppData\Local\Programs\Python\Python312\Lib\site-packages\django\views\decorators\http.py first seen with mtime 1717559446.5698366
File C:\Users\MARKtech\AppData\Local\Programs\Python\Python312\Lib\site-packages\django\views\decorators\http.py first seen with mtime 1717559446.5698366
File C:\Users\MARKtech\AppData\Local\Programs\Python\Python312\Lib\site-packages\django\utils\termcolors.py first seen with mtime 1717559446.2573166
File C:\Users\MARKtech\AppData\Local\Programs\Python\Python312\Lib\site-packages\django\utils\termcolors.py first seen with mtime 1717559446.2573166
File C:\Users\MARKtech\AppData\Local\Programs\Python\Python312\Lib\site-packages\django\contrib\auth\signals.py first seen with mtime 1717559421.7704854
File C:\Users\MARKtech\AppData\Local\Programs\Python\Python312\Lib\site-packages\django\contrib\auth\signals.py first seen with mtime 1717559421.7704854
File C:\Users\MARKtech\AppData\Local\Programs\Python\Python312\Lib\site-packages\django\views\static.py first seen with mtime 1717559446.5073252
File C:\Users\MARKtech\AppData\Local\Programs\Python\Python312\Lib\site-packages\django\views\static.py first seen with mtime 1717559446.5073252
File C:\Users\MARKtech\AppData\Local\Programs\Python\Python312\DLLs\_wmi.pyd first seen with mtime 1712674262.0
File C:\Users\MARKtech\AppData\Local\Programs\Python\Python312\DLLs\_wmi.pyd first seen with mtime 1712674262.0
File C:\Users\MARKtech\AppData\Local\Programs\Python\Python312\Lib\site-packages\django\core\signals.py first seen with mtime 1717559442.5884178
File C:\Users\MARKtech\AppData\Local\Programs\Python\Python312\Lib\site-packages\django\core\signals.py first seen with mtime 1717559442.5884178
File C:\Users\MARKtech\AppData\Local\Programs\Python\Python312\Lib\site-packages\django\db\models\fields\related_descriptors.py first seen with mtime 1717559443.8878822
File C:\Users\MARKtech\AppData\Local\Programs\Python\Python312\Lib\site-packages\django\db\models\fields\related_descriptors.py first seen with mtime 1717559443.8878822
File C:\Users\MARKtech\AppData\Local\Programs\Python\Python312\Lib\site-packages\colorama\winterm.py first seen with mtime 1716950678.8230374
File C:\Users\MARKtech\AppData\Local\Programs\Python\Python312\Lib\site-packages\colorama\winterm.py first seen with mtime 1716950678.8230374
File C:\Users\MARKtech\AppData\Local\Programs\Python\Python312\Lib\site-packages\MySQLdb\constants\CLIENT.py first seen with mtime 1720572393.3946962
File C:\Users\MARKtech\AppData\Local\Programs\Python\Python312\Lib\site-packages\MySQLdb\constants\CLIENT.py first seen with mtime 1720572393.3946962
File C:\Users\MARKtech\AppData\Local\Programs\Python\Python312\Lib\site-packages\sqlparse\engine\__init__.py first seen with mtime 1717559404.2862883
File C:\Users\MARKtech\AppData\Local\Programs\Python\Python312\Lib\site-packages\sqlparse\engine\__init__.py first seen with mtime 1717559404.2862883
File C:\Users\MARKtech\AppData\Local\Programs\Python\Python312\Lib\site-packages\django\contrib\auth\__init__.py first seen with mtime 1717559421.6611066
File C:\Users\MARKtech\AppData\Local\Programs\Python\Python312\Lib\site-packages\django\contrib\auth\__init__.py first seen with mtime 1717559421.6611066
File C:\Users\MARKtech\AppData\Local\Programs\Python\Python312\Lib\site-packages\django\__init__.py first seen with mtime 1717559408.9464862
File C:\Users\MARKtech\AppData\Local\Programs\Python\Python312\Lib\site-packages\django\__init__.py first seen with mtime 1717559408.9464862
File C:\Users\MARKtech\AppData\Local\Programs\Python\Python312\Lib\site-packages\django\db\backends\base\operations.py first seen with mtime 1717559443.3408375
File C:\Users\MARKtech\AppData\Local\Programs\Python\Python312\Lib\site-packages\django\db\backends\base\operations.py first seen with mtime 1717559443.3408375
File C:\Users\MARKtech\AppData\Local\Programs\Python\Python312\Lib\dis.py first seen with mtime 1712674218.0
File C:\Users\MARKtech\AppData\Local\Programs\Python\Python312\Lib\dis.py first seen with mtime 1712674218.0
File C:\Users\MARKtech\AppData\Local\Programs\Python\Python312\Lib\asyncio\base_tasks.py first seen with mtime 1712674218.0
File C:\Users\MARKtech\AppData\Local\Programs\Python\Python312\Lib\asyncio\base_tasks.py first seen with mtime 1712674218.0
File C:\Users\MARKtech\AppData\Local\Programs\Python\Python312\Lib\site-packages\django\forms\models.py first seen with mtime 1717559444.0597532
File C:\Users\MARKtech\AppData\Local\Programs\Python\Python312\Lib\site-packages\django\forms\models.py first seen with mtime 1717559444.0597532
File C:\Users\MARKtech\AppData\Local\Programs\Python\Python312\Lib\site-packages\django\db\models\sql\where.py first seen with mtime 1717559443.9972672
File C:\Users\MARKtech\AppData\Local\Programs\Python\Python312\Lib\site-packages\django\db\models\sql\where.py first seen with mtime 1717559443.9972672
File C:\Users\MARKtech\AppData\Local\Programs\Python\Python312\Lib\weakref.py first seen with mtime 1712674218.0
File C:\Users\MARKtech\AppData\Local\Programs\Python\Python312\Lib\weakref.py first seen with mtime 1712674218.0
File C:\Users\MARKtech\AppData\Local\Programs\Python\Python312\Lib\site-packages\django\core\checks\templates.py first seen with mtime 1717559442.7289417
File C:\Users\MARKtech\AppData\Local\Programs\Python\Python312\Lib\site-packages\django\core\checks\templates.py first seen with mtime 1717559442.7289417
File C:\Users\MARKtech\AppData\Local\Programs\Python\Python312\Lib\site-packages\django\contrib\contenttypes\admin.py first seen with mtime 1717559424.246539
File C:\Users\MARKtech\AppData\Local\Programs\Python\Python312\Lib\site-packages\django\contrib\contenttypes\admin.py first seen with mtime 1717559424.246539
File C:\Users\MARKtech\AppData\Local\Programs\Python\Python312\Lib\email\__init__.py first seen with mtime 1712674218.0
File C:\Users\MARKtech\AppData\Local\Programs\Python\Python312\Lib\email\__init__.py first seen with mtime 1712674218.0
File C:\Users\MARKtech\AppData\Local\Programs\Python\Python312\Lib\enum.py first seen with mtime 1712674218.0
File C:\Users\MARKtech\AppData\Local\Programs\Python\Python312\Lib\enum.py first seen with mtime 1712674218.0
File C:\Users\MARKtech\AppData\Local\Programs\Python\Python312\Lib\email\parser.py first seen with mtime 1712674218.0
File C:\Users\MARKtech\AppData\Local\Programs\Python\Python312\Lib\email\parser.py first seen with mtime 1712674218.0
File C:\Users\MARKtech\AppData\Local\Programs\Python\Python312\DLLs\_hashlib.pyd first seen with mtime 1712674262.0
File C:\Users\MARKtech\AppData\Local\Programs\Python\Python312\DLLs\_hashlib.pyd first seen with mtime 1712674262.0
File C:\Users\MARKtech\AppData\Local\Programs\Python\Python312\Lib\asyncio\subprocess.py first seen with mtime 1712674218.0
File C:\Users\MARKtech\AppData\Local\Programs\Python\Python312\Lib\asyncio\subprocess.py first seen with mtime 1712674218.0
File C:\Users\MARKtech\AppData\Local\Programs\Python\Python312\Lib\site-packages\django\forms\boundfield.py first seen with mtime 1717559444.0285244
File C:\Users\MARKtech\AppData\Local\Programs\Python\Python312\Lib\site-packages\django\forms\boundfield.py first seen with mtime 1717559444.0285244
File C:\Users\MARKtech\AppData\Local\Programs\Python\Python312\Lib\copy.py first seen with mtime 1712674218.0
File C:\Users\MARKtech\AppData\Local\Programs\Python\Python312\Lib\copy.py first seen with mtime 1712674218.0
File C:\Users\MARKtech\AppData\Local\Programs\Python\Python312\Lib\site-packages\django\utils\text.py first seen with mtime 1717559446.3511038
File C:\Users\MARKtech\AppData\Local\Programs\Python\Python312\Lib\site-packages\django\utils\text.py first seen with mtime 1717559446.3511038
File C:\Users\MARKtech\AppData\Local\Programs\Python\Python312\Lib\site-packages\django\db\migrations\migration.py first seen with mtime 1717559443.6691425
File C:\Users\MARKtech\AppData\Local\Programs\Python\Python312\Lib\site-packages\django\db\migrations\migration.py first seen with mtime 1717559443.6691425
File C:\Users\MARKtech\Desktop\django1\djangoapp\my_app\forms.py first seen with mtime 1722591363.8735147
File C:\Users\MARKtech\Desktop\django1\djangoapp\my_app\forms.py first seen with mtime 1722591363.8735147
File C:\Users\MARKtech\AppData\Local\Programs\Python\Python312\Lib\site-packages\django\contrib\admin\filters.py first seen with mtime 1717559413.196721
File C:\Users\MARKtech\AppData\Local\Programs\Python\Python312\Lib\site-packages\django\contrib\admin\filters.py first seen with mtime 1717559413.196721
File C:\Users\MARKtech\Desktop\django1\djangoapp\my_app\templates\index.html first seen with mtime 1722585943.1797862
File C:\Users\MARKtech\Desktop\django1\djangoapp\my_app\templates\index.html first seen with mtime 1722585943.1797862
File C:\Users\MARKtech\Desktop\django1\djangoapp\my_app\templates\show_schools.html first seen with mtime 1722025068.032542
File C:\Users\MARKtech\Desktop\django1\djangoapp\my_app\templates\show_schools.html first seen with mtime 1722025068.032542
File C:\Users\MARKtech\Desktop\django1\djangoapp\my_app\templates\try.html first seen with mtime 1722934225.1949027
File C:\Users\MARKtech\Desktop\django1\djangoapp\my_app\templates\try.html first seen with mtime 1722934225.1949027
File C:\Users\MARKtech\Desktop\django1\djangoapp\my_app\templates\user_page.html first seen with mtime 1722934583.0754774
File C:\Users\MARKtech\Desktop\django1\djangoapp\my_app\templates\user_page.html first seen with mtime 1722934583.0754774
(0.000) 
                SELECT VERSION(),
                       @@sql_mode,
                       @@default_storage_engine,
                       @@sql_auto_is_null,
                       @@lower_case_table_names,
                       CONVERT_TZ('2001-01-01 01:00:00', 'UTC', 'UTC') IS NOT NULL
            ; args=None; alias=default
(0.000) 
                SELECT VERSION(),
                       @@sql_mode,
                       @@default_storage_engine,
                       @@sql_auto_is_null,
                       @@lower_case_table_names,
                       CONVERT_TZ('2001-01-01 01:00:00', 'UTC', 'UTC') IS NOT NULL
            ; args=None; alias=default
(0.000) SET SESSION TRANSACTION ISOLATION LEVEL READ COMMITTED; args=None; alias=default
(0.000) SET SESSION TRANSACTION ISOLATION LEVEL READ COMMITTED; args=None; alias=default
(0.000) SELECT `my_app_school`.`id`, `my_app_school`.`name`, `my_app_school`.`acceptance_rate`, `my_app_school`.`country`, `my_app_school`.`website` FROM `my_app_school`; args=(); alias=default
(0.000) SELECT `my_app_school`.`id`, `my_app_school`.`name`, `my_app_school`.`acceptance_rate`, `my_app_school`.`country`, `my_app_school`.`website` FROM `my_app_school`; args=(); alias=default
"GET /user_page/ HTTP/1.1" 200 19920
"GET /user_page/ HTTP/1.1" 200 19920
"GET /api/saved_schools/ HTTP/1.1" 302 0
"GET /api/saved_schools/ HTTP/1.1" 302 0
Not Found: /accounts/login/
Not Found: /accounts/login/
"GET /accounts/login/?next=/api/saved_schools/ HTTP/1.1" 404 3352
"GET /accounts/login/?next=/api/saved_schools/ HTTP/1.1" 404 3352
File C:\Users\MARKtech\Desktop\django1\djangoapp\my_app\migrations\0001_initial.py first seen with mtime 1722858415.1038563
File C:\Users\MARKtech\Desktop\django1\djangoapp\my_app\migrations\0001_initial.py first seen with mtime 1722858415.1038563
File C:\Users\MARKtech\Desktop\django1\djangoapp\my_project\wsgi.py first seen with mtime 1718541499.086702
File C:\Users\MARKtech\Desktop\django1\djangoapp\my_project\wsgi.py first seen with mtime 1718541499.086702
File C:\Users\MARKtech\AppData\Local\Programs\Python\Python312\Lib\site-packages\django\contrib\auth\migrations\0009_alter_user_last_name_max_length.py first seen with mtime 1717559423.7015083
File C:\Users\MARKtech\AppData\Local\Programs\Python\Python312\Lib\site-packages\django\contrib\auth\migrations\0009_alter_user_last_name_max_length.py first seen with mtime 1717559423.7015083
File C:\Users\MARKtech\AppData\Local\Programs\Python\Python312\Lib\site-packages\django\db\migrations\recorder.py first seen with mtime 1717559443.6847548
File C:\Users\MARKtech\AppData\Local\Programs\Python\Python312\Lib\site-packages\django\db\migrations\recorder.py first seen with mtime 1717559443.6847548
File C:\Users\MARKtech\AppData\Local\Programs\Python\Python312\Lib\site-packages\MySQLdb\connections.py first seen with mtime 1720572393.3790674
File C:\Users\MARKtech\AppData\Local\Programs\Python\Python312\Lib\site-packages\MySQLdb\connections.py first seen with mtime 1720572393.3790674
File C:\Users\MARKtech\AppData\Local\Programs\Python\Python312\Lib\stringprep.py first seen with mtime 1712674218.0
File C:\Users\MARKtech\AppData\Local\Programs\Python\Python312\Lib\stringprep.py first seen with mtime 1712674218.0
File C:\Users\MARKtech\AppData\Local\Programs\Python\Python312\Lib\site-packages\django\contrib\contenttypes\migrations\__init__.py first seen with mtime 1717559427.9618993
File C:\Users\MARKtech\AppData\Local\Programs\Python\Python312\Lib\site-packages\django\contrib\contenttypes\migrations\__init__.py first seen with mtime 1717559427.9618993
File C:\Users\MARKtech\AppData\Local\Programs\Python\Python312\Lib\site-packages\django\contrib\auth\migrations\0002_alter_permission_name_max_length.py first seen with mtime 1717559423.6702511
File C:\Users\MARKtech\AppData\Local\Programs\Python\Python312\Lib\site-packages\django\contrib\auth\migrations\0002_alter_permission_name_max_length.py first seen with mtime 1717559423.6702511
File C:\Users\MARKtech\AppData\Local\Programs\Python\Python312\Lib\site-packages\django\db\migrations\loader.py first seen with mtime 1717559443.6535227
File C:\Users\MARKtech\AppData\Local\Programs\Python\Python312\Lib\site-packages\django\db\migrations\loader.py first seen with mtime 1717559443.6535227
File C:\Users\MARKtech\AppData\Local\Programs\Python\Python312\Lib\site-packages\django\contrib\auth\migrations\0005_alter_user_last_login_null.py first seen with mtime 1717559423.68586
File C:\Users\MARKtech\AppData\Local\Programs\Python\Python312\Lib\site-packages\django\contrib\auth\migrations\0005_alter_user_last_login_null.py first seen with mtime 1717559423.68586
File C:\Users\MARKtech\AppData\Local\Programs\Python\Python312\Lib\site-packages\django\db\migrations\executor.py first seen with mtime 1717559443.6535227
File C:\Users\MARKtech\AppData\Local\Programs\Python\Python312\Lib\site-packages\django\db\migrations\executor.py first seen with mtime 1717559443.6535227
File C:\Users\MARKtech\AppData\Local\Programs\Python\Python312\Lib\site-packages\django\contrib\admin\migrations\0001_initial.py first seen with mtime 1717559417.7730713
File C:\Users\MARKtech\AppData\Local\Programs\Python\Python312\Lib\site-packages\django\contrib\admin\migrations\0001_initial.py first seen with mtime 1717559417.7730713
File C:\Users\MARKtech\AppData\Local\Programs\Python\Python312\Lib\site-packages\django\contrib\admin\migrations\0003_logentry_add_action_flag_choices.py first seen with mtime 1717559417.788731
File C:\Users\MARKtech\AppData\Local\Programs\Python\Python312\Lib\site-packages\django\contrib\admin\migrations\0003_logentry_add_action_flag_choices.py first seen with mtime 1717559417.788731
File C:\Users\MARKtech\AppData\Local\Programs\Python\Python312\Lib\site-packages\django\contrib\auth\migrations\0001_initial.py first seen with mtime 1717559423.6546204
File C:\Users\MARKtech\AppData\Local\Programs\Python\Python312\Lib\site-packages\django\contrib\auth\migrations\0001_initial.py first seen with mtime 1717559423.6546204
File C:\Users\MARKtech\AppData\Local\Programs\Python\Python312\Lib\site-packages\MySQLdb\cursors.py first seen with mtime 1720572393.3790674
File C:\Users\MARKtech\AppData\Local\Programs\Python\Python312\Lib\site-packages\MySQLdb\cursors.py first seen with mtime 1720572393.3790674
File C:\Users\MARKtech\AppData\Local\Programs\Python\Python312\Lib\site-packages\django\contrib\auth\migrations\0010_alter_group_name_max_length.py first seen with mtime 1717559423.7171125
File C:\Users\MARKtech\AppData\Local\Programs\Python\Python312\Lib\site-packages\django\contrib\auth\migrations\0010_alter_group_name_max_length.py first seen with mtime 1717559423.7171125
File C:\Users\MARKtech\AppData\Local\Programs\Python\Python312\Lib\site-packages\django\contrib\sessions\backends\db.py first seen with mtime 1717559439.076288
File C:\Users\MARKtech\AppData\Local\Programs\Python\Python312\Lib\site-packages\django\contrib\sessions\backends\db.py first seen with mtime 1717559439.076288
File C:\Users\MARKtech\AppData\Local\Programs\Python\Python312\Lib\site-packages\django\contrib\sessions\migrations\0001_initial.py first seen with mtime 1717559440.534085
File C:\Users\MARKtech\AppData\Local\Programs\Python\Python312\Lib\site-packages\django\contrib\sessions\migrations\0001_initial.py first seen with mtime 1717559440.534085
File C:\Users\MARKtech\AppData\Local\Programs\Python\Python312\Lib\site-packages\django\contrib\messages\middleware.py first seen with mtime 1717559434.890782
File C:\Users\MARKtech\AppData\Local\Programs\Python\Python312\Lib\site-packages\django\contrib\messages\middleware.py first seen with mtime 1717559434.890782
File C:\Users\MARKtech\AppData\Local\Programs\Python\Python312\Lib\site-packages\django\contrib\admin\migrations\__init__.py first seen with mtime 1717559417.788731
File C:\Users\MARKtech\AppData\Local\Programs\Python\Python312\Lib\site-packages\django\contrib\admin\migrations\__init__.py first seen with mtime 1717559417.788731
File C:\Users\MARKtech\AppData\Local\Programs\Python\Python312\Lib\site-packages\django\contrib\auth\migrations\0011_update_proxy_permissions.py first seen with mtime 1717559423.7171125
File C:\Users\MARKtech\AppData\Local\Programs\Python\Python312\Lib\site-packages\django\contrib\auth\migrations\0011_update_proxy_permissions.py first seen with mtime 1717559423.7171125
File C:\Users\MARKtech\AppData\Local\Programs\Python\Python312\Lib\site-packages\django\db\backends\mysql\compiler.py first seen with mtime 1717559443.4033368
File C:\Users\MARKtech\AppData\Local\Programs\Python\Python312\Lib\site-packages\django\db\backends\mysql\compiler.py first seen with mtime 1717559443.4033368
File C:\Users\MARKtech\AppData\Local\Programs\Python\Python312\Lib\site-packages\django\contrib\auth\migrations\0012_alter_user_first_name_max_length.py first seen with mtime 1717559423.7327404
File C:\Users\MARKtech\AppData\Local\Programs\Python\Python312\Lib\site-packages\django\contrib\auth\migrations\0012_alter_user_first_name_max_length.py first seen with mtime 1717559423.7327404
File C:\Users\MARKtech\AppData\Local\Programs\Python\Python312\Lib\site-packages\django\contrib\auth\migrations\0004_alter_user_username_opts.py first seen with mtime 1717559423.6702511
File C:\Users\MARKtech\AppData\Local\Programs\Python\Python312\Lib\site-packages\django\contrib\auth\migrations\0004_alter_user_username_opts.py first seen with mtime 1717559423.6702511
File C:\Users\MARKtech\AppData\Local\Programs\Python\Python312\Lib\site-packages\django\contrib\auth\migrations\0008_alter_user_username_max_length.py first seen with mtime 1717559423.7015083
File C:\Users\MARKtech\AppData\Local\Programs\Python\Python312\Lib\site-packages\django\contrib\auth\migrations\0008_alter_user_username_max_length.py first seen with mtime 1717559423.7015083
File C:\Users\MARKtech\AppData\Local\Programs\Python\Python312\Lib\site-packages\django\db\models\sql\compiler.py first seen with mtime 1717559443.9660232
File C:\Users\MARKtech\AppData\Local\Programs\Python\Python312\Lib\site-packages\django\db\models\sql\compiler.py first seen with mtime 1717559443.9660232
File C:\Users\MARKtech\AppData\Local\Programs\Python\Python312\Lib\site-packages\django\contrib\auth\migrations\__init__.py first seen with mtime 1717559424.1215475
File C:\Users\MARKtech\AppData\Local\Programs\Python\Python312\Lib\site-packages\django\contrib\auth\migrations\__init__.py first seen with mtime 1717559424.1215475
File C:\Users\MARKtech\AppData\Local\Programs\Python\Python312\Lib\site-packages\django\contrib\auth\migrations\0006_require_contenttypes_0002.py first seen with mtime 1717559423.68586
File C:\Users\MARKtech\AppData\Local\Programs\Python\Python312\Lib\site-packages\django\contrib\auth\migrations\0006_require_contenttypes_0002.py first seen with mtime 1717559423.68586
File C:\Users\MARKtech\AppData\Local\Programs\Python\Python312\Lib\site-packages\django\core\cache\backends\locmem.py first seen with mtime 1717559442.6508381
File C:\Users\MARKtech\AppData\Local\Programs\Python\Python312\Lib\site-packages\django\core\cache\backends\locmem.py first seen with mtime 1717559442.6508381
File C:\Users\MARKtech\AppData\Local\Programs\Python\Python312\Lib\site-packages\django\views\csrf.py first seen with mtime 1717559446.4604385
File C:\Users\MARKtech\AppData\Local\Programs\Python\Python312\Lib\site-packages\django\views\csrf.py first seen with mtime 1717559446.4604385
File C:\Users\MARKtech\AppData\Local\Programs\Python\Python312\Lib\encodings\idna.py first seen with mtime 1712674218.0
File C:\Users\MARKtech\AppData\Local\Programs\Python\Python312\Lib\encodings\idna.py first seen with mtime 1712674218.0
File C:\Users\MARKtech\AppData\Local\Programs\Python\Python312\Lib\site-packages\django\middleware\common.py first seen with mtime 1717559445.085168
File C:\Users\MARKtech\AppData\Local\Programs\Python\Python312\Lib\site-packages\django\middleware\common.py first seen with mtime 1717559445.085168
File C:\Users\MARKtech\Desktop\django1\djangoapp\my_app\migrations\__init__.py first seen with mtime 1722858414.6326637
File C:\Users\MARKtech\Desktop\django1\djangoapp\my_app\migrations\__init__.py first seen with mtime 1722858414.6326637
File C:\Users\MARKtech\AppData\Local\Programs\Python\Python312\Lib\site-packages\django\contrib\contenttypes\migrations\0001_initial.py first seen with mtime 1717559427.9618993
File C:\Users\MARKtech\AppData\Local\Programs\Python\Python312\Lib\site-packages\django\contrib\contenttypes\migrations\0001_initial.py first seen with mtime 1717559427.9618993
File C:\Users\MARKtech\AppData\Local\Programs\Python\Python312\Lib\site-packages\django\contrib\contenttypes\migrations\0002_remove_content_type_name.py first seen with mtime 1717559427.9618993
File C:\Users\MARKtech\AppData\Local\Programs\Python\Python312\Lib\site-packages\django\contrib\contenttypes\migrations\0002_remove_content_type_name.py first seen with mtime 1717559427.9618993
File C:\Users\MARKtech\AppData\Local\Programs\Python\Python312\Lib\site-packages\django\contrib\sessions\migrations\__init__.py first seen with mtime 1717559440.534085
File C:\Users\MARKtech\AppData\Local\Programs\Python\Python312\Lib\site-packages\django\contrib\sessions\migrations\__init__.py first seen with mtime 1717559440.534085
File C:\Users\MARKtech\AppData\Local\Programs\Python\Python312\Lib\site-packages\django\contrib\auth\migrations\0007_alter_validators_add_error_messages.py first seen with mtime 1717559423.7015083
File C:\Users\MARKtech\AppData\Local\Programs\Python\Python312\Lib\site-packages\django\contrib\auth\migrations\0007_alter_validators_add_error_messages.py first seen with mtime 1717559423.7015083
File C:\Users\MARKtech\AppData\Local\Programs\Python\Python312\Lib\site-packages\django\contrib\admin\migrations\0002_logentry_remove_auto_add.py first seen with mtime 1717559417.7730713
File C:\Users\MARKtech\AppData\Local\Programs\Python\Python312\Lib\site-packages\django\contrib\admin\migrations\0002_logentry_remove_auto_add.py first seen with mtime 1717559417.7730713
File C:\Users\MARKtech\AppData\Local\Programs\Python\Python312\Lib\site-packages\django\contrib\auth\migrations\0003_alter_user_email_max_length.py first seen with mtime 1717559423.6702511
File C:\Users\MARKtech\AppData\Local\Programs\Python\Python312\Lib\site-packages\django\contrib\auth\migrations\0003_alter_user_email_max_length.py first seen with mtime 1717559423.6702511
File C:\Users\MARKtech\AppData\Local\Programs\Python\Python312\Lib\site-packages\django\db\migrations\graph.py first seen with mtime 1717559443.6535227
File C:\Users\MARKtech\AppData\Local\Programs\Python\Python312\Lib\site-packages\django\db\migrations\graph.py first seen with mtime 1717559443.6535227
File C:\Users\MARKtech\AppData\Local\Programs\Python\Python312\Lib\site-packages\django\middleware\clickjacking.py first seen with mtime 1717559445.0695603
File C:\Users\MARKtech\AppData\Local\Programs\Python\Python312\Lib\site-packages\django\middleware\clickjacking.py first seen with mtime 1717559445.0695603
File C:\Users\MARKtech\AppData\Local\Programs\Python\Python312\Lib\site-packages\django\template\context_processors.py first seen with mtime 1717559445.1914506
File C:\Users\MARKtech\AppData\Local\Programs\Python\Python312\Lib\site-packages\django\template\context_processors.py first seen with mtime 1717559445.1914506
File C:\Users\MARKtech\AppData\Local\Programs\Python\Python312\Lib\site-packages\django\conf\locale\en\formats.py first seen with mtime 1717559409.7025502
File C:\Users\MARKtech\AppData\Local\Programs\Python\Python312\Lib\site-packages\django\conf\locale\en\formats.py first seen with mtime 1717559409.7025502
File C:\Users\MARKtech\AppData\Local\Programs\Python\Python312\Lib\site-packages\django\conf\locale\en\__init__.py first seen with mtime 1717559409.7025502
File C:\Users\MARKtech\AppData\Local\Programs\Python\Python312\Lib\site-packages\django\conf\locale\en\__init__.py first seen with mtime 1717559409.7025502
File C:\Users\MARKtech\AppData\Local\Programs\Python\Python312\Lib\site-packages\django\contrib\auth\views.py first seen with mtime 1717559421.8017335
File C:\Users\MARKtech\AppData\Local\Programs\Python\Python312\Lib\site-packages\django\contrib\auth\views.py first seen with mtime 1717559421.8017335
File C:\Users\MARKtech\AppData\Local\Programs\Python\Python312\Lib\site-packages\django\contrib\sessions\serializers.py first seen with mtime 1717559439.0294101
File C:\Users\MARKtech\AppData\Local\Programs\Python\Python312\Lib\site-packages\django\contrib\sessions\serializers.py first seen with mtime 1717559439.0294101
File C:\Users\MARKtech\AppData\Local\Programs\Python\Python312\Lib\site-packages\django\contrib\messages\storage\fallback.py first seen with mtime 1717559434.9376664
File C:\Users\MARKtech\AppData\Local\Programs\Python\Python312\Lib\site-packages\django\contrib\messages\storage\fallback.py first seen with mtime 1717559434.9376664
File C:\Users\MARKtech\AppData\Local\Programs\Python\Python312\Lib\site-packages\django\contrib\messages\storage\cookie.py first seen with mtime 1717559434.9220262
File C:\Users\MARKtech\AppData\Local\Programs\Python\Python312\Lib\site-packages\django\contrib\messages\storage\cookie.py first seen with mtime 1717559434.9220262
File C:\Users\MARKtech\AppData\Local\Programs\Python\Python312\Lib\site-packages\django\contrib\auth\context_processors.py first seen with mtime 1717559421.7079852
File C:\Users\MARKtech\AppData\Local\Programs\Python\Python312\Lib\site-packages\django\contrib\auth\context_processors.py first seen with mtime 1717559421.7079852
File C:\Users\MARKtech\AppData\Local\Programs\Python\Python312\Lib\site-packages\django\contrib\messages\storage\session.py first seen with mtime 1717559434.9376664
File C:\Users\MARKtech\AppData\Local\Programs\Python\Python312\Lib\site-packages\django\contrib\messages\storage\session.py first seen with mtime 1717559434.9376664
File C:\Users\MARKtech\AppData\Local\Programs\Python\Python312\Lib\site-packages\django\contrib\messages\context_processors.py first seen with mtime 1717559434.8751545
File C:\Users\MARKtech\AppData\Local\Programs\Python\Python312\Lib\site-packages\django\contrib\messages\context_processors.py first seen with mtime 1717559434.8751545
File C:\Users\MARKtech\AppData\Local\Programs\Python\Python312\Lib\site-packages\django\contrib\staticfiles\storage.py first seen with mtime 1717559442.4770758
File C:\Users\MARKtech\AppData\Local\Programs\Python\Python312\Lib\site-packages\django\contrib\staticfiles\storage.py first seen with mtime 1717559442.4770758
"GET / HTTP/1.1" 200 14285
"GET / HTTP/1.1" 200 14285
"GET /static/displayLoader.js HTTP/1.1" 200 2134
"GET /static/displayLoader.js HTTP/1.1" 200 2134
"GET /static/loader_API.js HTTP/1.1" 200 2949
"GET /static/loader_API.js HTTP/1.1" 200 2949
"GET /static/style1.css HTTP/1.1" 200 2512
"GET /static/style1.css HTTP/1.1" 200 2512
"GET /static/bg.jpg HTTP/1.1" 200 1119607
"GET /static/bg.jpg HTTP/1.1" 200 1119607
(0.015) SET SESSION TRANSACTION ISOLATION LEVEL READ COMMITTED; args=None; alias=default
(0.015) SET SESSION TRANSACTION ISOLATION LEVEL READ COMMITTED; args=None; alias=default
(0.000) SELECT `my_app_customuser`.`id`, `my_app_customuser`.`password`, `my_app_customuser`.`last_login`, `my_app_customuser`.`is_superuser`, `my_app_customuser`.`username`, `my_app_customuser`.`email`, `my_app_customuser`.`is_active`, `my_app_customuser`.`is_staff` FROM `my_app_customuser` WHERE `my_app_customuser`.`email` = 'mark@gmail.com' LIMIT 21; args=('mark@gmail.com',); alias=default
(0.000) SELECT `my_app_customuser`.`id`, `my_app_customuser`.`password`, `my_app_customuser`.`last_login`, `my_app_customuser`.`is_superuser`, `my_app_customuser`.`username`, `my_app_customuser`.`email`, `my_app_customuser`.`is_active`, `my_app_customuser`.`is_staff` FROM `my_app_customuser` WHERE `my_app_customuser`.`email` = 'mark@gmail.com' LIMIT 21; args=('mark@gmail.com',); alias=default
(0.000) SELECT `my_app_customuser`.`id`, `my_app_customuser`.`password`, `my_app_customuser`.`last_login`, `my_app_customuser`.`is_superuser`, `my_app_customuser`.`username`, `my_app_customuser`.`email`, `my_app_customuser`.`is_active`, `my_app_customuser`.`is_staff` FROM `my_app_customuser` WHERE `my_app_customuser`.`email` = 'mark@gmail.com' LIMIT 21; args=('mark@gmail.com',); alias=default
(0.000) SELECT `my_app_customuser`.`id`, `my_app_customuser`.`password`, `my_app_customuser`.`last_login`, `my_app_customuser`.`is_superuser`, `my_app_customuser`.`username`, `my_app_customuser`.`email`, `my_app_customuser`.`is_active`, `my_app_customuser`.`is_staff` FROM `my_app_customuser` WHERE `my_app_customuser`.`email` = 'mark@gmail.com' LIMIT 21; args=('mark@gmail.com',); alias=default
(0.000) SELECT 1 AS `a` FROM `django_session` WHERE `django_session`.`session_key` = 'i6ms415j4yt6j7bc48ytroovr33jmfxf' LIMIT 1; args=(1, 'i6ms415j4yt6j7bc48ytroovr33jmfxf'); alias=default
(0.000) SELECT 1 AS `a` FROM `django_session` WHERE `django_session`.`session_key` = 'i6ms415j4yt6j7bc48ytroovr33jmfxf' LIMIT 1; args=(1, 'i6ms415j4yt6j7bc48ytroovr33jmfxf'); alias=default
(0.000) BEGIN; args=None; alias=default
(0.000) BEGIN; args=None; alias=default
(0.125) INSERT INTO `django_session` (`session_key`, `session_data`, `expire_date`) VALUES ('i6ms415j4yt6j7bc48ytroovr33jmfxf', 'e30:1sbKRS:77ya7Zk3Gv_MZ2_p8na0cG0FZQFauhQT-2mDzICLvK0', '2024-08-20 13:41:34.785185'); args=('i6ms415j4yt6j7bc48ytroovr33jmfxf', 'e30:1sbKRS:77ya7Zk3Gv_MZ2_p8na0cG0FZQFauhQT-2mDzICLvK0', '2024-08-20 13:41:34.785185'); alias=default
(0.125) INSERT INTO `django_session` (`session_key`, `session_data`, `expire_date`) VALUES ('i6ms415j4yt6j7bc48ytroovr33jmfxf', 'e30:1sbKRS:77ya7Zk3Gv_MZ2_p8na0cG0FZQFauhQT-2mDzICLvK0', '2024-08-20 13:41:34.785185'); args=('i6ms415j4yt6j7bc48ytroovr33jmfxf', 'e30:1sbKRS:77ya7Zk3Gv_MZ2_p8na0cG0FZQFauhQT-2mDzICLvK0', '2024-08-20 13:41:34.785185'); alias=default
(0.234) COMMIT; args=None; alias=default
(0.234) COMMIT; args=None; alias=default
(0.297) UPDATE `my_app_customuser` SET `last_login` = '2024-08-06 13:41:35.139434' WHERE `my_app_customuser`.`id` = 1; args=('2024-08-06 13:41:35.139434', 1); alias=default
(0.297) UPDATE `my_app_customuser` SET `last_login` = '2024-08-06 13:41:35.139434' WHERE `my_app_customuser`.`id` = 1; args=('2024-08-06 13:41:35.139434', 1); alias=default
(0.000) BEGIN; args=None; alias=default
(0.000) BEGIN; args=None; alias=default
(0.172) UPDATE `django_session` SET `session_data` = '.eJxVjDEOAiEQRe9CbQiCMGBp7xkIMwyyaiBZdivj3XWTLbT9773_EjGtS43r4DlOWZzFURx-N0z04LaBfE_t1iX1tswTyk2ROx3y2jM_L7v7d1DTqN-6UPCcnC6YEMgQgvNUtGJWOVhy2vgAKmvjjIJiNZ2YQvbKBQsOgcX7AwSWOB0:1sbKRT:OylIV4_DcPiuwNbcvtr-RV0Rlw9g7ORMfctMZNHEXMQ', `expire_date` = '2024-08-20 13:41:35.483883' WHERE `django_session`.`session_key` = 'i6ms415j4yt6j7bc48ytroovr33jmfxf'; args=('.eJxVjDEOAiEQRe9CbQiCMGBp7xkIMwyyaiBZdivj3XWTLbT9773_EjGtS43r4DlOWZzFURx-N0z04LaBfE_t1iX1tswTyk2ROx3y2jM_L7v7d1DTqN-6UPCcnC6YEMgQgvNUtGJWOVhy2vgAKmvjjIJiNZ2YQvbKBQsOgcX7AwSWOB0:1sbKRT:OylIV4_DcPiuwNbcvtr-RV0Rlw9g7ORMfctMZNHEXMQ', '2024-08-20 13:41:35.483883', 'i6ms415j4yt6j7bc48ytroovr33jmfxf'); alias=default
(0.172) UPDATE `django_session` SET `session_data` = '.eJxVjDEOAiEQRe9CbQiCMGBp7xkIMwyyaiBZdivj3XWTLbT9773_EjGtS43r4DlOWZzFURx-N0z04LaBfE_t1iX1tswTyk2ROx3y2jM_L7v7d1DTqN-6UPCcnC6YEMgQgvNUtGJWOVhy2vgAKmvjjIJiNZ2YQvbKBQsOgcX7AwSWOB0:1sbKRT:OylIV4_DcPiuwNbcvtr-RV0Rlw9g7ORMfctMZNHEXMQ', `expire_date` = '2024-08-20 13:41:35.483883' WHERE `django_session`.`session_key` = 'i6ms415j4yt6j7bc48ytroovr33jmfxf'; args=('.eJxVjDEOAiEQRe9CbQiCMGBp7xkIMwyyaiBZdivj3XWTLbT9773_EjGtS43r4DlOWZzFURx-N0z04LaBfE_t1iX1tswTyk2ROx3y2jM_L7v7d1DTqN-6UPCcnC6YEMgQgvNUtGJWOVhy2vgAKmvjjIJiNZ2YQvbKBQsOgcX7AwSWOB0:1sbKRT:OylIV4_DcPiuwNbcvtr-RV0Rlw9g7ORMfctMZNHEXMQ', '2024-08-20 13:41:35.483883', 'i6ms415j4yt6j7bc48ytroovr33jmfxf'); alias=default
(0.484) COMMIT; args=None; alias=default
(0.484) COMMIT; args=None; alias=default
"POST / HTTP/1.1" 302 0
"POST / HTTP/1.1" 302 0
(0.000) SET SESSION TRANSACTION ISOLATION LEVEL READ COMMITTED; args=None; alias=default
(0.000) SET SESSION TRANSACTION ISOLATION LEVEL READ COMMITTED; args=None; alias=default
(0.000) SELECT `django_session`.`session_key`, `django_session`.`session_data`, `django_session`.`expire_date` FROM `django_session` WHERE (`django_session`.`expire_date` > '2024-08-06 13:41:36.173335' AND `django_session`.`session_key` = 'i6ms415j4yt6j7bc48ytroovr33jmfxf') LIMIT 21; args=('2024-08-06 13:41:36.173335', 'i6ms415j4yt6j7bc48ytroovr33jmfxf'); alias=default
(0.000) SELECT `django_session`.`session_key`, `django_session`.`session_data`, `django_session`.`expire_date` FROM `django_session` WHERE (`django_session`.`expire_date` > '2024-08-06 13:41:36.173335' AND `django_session`.`session_key` = 'i6ms415j4yt6j7bc48ytroovr33jmfxf') LIMIT 21; args=('2024-08-06 13:41:36.173335', 'i6ms415j4yt6j7bc48ytroovr33jmfxf'); alias=default
(0.000) SELECT `my_app_customuser`.`id`, `my_app_customuser`.`password`, `my_app_customuser`.`last_login`, `my_app_customuser`.`is_superuser`, `my_app_customuser`.`username`, `my_app_customuser`.`email`, `my_app_customuser`.`is_active`, `my_app_customuser`.`is_staff` FROM `my_app_customuser` WHERE `my_app_customuser`.`id` = 1 LIMIT 21; args=(1,); alias=default
(0.000) SELECT `my_app_customuser`.`id`, `my_app_customuser`.`password`, `my_app_customuser`.`last_login`, `my_app_customuser`.`is_superuser`, `my_app_customuser`.`username`, `my_app_customuser`.`email`, `my_app_customuser`.`is_active`, `my_app_customuser`.`is_staff` FROM `my_app_customuser` WHERE `my_app_customuser`.`id` = 1 LIMIT 21; args=(1,); alias=default
(0.016) SELECT `my_app_school`.`id`, `my_app_school`.`name`, `my_app_school`.`acceptance_rate`, `my_app_school`.`country`, `my_app_school`.`website` FROM `my_app_school`; args=(); alias=default
(0.016) SELECT `my_app_school`.`id`, `my_app_school`.`name`, `my_app_school`.`acceptance_rate`, `my_app_school`.`country`, `my_app_school`.`website` FROM `my_app_school`; args=(); alias=default
"GET /user_page/ HTTP/1.1" 200 19924
"GET /user_page/ HTTP/1.1" 200 19924
(0.000) SET SESSION TRANSACTION ISOLATION LEVEL READ COMMITTED; args=None; alias=default
(0.000) SET SESSION TRANSACTION ISOLATION LEVEL READ COMMITTED; args=None; alias=default
(0.016) SELECT `django_session`.`session_key`, `django_session`.`session_data`, `django_session`.`expire_date` FROM `django_session` WHERE (`django_session`.`expire_date` > '2024-08-06 13:41:36.385653' AND `django_session`.`session_key` = 'i6ms415j4yt6j7bc48ytroovr33jmfxf') LIMIT 21; args=('2024-08-06 13:41:36.385653', 'i6ms415j4yt6j7bc48ytroovr33jmfxf'); alias=default
(0.016) SELECT `django_session`.`session_key`, `django_session`.`session_data`, `django_session`.`expire_date` FROM `django_session` WHERE (`django_session`.`expire_date` > '2024-08-06 13:41:36.385653' AND `django_session`.`session_key` = 'i6ms415j4yt6j7bc48ytroovr33jmfxf') LIMIT 21; args=('2024-08-06 13:41:36.385653', 'i6ms415j4yt6j7bc48ytroovr33jmfxf'); alias=default
(0.000) SELECT `my_app_customuser`.`id`, `my_app_customuser`.`password`, `my_app_customuser`.`last_login`, `my_app_customuser`.`is_superuser`, `my_app_customuser`.`username`, `my_app_customuser`.`email`, `my_app_customuser`.`is_active`, `my_app_customuser`.`is_staff` FROM `my_app_customuser` WHERE `my_app_customuser`.`id` = 1 LIMIT 21; args=(1,); alias=default
(0.000) SELECT `my_app_customuser`.`id`, `my_app_customuser`.`password`, `my_app_customuser`.`last_login`, `my_app_customuser`.`is_superuser`, `my_app_customuser`.`username`, `my_app_customuser`.`email`, `my_app_customuser`.`is_active`, `my_app_customuser`.`is_staff` FROM `my_app_customuser` WHERE `my_app_customuser`.`id` = 1 LIMIT 21; args=(1,); alias=default
(0.000) SELECT `my_app_savedschool`.`id`, `my_app_savedschool`.`user_id`, `my_app_savedschool`.`school_id`, `my_app_savedschool`.`saved_at` FROM `my_app_savedschool` WHERE `my_app_savedschool`.`user_id` = 1; args=(1,); alias=default
(0.000) SELECT `my_app_savedschool`.`id`, `my_app_savedschool`.`user_id`, `my_app_savedschool`.`school_id`, `my_app_savedschool`.`saved_at` FROM `my_app_savedschool` WHERE `my_app_savedschool`.`user_id` = 1; args=(1,); alias=default
"GET /api/saved_schools/ HTTP/1.1" 200 2
"GET /api/saved_schools/ HTTP/1.1" 200 2
(0.000) SET SESSION TRANSACTION ISOLATION LEVEL READ COMMITTED; args=None; alias=default
(0.000) SET SESSION TRANSACTION ISOLATION LEVEL READ COMMITTED; args=None; alias=default
(0.000) SELECT `django_session`.`session_key`, `django_session`.`session_data`, `django_session`.`expire_date` FROM `django_session` WHERE (`django_session`.`expire_date` > '2024-08-06 13:41:41.477466' AND `django_session`.`session_key` = 'i6ms415j4yt6j7bc48ytroovr33jmfxf') LIMIT 21; args=('2024-08-06 13:41:41.477466', 'i6ms415j4yt6j7bc48ytroovr33jmfxf'); alias=default
(0.000) SELECT `django_session`.`session_key`, `django_session`.`session_data`, `django_session`.`expire_date` FROM `django_session` WHERE (`django_session`.`expire_date` > '2024-08-06 13:41:41.477466' AND `django_session`.`session_key` = 'i6ms415j4yt6j7bc48ytroovr33jmfxf') LIMIT 21; args=('2024-08-06 13:41:41.477466', 'i6ms415j4yt6j7bc48ytroovr33jmfxf'); alias=default
(0.000) SELECT `my_app_customuser`.`id`, `my_app_customuser`.`password`, `my_app_customuser`.`last_login`, `my_app_customuser`.`is_superuser`, `my_app_customuser`.`username`, `my_app_customuser`.`email`, `my_app_customuser`.`is_active`, `my_app_customuser`.`is_staff` FROM `my_app_customuser` WHERE `my_app_customuser`.`id` = 1 LIMIT 21; args=(1,); alias=default
(0.000) SELECT `my_app_customuser`.`id`, `my_app_customuser`.`password`, `my_app_customuser`.`last_login`, `my_app_customuser`.`is_superuser`, `my_app_customuser`.`username`, `my_app_customuser`.`email`, `my_app_customuser`.`is_active`, `my_app_customuser`.`is_staff` FROM `my_app_customuser` WHERE `my_app_customuser`.`id` = 1 LIMIT 21; args=(1,); alias=default
(0.000) SELECT `my_app_school`.`id`, `my_app_school`.`name`, `my_app_school`.`acceptance_rate`, `my_app_school`.`country`, `my_app_school`.`website` FROM `my_app_school`; args=(); alias=default
(0.000) SELECT `my_app_school`.`id`, `my_app_school`.`name`, `my_app_school`.`acceptance_rate`, `my_app_school`.`country`, `my_app_school`.`website` FROM `my_app_school`; args=(); alias=default
"GET /user_page/ HTTP/1.1" 200 19924
"GET /user_page/ HTTP/1.1" 200 19924
(0.000) SET SESSION TRANSACTION ISOLATION LEVEL READ COMMITTED; args=None; alias=default
(0.000) SET SESSION TRANSACTION ISOLATION LEVEL READ COMMITTED; args=None; alias=default
(0.000) SELECT `django_session`.`session_key`, `django_session`.`session_data`, `django_session`.`expire_date` FROM `django_session` WHERE (`django_session`.`expire_date` > '2024-08-06 13:41:41.674164' AND `django_session`.`session_key` = 'i6ms415j4yt6j7bc48ytroovr33jmfxf') LIMIT 21; args=('2024-08-06 13:41:41.674164', 'i6ms415j4yt6j7bc48ytroovr33jmfxf'); alias=default
(0.000) SELECT `django_session`.`session_key`, `django_session`.`session_data`, `django_session`.`expire_date` FROM `django_session` WHERE (`django_session`.`expire_date` > '2024-08-06 13:41:41.674164' AND `django_session`.`session_key` = 'i6ms415j4yt6j7bc48ytroovr33jmfxf') LIMIT 21; args=('2024-08-06 13:41:41.674164', 'i6ms415j4yt6j7bc48ytroovr33jmfxf'); alias=default
(0.000) SELECT `my_app_customuser`.`id`, `my_app_customuser`.`password`, `my_app_customuser`.`last_login`, `my_app_customuser`.`is_superuser`, `my_app_customuser`.`username`, `my_app_customuser`.`email`, `my_app_customuser`.`is_active`, `my_app_customuser`.`is_staff` FROM `my_app_customuser` WHERE `my_app_customuser`.`id` = 1 LIMIT 21; args=(1,); alias=default
(0.000) SELECT `my_app_customuser`.`id`, `my_app_customuser`.`password`, `my_app_customuser`.`last_login`, `my_app_customuser`.`is_superuser`, `my_app_customuser`.`username`, `my_app_customuser`.`email`, `my_app_customuser`.`is_active`, `my_app_customuser`.`is_staff` FROM `my_app_customuser` WHERE `my_app_customuser`.`id` = 1 LIMIT 21; args=(1,); alias=default
(0.000) SELECT `my_app_savedschool`.`id`, `my_app_savedschool`.`user_id`, `my_app_savedschool`.`school_id`, `my_app_savedschool`.`saved_at` FROM `my_app_savedschool` WHERE `my_app_savedschool`.`user_id` = 1; args=(1,); alias=default
(0.000) SELECT `my_app_savedschool`.`id`, `my_app_savedschool`.`user_id`, `my_app_savedschool`.`school_id`, `my_app_savedschool`.`saved_at` FROM `my_app_savedschool` WHERE `my_app_savedschool`.`user_id` = 1; args=(1,); alias=default
"GET /api/saved_schools/ HTTP/1.1" 200 2
"GET /api/saved_schools/ HTTP/1.1" 200 2
(0.000) SET SESSION TRANSACTION ISOLATION LEVEL READ COMMITTED; args=None; alias=default
(0.000) SET SESSION TRANSACTION ISOLATION LEVEL READ COMMITTED; args=None; alias=default
(0.000) SELECT `my_app_school`.`id`, `my_app_school`.`name`, `my_app_school`.`acceptance_rate`, `my_app_school`.`country`, `my_app_school`.`website` FROM `my_app_school`; args=(); alias=default
(0.000) SELECT `my_app_school`.`id`, `my_app_school`.`name`, `my_app_school`.`acceptance_rate`, `my_app_school`.`country`, `my_app_school`.`website` FROM `my_app_school`; args=(); alias=default
"GET /api/schools/ HTTP/1.1" 200 4153
"GET /api/schools/ HTTP/1.1" 200 4153
(0.000) SET SESSION TRANSACTION ISOLATION LEVEL READ COMMITTED; args=None; alias=default
(0.000) SET SESSION TRANSACTION ISOLATION LEVEL READ COMMITTED; args=None; alias=default
(0.000) SELECT `django_session`.`session_key`, `django_session`.`session_data`, `django_session`.`expire_date` FROM `django_session` WHERE (`django_session`.`expire_date` > '2024-08-06 13:42:29.955754' AND `django_session`.`session_key` = 'i6ms415j4yt6j7bc48ytroovr33jmfxf') LIMIT 21; args=('2024-08-06 13:42:29.955754', 'i6ms415j4yt6j7bc48ytroovr33jmfxf'); alias=default
(0.000) SELECT `django_session`.`session_key`, `django_session`.`session_data`, `django_session`.`expire_date` FROM `django_session` WHERE (`django_session`.`expire_date` > '2024-08-06 13:42:29.955754' AND `django_session`.`session_key` = 'i6ms415j4yt6j7bc48ytroovr33jmfxf') LIMIT 21; args=('2024-08-06 13:42:29.955754', 'i6ms415j4yt6j7bc48ytroovr33jmfxf'); alias=default
(0.000) SELECT `my_app_customuser`.`id`, `my_app_customuser`.`password`, `my_app_customuser`.`last_login`, `my_app_customuser`.`is_superuser`, `my_app_customuser`.`username`, `my_app_customuser`.`email`, `my_app_customuser`.`is_active`, `my_app_customuser`.`is_staff` FROM `my_app_customuser` WHERE `my_app_customuser`.`id` = 1 LIMIT 21; args=(1,); alias=default
(0.000) SELECT `my_app_customuser`.`id`, `my_app_customuser`.`password`, `my_app_customuser`.`last_login`, `my_app_customuser`.`is_superuser`, `my_app_customuser`.`username`, `my_app_customuser`.`email`, `my_app_customuser`.`is_active`, `my_app_customuser`.`is_staff` FROM `my_app_customuser` WHERE `my_app_customuser`.`id` = 1 LIMIT 21; args=(1,); alias=default
(0.000) SELECT `my_app_school`.`id`, `my_app_school`.`name`, `my_app_school`.`acceptance_rate`, `my_app_school`.`country`, `my_app_school`.`website` FROM `my_app_school` WHERE `my_app_school`.`id` = 7 LIMIT 21; args=(7,); alias=default
(0.000) SELECT `my_app_school`.`id`, `my_app_school`.`name`, `my_app_school`.`acceptance_rate`, `my_app_school`.`country`, `my_app_school`.`website` FROM `my_app_school` WHERE `my_app_school`.`id` = 7 LIMIT 21; args=(7,); alias=default
Exception: 'CustomUser' object has no attribute 'saved_schools'
Internal Server Error: /save_school/
Internal Server Error: /save_school/
"POST /save_school/ HTTP/1.1" 500 65
"POST /save_school/ HTTP/1.1" 500 65
(0.000) SET SESSION TRANSACTION ISOLATION LEVEL READ COMMITTED; args=None; alias=default
(0.000) SET SESSION TRANSACTION ISOLATION LEVEL READ COMMITTED; args=None; alias=default
(0.016) SELECT `django_session`.`session_key`, `django_session`.`session_data`, `django_session`.`expire_date` FROM `django_session` WHERE (`django_session`.`expire_date` > '2024-08-06 13:42:29.999304' AND `django_session`.`session_key` = 'i6ms415j4yt6j7bc48ytroovr33jmfxf') LIMIT 21; args=('2024-08-06 13:42:29.999304', 'i6ms415j4yt6j7bc48ytroovr33jmfxf'); alias=default
(0.016) SELECT `django_session`.`session_key`, `django_session`.`session_data`, `django_session`.`expire_date` FROM `django_session` WHERE (`django_session`.`expire_date` > '2024-08-06 13:42:29.999304' AND `django_session`.`session_key` = 'i6ms415j4yt6j7bc48ytroovr33jmfxf') LIMIT 21; args=('2024-08-06 13:42:29.999304', 'i6ms415j4yt6j7bc48ytroovr33jmfxf'); alias=default
(0.000) SELECT `my_app_customuser`.`id`, `my_app_customuser`.`password`, `my_app_customuser`.`last_login`, `my_app_customuser`.`is_superuser`, `my_app_customuser`.`username`, `my_app_customuser`.`email`, `my_app_customuser`.`is_active`, `my_app_customuser`.`is_staff` FROM `my_app_customuser` WHERE `my_app_customuser`.`id` = 1 LIMIT 21; args=(1,); alias=default
(0.000) SELECT `my_app_customuser`.`id`, `my_app_customuser`.`password`, `my_app_customuser`.`last_login`, `my_app_customuser`.`is_superuser`, `my_app_customuser`.`username`, `my_app_customuser`.`email`, `my_app_customuser`.`is_active`, `my_app_customuser`.`is_staff` FROM `my_app_customuser` WHERE `my_app_customuser`.`id` = 1 LIMIT 21; args=(1,); alias=default
(0.000) SELECT `my_app_savedschool`.`id`, `my_app_savedschool`.`user_id`, `my_app_savedschool`.`school_id`, `my_app_savedschool`.`saved_at` FROM `my_app_savedschool` WHERE `my_app_savedschool`.`user_id` = 1; args=(1,); alias=default
(0.000) SELECT `my_app_savedschool`.`id`, `my_app_savedschool`.`user_id`, `my_app_savedschool`.`school_id`, `my_app_savedschool`.`saved_at` FROM `my_app_savedschool` WHERE `my_app_savedschool`.`user_id` = 1; args=(1,); alias=default
"GET /api/saved_schools/ HTTP/1.1" 200 2
"GET /api/saved_schools/ HTTP/1.1" 200 2
Invalid request method
Method Not Allowed: /save_school/
Method Not Allowed: /save_school/
"GET /save_school/ HTTP/1.1" 405 35
"GET /save_school/ HTTP/1.1" 405 35
(0.000) SET SESSION TRANSACTION ISOLATION LEVEL READ COMMITTED; args=None; alias=default
(0.000) SET SESSION TRANSACTION ISOLATION LEVEL READ COMMITTED; args=None; alias=default
(0.000) SELECT `django_session`.`session_key`, `django_session`.`session_data`, `django_session`.`expire_date` FROM `django_session` WHERE (`django_session`.`expire_date` > '2024-08-06 13:44:15.307744' AND `django_session`.`session_key` = 'i6ms415j4yt6j7bc48ytroovr33jmfxf') LIMIT 21; args=('2024-08-06 13:44:15.307744', 'i6ms415j4yt6j7bc48ytroovr33jmfxf'); alias=default
(0.000) SELECT `django_session`.`session_key`, `django_session`.`session_data`, `django_session`.`expire_date` FROM `django_session` WHERE (`django_session`.`expire_date` > '2024-08-06 13:44:15.307744' AND `django_session`.`session_key` = 'i6ms415j4yt6j7bc48ytroovr33jmfxf') LIMIT 21; args=('2024-08-06 13:44:15.307744', 'i6ms415j4yt6j7bc48ytroovr33jmfxf'); alias=default
(0.000) SELECT `my_app_customuser`.`id`, `my_app_customuser`.`password`, `my_app_customuser`.`last_login`, `my_app_customuser`.`is_superuser`, `my_app_customuser`.`username`, `my_app_customuser`.`email`, `my_app_customuser`.`is_active`, `my_app_customuser`.`is_staff` FROM `my_app_customuser` WHERE `my_app_customuser`.`id` = 1 LIMIT 21; args=(1,); alias=default
(0.000) SELECT `my_app_customuser`.`id`, `my_app_customuser`.`password`, `my_app_customuser`.`last_login`, `my_app_customuser`.`is_superuser`, `my_app_customuser`.`username`, `my_app_customuser`.`email`, `my_app_customuser`.`is_active`, `my_app_customuser`.`is_staff` FROM `my_app_customuser` WHERE `my_app_customuser`.`id` = 1 LIMIT 21; args=(1,); alias=default
(0.000) SELECT `my_app_school`.`id`, `my_app_school`.`name`, `my_app_school`.`acceptance_rate`, `my_app_school`.`country`, `my_app_school`.`website` FROM `my_app_school` WHERE `my_app_school`.`id` = 8 LIMIT 21; args=(8,); alias=default
(0.000) SELECT `my_app_school`.`id`, `my_app_school`.`name`, `my_app_school`.`acceptance_rate`, `my_app_school`.`country`, `my_app_school`.`website` FROM `my_app_school` WHERE `my_app_school`.`id` = 8 LIMIT 21; args=(8,); alias=default
Exception: 'CustomUser' object has no attribute 'saved_schools'
Internal Server Error: /save_school/
Internal Server Error: /save_school/
"POST /save_school/ HTTP/1.1" 500 65
"POST /save_school/ HTTP/1.1" 500 65
(0.000) SET SESSION TRANSACTION ISOLATION LEVEL READ COMMITTED; args=None; alias=default
(0.000) SET SESSION TRANSACTION ISOLATION LEVEL READ COMMITTED; args=None; alias=default
(0.000) SELECT `django_session`.`session_key`, `django_session`.`session_data`, `django_session`.`expire_date` FROM `django_session` WHERE (`django_session`.`expire_date` > '2024-08-06 13:44:15.424363' AND `django_session`.`session_key` = 'i6ms415j4yt6j7bc48ytroovr33jmfxf') LIMIT 21; args=('2024-08-06 13:44:15.424363', 'i6ms415j4yt6j7bc48ytroovr33jmfxf'); alias=default
(0.000) SELECT `django_session`.`session_key`, `django_session`.`session_data`, `django_session`.`expire_date` FROM `django_session` WHERE (`django_session`.`expire_date` > '2024-08-06 13:44:15.424363' AND `django_session`.`session_key` = 'i6ms415j4yt6j7bc48ytroovr33jmfxf') LIMIT 21; args=('2024-08-06 13:44:15.424363', 'i6ms415j4yt6j7bc48ytroovr33jmfxf'); alias=default
(0.000) SELECT `my_app_customuser`.`id`, `my_app_customuser`.`password`, `my_app_customuser`.`last_login`, `my_app_customuser`.`is_superuser`, `my_app_customuser`.`username`, `my_app_customuser`.`email`, `my_app_customuser`.`is_active`, `my_app_customuser`.`is_staff` FROM `my_app_customuser` WHERE `my_app_customuser`.`id` = 1 LIMIT 21; args=(1,); alias=default
(0.000) SELECT `my_app_customuser`.`id`, `my_app_customuser`.`password`, `my_app_customuser`.`last_login`, `my_app_customuser`.`is_superuser`, `my_app_customuser`.`username`, `my_app_customuser`.`email`, `my_app_customuser`.`is_active`, `my_app_customuser`.`is_staff` FROM `my_app_customuser` WHERE `my_app_customuser`.`id` = 1 LIMIT 21; args=(1,); alias=default
(0.000) SELECT `my_app_savedschool`.`id`, `my_app_savedschool`.`user_id`, `my_app_savedschool`.`school_id`, `my_app_savedschool`.`saved_at` FROM `my_app_savedschool` WHERE `my_app_savedschool`.`user_id` = 1; args=(1,); alias=default
(0.000) SELECT `my_app_savedschool`.`id`, `my_app_savedschool`.`user_id`, `my_app_savedschool`.`school_id`, `my_app_savedschool`.`saved_at` FROM `my_app_savedschool` WHERE `my_app_savedschool`.`user_id` = 1; args=(1,); alias=default
"GET /api/saved_schools/ HTTP/1.1" 200 2
"GET /api/saved_schools/ HTTP/1.1" 200 2
(0.000) SET SESSION TRANSACTION ISOLATION LEVEL READ COMMITTED; args=None; alias=default
(0.000) SET SESSION TRANSACTION ISOLATION LEVEL READ COMMITTED; args=None; alias=default
(0.016) SELECT `django_session`.`session_key`, `django_session`.`session_data`, `django_session`.`expire_date` FROM `django_session` WHERE (`django_session`.`expire_date` > '2024-08-06 13:44:21.376656' AND `django_session`.`session_key` = 'i6ms415j4yt6j7bc48ytroovr33jmfxf') LIMIT 21; args=('2024-08-06 13:44:21.376656', 'i6ms415j4yt6j7bc48ytroovr33jmfxf'); alias=default
(0.016) SELECT `django_session`.`session_key`, `django_session`.`session_data`, `django_session`.`expire_date` FROM `django_session` WHERE (`django_session`.`expire_date` > '2024-08-06 13:44:21.376656' AND `django_session`.`session_key` = 'i6ms415j4yt6j7bc48ytroovr33jmfxf') LIMIT 21; args=('2024-08-06 13:44:21.376656', 'i6ms415j4yt6j7bc48ytroovr33jmfxf'); alias=default
(0.000) SELECT `my_app_customuser`.`id`, `my_app_customuser`.`password`, `my_app_customuser`.`last_login`, `my_app_customuser`.`is_superuser`, `my_app_customuser`.`username`, `my_app_customuser`.`email`, `my_app_customuser`.`is_active`, `my_app_customuser`.`is_staff` FROM `my_app_customuser` WHERE `my_app_customuser`.`id` = 1 LIMIT 21; args=(1,); alias=default
(0.000) SELECT `my_app_customuser`.`id`, `my_app_customuser`.`password`, `my_app_customuser`.`last_login`, `my_app_customuser`.`is_superuser`, `my_app_customuser`.`username`, `my_app_customuser`.`email`, `my_app_customuser`.`is_active`, `my_app_customuser`.`is_staff` FROM `my_app_customuser` WHERE `my_app_customuser`.`id` = 1 LIMIT 21; args=(1,); alias=default
(0.000) SELECT `my_app_school`.`id`, `my_app_school`.`name`, `my_app_school`.`acceptance_rate`, `my_app_school`.`country`, `my_app_school`.`website` FROM `my_app_school` WHERE `my_app_school`.`id` = 11 LIMIT 21; args=(11,); alias=default
(0.000) SELECT `my_app_school`.`id`, `my_app_school`.`name`, `my_app_school`.`acceptance_rate`, `my_app_school`.`country`, `my_app_school`.`website` FROM `my_app_school` WHERE `my_app_school`.`id` = 11 LIMIT 21; args=(11,); alias=default
Exception: 'CustomUser' object has no attribute 'saved_schools'
Internal Server Error: /save_school/
Internal Server Error: /save_school/
"POST /save_school/ HTTP/1.1" 500 65
"POST /save_school/ HTTP/1.1" 500 65
(0.000) SET SESSION TRANSACTION ISOLATION LEVEL READ COMMITTED; args=None; alias=default
(0.000) SET SESSION TRANSACTION ISOLATION LEVEL READ COMMITTED; args=None; alias=default
(0.000) SELECT `django_session`.`session_key`, `django_session`.`session_data`, `django_session`.`expire_date` FROM `django_session` WHERE (`django_session`.`expire_date` > '2024-08-06 13:44:21.454763' AND `django_session`.`session_key` = 'i6ms415j4yt6j7bc48ytroovr33jmfxf') LIMIT 21; args=('2024-08-06 13:44:21.454763', 'i6ms415j4yt6j7bc48ytroovr33jmfxf'); alias=default
(0.000) SELECT `django_session`.`session_key`, `django_session`.`session_data`, `django_session`.`expire_date` FROM `django_session` WHERE (`django_session`.`expire_date` > '2024-08-06 13:44:21.454763' AND `django_session`.`session_key` = 'i6ms415j4yt6j7bc48ytroovr33jmfxf') LIMIT 21; args=('2024-08-06 13:44:21.454763', 'i6ms415j4yt6j7bc48ytroovr33jmfxf'); alias=default
(0.000) SELECT `my_app_customuser`.`id`, `my_app_customuser`.`password`, `my_app_customuser`.`last_login`, `my_app_customuser`.`is_superuser`, `my_app_customuser`.`username`, `my_app_customuser`.`email`, `my_app_customuser`.`is_active`, `my_app_customuser`.`is_staff` FROM `my_app_customuser` WHERE `my_app_customuser`.`id` = 1 LIMIT 21; args=(1,); alias=default
(0.000) SELECT `my_app_customuser`.`id`, `my_app_customuser`.`password`, `my_app_customuser`.`last_login`, `my_app_customuser`.`is_superuser`, `my_app_customuser`.`username`, `my_app_customuser`.`email`, `my_app_customuser`.`is_active`, `my_app_customuser`.`is_staff` FROM `my_app_customuser` WHERE `my_app_customuser`.`id` = 1 LIMIT 21; args=(1,); alias=default
(0.016) SELECT `my_app_savedschool`.`id`, `my_app_savedschool`.`user_id`, `my_app_savedschool`.`school_id`, `my_app_savedschool`.`saved_at` FROM `my_app_savedschool` WHERE `my_app_savedschool`.`user_id` = 1; args=(1,); alias=default
(0.016) SELECT `my_app_savedschool`.`id`, `my_app_savedschool`.`user_id`, `my_app_savedschool`.`school_id`, `my_app_savedschool`.`saved_at` FROM `my_app_savedschool` WHERE `my_app_savedschool`.`user_id` = 1; args=(1,); alias=default
"GET /api/saved_schools/ HTTP/1.1" 200 2
"GET /api/saved_schools/ HTTP/1.1" 200 2
File C:\Users\MARKtech\Desktop\django1\djangoapp\my_project\settings.py previous mtime: 1722951274.434304, current mtime: 1722952134.7890177
File C:\Users\MARKtech\Desktop\django1\djangoapp\my_project\settings.py previous mtime: 1722951274.434304, current mtime: 1722952134.7890177
C:\Users\MARKtech\Desktop\django1\djangoapp\my_project\settings.py notified as changed. Signal results: [(<function template_changed at 0x000001DC703087C0>, None), (<function translation_file_changed at 0x000001DC713C8CC0>, None)].
C:\Users\MARKtech\Desktop\django1\djangoapp\my_project\settings.py notified as changed. Signal results: [(<function template_changed at 0x000001DC703087C0>, None), (<function translation_file_changed at 0x000001DC713C8CC0>, None)].
C:\Users\MARKtech\Desktop\django1\djangoapp\my_project\settings.py changed, reloading.
C:\Users\MARKtech\Desktop\django1\djangoapp\my_project\settings.py changed, reloading.
